Date,Adaptive Barbell Strategy,Fixed India 10 Portfolio,Nifty 50
2016-10-28,,,
2016-11-01,,,
2016-11-02,,,
2016-11-03,,,
2016-11-04,,,
2016-11-07,,,
2016-11-08,,,
2016-11-09,,,
2016-11-10,,,
2016-11-11,,,
2016-11-15,,,
2016-11-16,,,
2016-11-17,,,
2016-11-18,,,
2016-11-21,,,
2016-11-22,,,
2016-11-23,,,
2016-11-24,,,
2016-11-25,,,
2016-11-28,,,
2016-11-29,,,
2016-11-30,,,
2016-12-01,,,
2016-12-02,,,
2016-12-05,,,
2016-12-06,,,
2016-12-07,,,
2016-12-08,,,
2016-12-09,,,
2016-12-12,,,
2016-12-13,,,
2016-12-14,,,
2016-12-15,,,
2016-12-16,,,
2016-12-19,,,
2016-12-20,,,
2016-12-21,,,
2016-12-22,,,
2016-12-23,,,
2016-12-26,,,
2016-12-27,,,
2016-12-28,,,
2016-12-29,,,
2016-12-30,,,
2017-01-02,,,
2017-01-03,,,
2017-01-04,,,
2017-01-05,,,
2017-01-06,,,
2017-01-09,,,
2017-01-10,,,
2017-01-11,,,
2017-01-12,,,
2017-01-13,,,
2017-01-16,,,
2017-01-17,,,
2017-01-18,,,
2017-01-19,,,
2017-01-20,,,
2017-01-23,,,
2017-01-24,,,
2017-01-25,,,
2017-01-27,,,
2017-01-30,,,
2017-01-31,,,
2017-02-01,,,
2017-02-02,,,
2017-02-03,,,
2017-02-06,,,
2017-02-07,,,
2017-02-08,,,
2017-02-09,,,
2017-02-10,,,
2017-02-13,,,
2017-02-14,,,
2017-02-15,,,
2017-02-16,,,
2017-02-17,,,
2017-02-20,,,
2017-02-21,,,
2017-02-22,,,
2017-02-23,,,
2017-02-27,,,
2017-02-28,,,
2017-03-01,,,
2017-03-02,,,
2017-03-03,,,
2017-03-06,,,
2017-03-07,,,
2017-03-08,,,
2017-03-09,,,
2017-03-10,,,
2017-03-14,,,
2017-03-15,,,
2017-03-16,,,
2017-03-17,,,
2017-03-20,,,
2017-03-21,,,
2017-03-22,,,
2017-03-23,,,
2017-03-24,,,
2017-03-27,,,
2017-03-28,,,
2017-03-29,,,
2017-03-30,,,
2017-03-31,,,
2017-04-03,,,
2017-04-05,,,
2017-04-06,,,
2017-04-07,,,
2017-04-10,,,
2017-04-11,,,
2017-04-12,,,
2017-04-13,,,
2017-04-17,,,
2017-04-18,,,
2017-04-19,,,
2017-04-20,,,
2017-04-21,,,
2017-04-24,,,
2017-04-25,,,
2017-04-26,,,
2017-04-27,,,
2017-04-28,,,
2017-05-02,,,
2017-05-03,,,
2017-05-04,,,
2017-05-05,,,
2017-05-08,,,
2017-05-09,,,
2017-05-10,,,
2017-05-11,,,
2017-05-12,,,
2017-05-15,,,
2017-05-16,,,
2017-05-17,,,
2017-05-18,,,
2017-05-19,,,
2017-05-22,,,
2017-05-23,,,
2017-05-24,,,
2017-05-25,,,
2017-05-26,,,
2017-05-29,,,
2017-05-30,,,
2017-05-31,,,
2017-06-01,,,
2017-06-02,,,
2017-06-05,,,
2017-06-06,,,
2017-06-07,,,
2017-06-08,,,
2017-06-09,,,
2017-06-12,,,
2017-06-13,,,
2017-06-14,,,
2017-06-15,,,
2017-06-16,,,
2017-06-19,,,
2017-06-20,,,
2017-06-21,,,
2017-06-22,,,
2017-06-23,,,
2017-06-27,,,
2017-06-28,,,
2017-06-29,,,
2017-06-30,,,
2017-07-03,,,
2017-07-04,,,
2017-07-05,,,
2017-07-06,,,
2017-07-07,,,
2017-07-10,,,
2017-07-11,,,
2017-07-12,,,
2017-07-13,,,
2017-07-14,,,
2017-07-17,,,
2017-07-18,,,
2017-07-19,,,
2017-07-20,,,
2017-07-21,,,
2017-07-24,,,
2017-07-25,,,
2017-07-26,,,
2017-07-27,,,
2017-07-28,,,
2017-07-31,,,
2017-08-01,,,
2017-08-02,,,
2017-08-03,,,
2017-08-04,,,
2017-08-07,,,
2017-08-08,,,
2017-08-09,,,
2017-08-10,,,
2017-08-11,,,
2017-08-14,,,
2017-08-16,,,
2017-08-17,,,
2017-08-18,,,
2017-08-21,,,
2017-08-22,,,
2017-08-23,,,
2017-08-24,,,
2017-08-28,,,
2017-08-29,,,
2017-08-30,,,
2017-08-31,,,
2017-09-01,,,
2017-09-04,,,
2017-09-05,,,
2017-09-06,,,
2017-09-07,,,
2017-09-08,,,
2017-09-11,,,
2017-09-12,,,
2017-09-13,,,
2017-09-14,,,
2017-09-15,,,
2017-09-18,,,
2017-09-19,,,
2017-09-20,,,
2017-09-21,,,
2017-09-22,,,
2017-09-25,,,
2017-09-26,,,
2017-09-27,,,
2017-09-28,,,
2017-09-29,,,
2017-10-03,,,
2017-10-04,,,
2017-10-05,,,
2017-10-06,,,
2017-10-09,,,
2017-10-10,,,
2017-10-11,,,
2017-10-12,,,
2017-10-13,,,
2017-10-16,,,
2017-10-17,,,
2017-10-18,,,
2017-10-19,,,
2017-10-23,,,
2017-10-24,,,
2017-10-25,,,
2017-10-26,,,
2017-10-27,,,
2017-10-30,,,
2017-10-31,,,
2017-11-01,,,
2017-11-02,,,
2017-11-03,0.11217090911230847,0.11524469017550872,0.10477250791981148
2017-11-06,0.11213556706001261,0.11521551999574049,0.10475398111311916
2017-11-07,0.11207415700183701,0.11535186662286318,0.10437021069218304
2017-11-08,0.11208376071637435,0.11536414633346233,0.10442201298383813
2017-11-09,0.11132507232874524,0.11471709983674261,0.10419716228575483
2017-11-10,0.11132142171312007,0.11478927294158586,0.10398162106433452
2017-11-13,0.11131638243217927,0.1149421089172906,0.10437049165720595
2017-11-14,0.1111316106190958,0.11469640630241214,0.1035475496107314
2017-11-15,0.11069777156630384,0.11429714389269997,0.10329489297143798
2017-11-16,0.10845950777738424,0.11207071312824657,0.09988865995235245
2017-11-17,0.10834949790889575,0.11202391673364409,0.09723837032657764
2017-11-20,0.10826401521620871,0.11187663456182191,0.09723799592305155
2017-11-21,0.10836016281987705,0.11191845303941572,0.09713080174053436
2017-11-22,0.10833029339135965,0.11193291272785853,0.09711675117715221
2017-11-23,0.1070004013182713,0.11066968530013473,0.0952339684038486
2017-11-24,0.10689659192756466,0.11055162251521616,0.09492598225591911
2017-11-27,0.10691419340759793,0.11056057335820449,0.09488381332055408
2017-11-28,0.1067894715965002,0.11049189959955932,0.09448541846356623
2017-11-29,0.10570311605422873,0.10943410002236517,0.09283406887797187
2017-11-30,0.105706449303314,0.1092716427802985,0.09388063328561287
2017-12-01,0.10682644729984116,0.11042296004729586,0.09453790096102076
2017-12-04,0.1064952531671674,0.1101999988691788,0.09408274652778179
2017-12-05,0.10625370262456997,0.10983282260034351,0.09398229279678669
2017-12-06,0.10597678020294815,0.10964410113869472,0.09331896828388929
2017-12-07,0.10557137400383239,0.10948559413228429,0.09390650844359476
2017-12-08,0.1058501287646962,0.10977525333053993,0.09431679312474704
2017-12-11,0.10554140570591435,0.10935183960177908,0.09423526278085227
2017-12-12,0.10525596769160389,0.10898502549826887,0.0931194370506306
2017-12-13,0.1053794016341922,0.10910619322084268,0.09327599677653219
2017-12-14,0.10517777122961487,0.10889321720671506,0.09264281873809906
2017-12-15,0.10528451580722037,0.10900324459892709,0.09275444017800193
2017-12-18,0.10438218664016079,0.10830789683961438,0.09268271979134272
2017-12-19,0.10456966501698163,0.10851132154367665,0.09277930312761201
2017-12-20,0.10457848759256605,0.10850335426445874,0.0927817262133393
2017-12-21,0.10443092747491575,0.1083488434391142,0.09263850741825083
2017-12-22,0.10453440385151924,0.10844829361099584,0.09264958349682195
2017-12-26,0.10443191358408915,0.10835599027407053,0.09261306836565202
2017-12-27,0.10359469869088764,0.10752813513161565,0.0920541357102016
2017-12-28,0.10354161276999475,0.10751374590352569,0.09208320041720086
2017-12-29,0.10345780474128075,0.10734637217991624,0.09152575569925288
2018-01-01,0.10330118154904301,0.10715574253611648,0.09035065766602401
2018-01-02,0.10339963263220232,0.10726959244325335,0.09084463405761906
2018-01-03,0.10336250552030457,0.10724730160308639,0.09053684408690993
2018-01-04,0.10334327226566349,0.10714451531242045,0.090206423748505
2018-01-05,0.10409522881814917,0.10776525019981252,0.09028339536185048
2018-01-08,0.10410096548366042,0.10774673818400687,0.09042602542903046
2018-01-09,0.10428411542832794,0.10793514634380609,0.09041739403190344
2018-01-10,0.10424407317165689,0.10779838875499002,0.08996493238947936
2018-01-11,0.10415564286894645,0.10757843205164912,0.08984755369259381
2018-01-12,0.10426493401875954,0.10767089191280606,0.08984334829710763
2018-01-15,0.10417155519049948,0.10746476491838955,0.08980254433144276
2018-01-16,0.10409316940473391,0.10718736266143475,0.08936339458435566
2018-01-17,0.10410176034655264,0.10715858450583822,0.08963072491780304
2018-01-18,0.10413548043582108,0.10723168570474424,0.0896267900953032
2018-01-19,0.10420668521471849,0.10729869146375925,0.08983738979494785
2018-01-22,0.1043364000445359,0.10734878571927921,0.08996220222285688
2018-01-23,0.10431703093778752,0.10731698220015749,0.09046980767936423
2018-01-24,0.10445839252466285,0.10761662084739332,0.09046821491756546
2018-01-25,0.10426150131779004,0.10725956802621454,0.08979647461071012
2018-01-29,0.10435595681162547,0.1072933153404416,0.08981678077216877
2018-01-30,0.10253154469650975,0.10436342852701007,0.089760221900368
2018-01-31,0.102841720894214,0.10467371193455578,0.08871801825604407
2018-02-01,0.10285409238250419,0.10469475466145534,0.08867125626137691
2018-02-02,0.10461111197260768,0.10649375459772886,0.09190682006647563
2018-02-05,0.10508157765287508,0.10644933413486664,0.09195440258847286
2018-02-06,0.10542286971539905,0.10680950345606632,0.09182597600394543
2018-02-07,0.10566367138829783,0.10689916600183422,0.0918595663637931
2018-02-08,0.1063518373416268,0.10754308030293139,0.09228207692484117
2018-02-09,0.10655961629328388,0.10772590026056947,0.09289302117990832
2018-02-12,0.10702566080445806,0.10809715811105189,0.09308091592423957
2018-02-14,0.107059181003568,0.10807647307001501,0.09318420164590582
2018-02-15,0.10702447630376521,0.1080836817048478,0.09324990502694433
2018-02-16,0.10725490329417095,0.10829537674370915,0.09373546916240959
2018-02-19,0.10792207301679412,0.1088555484457362,0.0940550895689981
2018-02-20,0.10794624388721773,0.10885031860491458,0.09406199925203707
2018-02-21,0.10808280183497301,0.10889474261518509,0.09373107136561121
2018-02-22,0.10802267450511727,0.10880295240876137,0.09359821767831959
2018-02-23,0.10815193035132335,0.10907319171576477,0.09400780389913603
2018-02-26,0.10736789456932504,0.10821223288393574,0.09417069744417429
2018-02-27,0.10728452565214033,0.10807201132547799,0.09419751264423712
2018-02-28,0.10704488745735488,0.1077197721307557,0.09441082338646441
2018-03-01,0.10705638024540963,0.10773503235261395,0.09449015635724305
2018-03-05,0.10686974708499146,0.10743656765808958,0.09488014284556608
2018-03-06,0.10809844564519504,0.10870071555657311,0.09550618969705048
2018-03-07,0.10854764266346709,0.10924917510204031,0.09576321805897768
2018-03-08,0.10880259864306713,0.10908240801920095,0.0959421907127296
2018-03-09,0.10880015075579874,0.10907967846169297,0.09596209441042225
2018-03-12,0.10934313247855201,0.10978054288427001,0.09748399400223272
2018-03-13,0.10932471022534845,0.10977082254631079,0.09745267166175291
2018-03-14,0.10935273034089554,0.10981122479675545,0.09742539961818596
2018-03-15,0.10934497251124203,0.10980586303300063,0.09758032749152755
2018-03-16,0.10977510989327698,0.11023212743802638,0.0989711075452078
2018-03-19,0.108551477649948,0.10919846277053293,0.09812149093076313
2018-03-20,0.10842813317417416,0.10907551230356571,0.09815207212303187
2018-03-21,0.10792107599238965,0.1086748230608451,0.09792567660053125
2018-03-22,0.10800328152057309,0.1087722231965144,0.09802493828884565
2018-03-23,0.10824197274965441,0.10905997048390349,0.0986694064787145
2018-03-26,0.10933395985389238,0.11015052537821593,0.09950147406864804
2018-03-27,0.10851578720869683,0.10931984850435701,0.0990667245063494
2018-03-28,0.10869190337106958,0.10960355267865485,0.09917782323786281
2018-04-02,0.10890209825463969,0.11020386169831584,0.09959032056712885
2018-04-03,0.10896683769873362,0.1103162593988781,0.09935317523513315
2018-04-04,0.10911910594155898,0.1108081354638893,0.09990009337096589
2018-04-05,0.10941742786831682,0.11136962628670634,0.10159967429211146
2018-04-06,0.1092742336178697,0.11128252376343617,0.1015616161833922
2018-04-09,0.10915048267897959,0.11114570428523979,0.10164425615169075
2018-04-10,0.10904276337376699,0.11104371045795376,0.1014506549859941
2018-04-11,0.109021023300415,0.11107722189632449,0.1014249504755313
2018-04-12,0.10903111544275025,0.1111484269640238,0.10148172093991556
2018-04-13,0.10899585753758531,0.11117247840891263,0.10122336732356857
2018-04-16,0.10900455081377364,0.11116411222380948,0.10127474721634182
2018-04-17,0.10888180809434429,0.1110901951717528,0.10113439941397653
2018-04-18,0.10891709664633245,0.11115305408802591,0.10108329824621747
2018-04-19,0.10875540929341164,0.11102261556291564,0.10093558555482829
2018-04-20,0.10869823545196042,0.1110809782965049,0.1009210852348148
2018-04-23,0.10868853408396466,0.11111638631250663,0.10083627037817496
2018-04-24,0.108410155204301,0.11084581080277064,0.10085664616170759
2018-04-25,0.1084269537650125,0.11088363633197858,0.10092369726273873
2018-04-26,0.10842801036039776,0.11087245808588897,0.10096734183267238
2018-04-27,0.10830500743378324,0.11076457679781244,0.100654237659851
2018-04-30,0.10828780077550358,0.11086025813810743,0.10032013978998523
2018-05-02,0.10857919885997687,0.11109274126127304,0.10026088343315268
2018-05-03,0.10872444280655656,0.11134225374568507,0.10033391176859426
2018-05-04,0.10869803501283969,0.11130777897822923,0.10042518746369122
2018-05-07,0.10895155098667689,0.11136110062898326,0.10079288000667515
2018-05-08,0.10912140293768555,0.11144271324177316,0.10079053645671823
2018-05-09,0.10902509084703484,0.11140155023431993,0.10069984714856474
2018-05-10,0.10919430505101782,0.11155360905474931,0.10037756135357453
2018-05-11,0.10916284245031806,0.11156129944214717,0.10064981838251624
2018-05-14,0.10921317627192416,0.11163412769732332,0.10065113939922304
2018-05-15,0.10819933986397308,0.11038706311530856,0.10024078994419572
2018-05-16,0.10817635141287409,0.11040012207365227,0.10042624115551914
2018-05-17,0.10817485790517602,0.11036903668411152,0.10056471604634037
2018-05-18,0.10863940182476926,0.11080556879785522,0.10084245323767659
2018-05-21,0.1087297455515586,0.1108998841934744,0.10093971967280083
2018-05-22,0.10874154889849319,0.11092523101942893,0.10094567511683632
2018-05-23,0.10837602267812423,0.11062218428904827,0.10094399326172265
2018-05-24,0.10872609511649385,0.11099676190047018,0.10122667965849746
2018-05-25,0.1090029320942987,0.11129216192982834,0.10155890551419268
2018-05-28,0.10882351189124738,0.1112177002987169,0.10164719279261752
2018-05-29,0.10818000954111612,0.11054793030215072,0.1017556937842169
2018-05-30,0.10680862851184678,0.10937478806515741,0.10059732535959921
2018-05-31,0.10720428458186014,0.10948493784397614,0.10084065996547098
2018-06-01,0.1076167968595578,0.10979819957284521,0.10092592292543788
2018-06-04,0.10791144328840942,0.11019165896244583,0.10114001731672513
2018-06-05,0.1080140190469478,0.11014074701455057,0.10120640102821167
2018-06-06,0.10844370084229359,0.11055833595643894,0.10153625311912338
2018-06-07,0.1085534472907544,0.1107232758428652,0.10174722262837181
2018-06-08,0.10854389265909796,0.11080348606131124,0.10173275906290839
2018-06-11,0.10847985849447074,0.11073746029278679,0.10164691614423418
2018-06-12,0.10847700466275452,0.11069411073848506,0.10173022290057784
2018-06-13,0.10825499728600407,0.11045034579762648,0.10170931317544783
2018-06-14,0.10827158960875712,0.11053968835572263,0.10181626584720446
2018-06-15,0.10824852594867361,0.11049723966651433,0.1016489429224259
2018-06-18,0.10832628829306291,0.11069302796183378,0.10166075083539043
2018-06-19,0.10869766509994146,0.11093959790287114,0.10203516060249394
2018-06-20,0.1083684240380876,0.1106965452791125,0.10206676557934913
2018-06-21,0.1088047163814338,0.11098254344469353,0.10212045400219519
2018-06-22,0.10937381196730414,0.1113237598776154,0.1021387470391566
2018-06-25,0.10957134491299438,0.11138573182134054,0.10230885196093305
2018-06-26,0.1095946434532603,0.11138574183652633,0.10227784363853563
2018-06-27,0.10987722929191115,0.11152653298104048,0.10271866209054578
2018-06-28,0.10981896839443393,0.11155830657489035,0.10285782565562575
2018-06-29,0.10958115543090266,0.11157529690184165,0.10324200976802084
2018-07-02,0.10981566800324283,0.11181206370395576,0.10337289204934276
2018-07-03,0.10982783197047317,0.11184008205864457,0.10342908437667024
2018-07-04,0.10989787996780291,0.11187960763259513,0.10359828534730339
2018-07-05,0.10977847893635949,0.11173618125437194,0.10319663547578106
2018-07-06,0.109756916316987,0.11182077112749336,0.1032080444120779
2018-07-09,0.11006650529213553,0.11186845028164241,0.10342354404257918
2018-07-10,0.11026121521653177,0.11223310021345564,0.10369498241348961
2018-07-11,0.11036488302049395,0.11241022124103651,0.10368609018639952
2018-07-12,0.10922373272745782,0.11157258668226072,0.10335802352346171
2018-07-13,0.10928390172370218,0.11163882418551067,0.10335659048504313
2018-07-16,0.1097667413168487,0.11213408495356758,0.1036278857776748
2018-07-17,0.1092847309555907,0.11169964515113327,0.10355099567191148
2018-07-18,0.10985498423567752,0.11236650178159102,0.10358846559792634
2018-07-19,0.10984673381198438,0.11234475075031441,0.10358816293910579
2018-07-20,0.10987770469378737,0.11244764665394502,0.10325328961960582
2018-07-23,0.10955083792886708,0.1122516545068921,0.10321468556471075
2018-07-24,0.10997309705834445,0.11254150914358514,0.10324398351410467
2018-07-25,0.10987700286733677,0.112537061425592,0.10317759428891622
2018-07-26,0.10957686811828038,0.11229471006728267,0.1031062297048847
2018-07-27,0.10957509615846911,0.1123215909290962,0.10353800878839925
2018-07-30,0.10985883543340798,0.11276728159245701,0.10345875409854466
2018-07-31,0.11007293461580372,0.11328393947772619,0.10349419814350837
2018-08-01,0.10982515458692159,0.11307459730021276,0.10349794159871835
2018-08-02,0.109628505813751,0.11289222394165789,0.10376794946742907
2018-08-03,0.10958657923129424,0.11278722385396042,0.1041856616691389
2018-08-06,0.10940649562074062,0.11267532484167431,0.10413310601721822
2018-08-07,0.10941584450632641,0.11269784350149477,0.10387997296784231
2018-08-08,0.10949251362913806,0.11287030405897695,0.10388220385335667
2018-08-09,0.10949808986231215,0.11291488864813758,0.10388008900185408
2018-08-10,0.10954346696008299,0.11291411828109549,0.1036224285100162
2018-08-13,0.10906653705412707,0.11246365894372388,0.10357897429229483
2018-08-14,0.10846310883166732,0.11157632805336344,0.10334352153285643
2018-08-16,0.10810808955598186,0.11125660926754789,0.10278968806501874
2018-08-17,0.1078811356454213,0.11085625598291259,0.10271329089316658
2018-08-20,0.10805433074269159,0.11093297240250129,0.10243628023251958
2018-08-21,0.10803116500505323,0.11089475071974177,0.10244137870455984
2018-08-23,0.10808586391174531,0.11091394386168493,0.10217385758797015
2018-08-24,0.10791773466908136,0.11079124591317631,0.10180541931929296
2018-08-27,0.10834197789132645,0.11104696189036539,0.10239440837156674
2018-08-28,0.10804935835693673,0.11073087326615248,0.10211811203146837
2018-08-29,0.10822631083416889,0.11084026917502787,0.10222528597519291
2018-08-30,0.1082870785385809,0.11083515758752335,0.10212304851502854
2018-08-31,0.1078029786481757,0.11036258345865818,0.10135619723241483
2018-09-03,0.10859001262010665,0.11130717615273708,0.10142108746330317
2018-09-04,0.1088851427537422,0.11164260437192249,0.10156093437787549
2018-09-05,0.10934487026107914,0.11274626097765975,0.10152625246135005
2018-09-06,0.10901792367617867,0.11237089349876549,0.10140520436578612
2018-09-07,0.10958956920368461,0.11284641248335867,0.1014251088065905
2018-09-10,0.11023614508796062,0.11323826767675076,0.10225367763164131
2018-09-11,0.11086830345855617,0.11397962560118988,0.10317103295292099
2018-09-12,0.1110887528176317,0.11423369569971568,0.10339292878193108
2018-09-14,0.11098850885270993,0.11411634182193228,0.10390393194926895
2018-09-17,0.11020109718448094,0.11333761117013236,0.10433341567304254
2018-09-18,0.11030125275543319,0.11335700846709271,0.10472095386069338
2018-09-19,0.11029540156018441,0.1133750364170057,0.10481374532635772
2018-09-21,0.11027339211629861,0.11336255092574682,0.1051623107201902
2018-09-24,0.11136583511031849,0.11381437866847531,0.106208854249049
2018-09-25,0.11134473244221207,0.11374701313058448,0.10656838797252102
2018-09-26,0.11111571169027717,0.11349144059690652,0.10657575661670445
2018-09-27,0.1111767064428834,0.11352388872978565,0.10679937784047742
2018-09-28,0.1111204272673235,0.11351976287613522,0.10570333943137133
2018-10-01,0.11068590259626175,0.11328678283376999,0.10547547180050047
2018-10-03,0.11268609312999799,0.1148782976226975,0.10641051446159105
2018-10-04,0.11266591748186142,0.11517174855106146,0.1082232712950228
2018-10-05,0.11335118411064843,0.11569729041609954,0.1115055654902755
2018-10-08,0.11364744842874566,0.11612492331672665,0.11152728530346846
2018-10-09,0.11389355937549084,0.11654678133425778,0.1114074669987245
2018-10-10,0.11417930336752431,0.11685076866629758,0.11231640675923954
2018-10-11,0.11585598816819327,0.11797817911403774,0.11437634801241206
2018-10-12,0.1159989589335625,0.11777908646343623,0.11633485166400362
2018-10-15,0.11613640780937148,0.11792503596214764,0.1163886151069034
2018-10-16,0.11688889341385465,0.11873538425906441,0.116549551866366
2018-10-17,0.11740347770655013,0.11912072243231203,0.11718832056620085
2018-10-19,0.11689014799408705,0.11857069364916803,0.11756339540672177
2018-10-22,0.11592967898572855,0.1176860224061994,0.11749760211784822
2018-10-23,0.11508359550377341,0.11680735656947498,0.11772930516985505
2018-10-24,0.11554135079935468,0.11734322196058855,0.11797957748432493
2018-10-25,0.11603675296928599,0.11785006520286964,0.11836266847085695
2018-10-26,0.11610601936209583,0.1178889491591494,0.11856659558413915
2018-10-29,0.116842897096927,0.11826118240215965,0.12053974451051622
2018-10-30,0.11681062849226757,0.11826920613883092,0.1206302114902516
2018-10-31,0.1175389428922288,0.11898909551005749,0.12173182424320167
2018-11-01,0.11743760335776146,0.11895469519485055,0.12164426282453014
2018-11-02,0.11779170698507883,0.11945886597904021,0.12275053744719774
2018-11-05,0.11754857088969844,0.11933056933053615,0.1227238405893259
2018-11-06,0.11762045910386064,0.11947080886652246,0.12269192482404503
2018-11-07,0.11694942410621897,0.11896052069673708,0.12244331804578593
2018-11-09,0.11692273245414656,0.11896957959544302,0.12243892696771463
2018-11-12,0.11718426076793421,0.11956925009123094,0.12280224764268846
2018-11-13,0.11719800000893828,0.11961749162940705,0.12317120221848345
2018-11-14,0.11664947478387831,0.11892100713562737,0.12277922451917271
2018-11-15,0.11663689846463414,0.11888735290936044,0.12274553215778816
2018-11-16,0.11660095849902358,0.11884763509618611,0.12289248162975151
2018-11-19,0.11665235751858262,0.1189620445810061,0.12311247410963035
2018-11-20,0.1166687329274424,0.11904426720535408,0.12315923887397386
2018-11-21,0.11656600363395728,0.11912838950905254,0.12321741955532331
2018-11-22,0.11643950698497663,0.11917531832004641,0.12322802178800263
2018-11-26,0.11648451343271822,0.12021930236228497,0.12323709519876837
2018-11-27,0.11646820038087276,0.12019108741352294,0.12317124969318301
2018-11-28,0.11646759270581698,0.1201862946676756,0.1232252286825986
2018-11-29,0.11621123900911869,0.11989292886194858,0.1237741925593441
2018-11-30,0.11617797793775404,0.11986791514965732,0.1237760611464837
2018-12-03,0.11623047200413295,0.11975514552545914,0.12377612625762775
2018-12-04,0.11630356075604248,0.11981759349903465,0.12372895985341315
2018-12-05,0.11681828192074115,0.11997018984640002,0.12399643311384453
2018-12-06,0.1172497510412464,0.1205750890427287,0.1251259516728814
2018-12-07,0.11729066204231106,0.12062045120575203,0.1254178160783348
2018-12-10,0.11842990325029358,0.12165582370939713,0.12621993752369964
2018-12-11,0.11796595150043067,0.12108693497857034,0.12591463214890453
2018-12-12,0.12001317433927723,0.12302566702935715,0.12714781987750917
2018-12-13,0.1202906195242342,0.12328273909521727,0.12723099917002748
2018-12-14,0.12009004940280872,0.12309290065634518,0.1270047249748892
2018-12-17,0.1193050474430999,0.12208405032771177,0.12665921793207707
2018-12-18,0.11917040610821125,0.12179039847446253,0.12631513275405834
2018-12-19,0.11909201622067138,0.12175625711203472,0.12630931072561213
2018-12-20,0.1185202938441013,0.12121974246509017,0.126050868944725
2018-12-21,0.11922821457365537,0.12203927113875575,0.12728703697027935
2018-12-24,0.11942758710368068,0.12218120429631962,0.12745769763103645
2018-12-26,0.11938258271350573,0.12211474503530372,0.1273658429656238
2018-12-27,0.11902852344186604,0.12176527409087821,0.12733857203667082
2018-12-28,0.11949755679538149,0.12202066571757728,0.1273534006375108
2018-12-31,0.11949894238376466,0.12202062318030689,0.1273376508506318
2019-01-01,0.1194767406465551,0.121987418750577,0.12733654544091394
2019-01-02,0.11974106744668803,0.12211732814062264,0.12741512010650088
2019-01-03,0.12037195377989755,0.12259052508037217,0.1278637502552882
2019-01-04,0.12039911848830588,0.12261884071180193,0.12790231182742517
2019-01-07,0.12043442613712173,0.12265256749481125,0.12795825612893144
2019-01-08,0.12016386392855359,0.12242252635684539,0.1278921659447116
2019-01-09,0.11988476770976267,0.12218566414398624,0.12798111267411835
2019-01-10,0.11983398610259587,0.12213434427841632,0.12773450758391316
2019-01-11,0.11998778304529863,0.12233038632310951,0.12776169711109037
2019-01-14,0.11993333524530704,0.12230504991816231,0.12774835983849106
2019-01-15,0.11931013142326387,0.1218175679097143,0.12839200553953767
2019-01-16,0.11936039254970734,0.12188571998001534,0.12825177726645967
2019-01-17,0.11926699175335821,0.12178663671651122,0.12825276728380108
2019-01-18,0.11974532822176136,0.12221868925492003,0.12825143621563337
2019-01-21,0.11976268431243453,0.12221270958032884,0.12833451184037167
2019-01-22,0.11982145528384032,0.12229438581634851,0.12835983779116672
2019-01-23,0.12006939497078954,0.12249574491795548,0.12851828614565855
2019-01-24,0.12002102021093061,0.12238295312222054,0.12846893627750833
2019-01-25,0.1201344109099965,0.12243196643959971,0.12836990542240992
2019-01-28,0.12012867193211145,0.12240891716146,0.12881867863331758
2019-01-29,0.1200409985508604,0.12229466043678504,0.12861789836146179
2019-01-30,0.11996665854520577,0.12223329754827697,0.12844609536119553
2019-01-31,0.12049675232317958,0.1227776502234746,0.1291046133222752
2019-02-01,0.12051222618875516,0.12288998958605862,0.12923674381483644
2019-02-04,0.12062594002949516,0.12305375824905321,0.1292403625368391
2019-02-05,0.12049252682966298,0.12302347249991243,0.12913844554972534
2019-02-06,0.12053306346130674,0.12319300155691464,0.1294669390807416
2019-02-07,0.12018578805790853,0.12277651567280531,0.12945229699125302
2019-02-08,0.12042787134514832,0.12338733173026412,0.12995068325430362
2019-02-11,0.1191747882190654,0.12217069482645158,0.1279350922665622
2019-02-12,0.11866338840289152,0.12188961946183587,0.12774188880646234
2019-02-14,0.11868313425380882,0.12215570258752301,0.1269986579065419
2019-02-15,0.11848435440213054,0.12211652041527937,0.12699800844475792
2019-02-18,0.11802693473938111,0.12211331843590527,0.12688846591280667
2019-02-19,0.11789824505711466,0.12198999005881467,0.12640425855518603
2019-02-20,0.11741947159738274,0.12173787783080343,0.12674626026770555
2019-02-21,0.11742176395248594,0.12180697414247525,0.12678567108391028
2019-02-22,0.1174246112790417,0.12183306420525288,0.1267185871701179
2019-02-25,0.11737595420781907,0.12198476347915238,0.12665405574783356
2019-02-26,0.11680367266685582,0.12148841858684654,0.1265184534255527
2019-02-27,0.11681122324350361,0.12152823152437484,0.1265357059908831
2019-02-28,0.11672713322072735,0.12165186770770635,0.12649910733327696
2019-03-01,0.1168383992327472,0.121847162177058,0.12665036603844632
2019-03-05,0.1166431438112325,0.1216866986363754,0.1267330437845925
2019-03-06,0.11618100494175163,0.12142602440905448,0.12657687783285712
2019-03-07,0.11619310425723238,0.12143494866487263,0.1265441392929197
2019-03-08,0.11590404651314423,0.12124333578186082,0.12641977675833377
2019-03-11,0.11663827794502275,0.12246287157989443,0.1269177512971582
2019-03-12,0.11791158110737306,0.12435814152077812,0.12706507414063314
2019-03-13,0.11686344952784884,0.12331449156332201,0.12662741839235409
2019-03-14,0.11636266589163644,0.12271050458347352,0.12625223672540492
2019-03-15,0.11568394073657573,0.12255749401906393,0.12617148146333165
2019-03-18,0.11584176184496192,0.12283592718720829,0.12618256994101543
2019-03-19,0.11516333849707816,0.12208476406292237,0.12493294036072916
2019-03-20,0.11517163724605253,0.12216573771279961,0.12494094117737711
2019-03-22,0.11513890282246812,0.12220732082122387,0.1250696334412326
2019-03-25,0.1151932025933112,0.12232855160325097,0.12530944130099889
2019-03-26,0.11500090379705057,0.12232343384143489,0.12471084918931441
2019-03-27,0.1150776490406579,0.12241168596879119,0.12433325909208598
2019-03-28,0.11503882852419572,0.12238370078693876,0.1247429981048908
2019-04-01,0.11530231378739013,0.12246014883945917,0.12497544652442326
2019-04-02,0.11584666076239114,0.1227578142400993,0.12493150627720141
2019-04-03,0.11649820165267848,0.12308481754873546,0.12450812534599685
2019-04-04,0.11551485656679984,0.12227481547974714,0.12394390964930298
2019-04-05,0.11552631011401933,0.12230864041830614,0.12396731528711634
2019-04-08,0.1154192918959112,0.12209083263168796,0.12387820529177077
2019-04-09,0.11520170972638977,0.12152638926190784,0.1236515542178096
2019-04-10,0.1152616722015251,0.1215740187819664,0.12388448609645393
2019-04-11,0.11495976172112542,0.12100129797476687,0.12330815470002368
2019-04-12,0.11460835495841228,0.12042269281079837,0.12189731978507333
2019-04-15,0.1147789337881976,0.12067391895116011,0.12194813510130953
2019-04-16,0.11490056925836734,0.12085359907486436,0.12212644231872617
2019-04-18,0.1149604184905077,0.12084095713334297,0.12216340296515665
2019-04-22,0.11507644186345879,0.12080119750534864,0.12295768254698528
2019-04-23,0.11522488999110632,0.1208772122249767,0.12292349647458217
2019-04-24,0.11541555493212223,0.12103473324017378,0.12355107429866458
2019-04-25,0.11540722563480378,0.12100379094079888,0.12372007312914518
2019-04-26,0.11533021392015537,0.12087223613190574,0.12405771013362775
2019-04-30,0.11531301307886918,0.1208004724587248,0.12403461285314721
2019-05-02,0.11535469686502367,0.12076037519818136,0.12401584457868511
2019-05-03,0.11538316686048818,0.12059310934354164,0.12402377864455047
2019-05-06,0.11552017054874743,0.12069740234206303,0.12443053824976207
2019-05-07,0.11552876532311439,0.12069070018554792,0.12473478790202422
2019-05-08,0.11552655843511754,0.12064162082133327,0.12526981421710429
2019-05-09,0.115621376601233,0.12069239124289048,0.12531573148619807
2019-05-10,0.11561335145039559,0.12070559240522828,0.12515376016821925
2019-05-13,0.11694528545267228,0.12135592093707465,0.12564084536491332
2019-05-14,0.11788803205910686,0.12166969226284449,0.12578685105490783
2019-05-15,0.11856044843497253,0.12216960165342519,0.12587338843686552
2019-05-16,0.11863378122206154,0.12234817135254741,0.12603499670291862
2019-05-17,0.11886021185747099,0.12266194233744847,0.12639901415064614
2019-05-20,0.12382710800923066,0.12685775245822306,0.13160111018961526
2019-05-21,0.12423431914939209,0.12715206198668105,0.1320062310388455
2019-05-22,0.12425903716283881,0.12708838777313694,0.13199428917785855
2019-05-23,0.12431553390228195,0.12720326592000109,0.13194925126212614
2019-05-24,0.12648937825439394,0.12858390888796395,0.13288074584989676
2019-05-27,0.12682829090817624,0.12891963222534245,0.13303246840928845
2019-05-28,0.1267537450348138,0.12879993575833196,0.13289370946852383
2019-05-29,0.12673182593563506,0.12878526074614863,0.13290433346442648
2019-05-30,0.12652834002891752,0.1286314195541899,0.13279559349246525
2019-05-31,0.12626809030828012,0.1283869854249917,0.13257365154896777
2019-06-03,0.1276072685873216,0.12975099899463324,0.13323949860421974
2019-06-04,0.12759820414358836,0.1297494744234809,0.13295049641945222
2019-06-06,0.12799641702573109,0.12997192615236886,0.13362891849860492
2019-06-07,0.1277075392973756,0.12970076582978982,0.1333886604441859
2019-06-10,0.12777196033677432,0.12977272754186034,0.13324012121145734
2019-06-11,0.127739852052089,0.1297641221370719,0.13315568964787344
2019-06-12,0.12790595562063603,0.12991209968407763,0.13324851697329887
2019-06-13,0.12754008619625032,0.12977943116212734,0.1327915535613771
2019-06-14,0.12724510323576868,0.12956648936858664,0.13297138776297368
2019-06-17,0.12727253586147705,0.12942837121403136,0.13345670482698851
2019-06-18,0.12716897523616347,0.12938973938336673,0.13340979800431543
2019-06-19,0.1267695528847694,0.12903869849962665,0.13315545347044214
2019-06-20,0.12731500224329706,0.12942722946079582,0.13345408017335242
2019-06-21,0.12762074820706415,0.12976669377235395,0.1337915965930896
2019-06-24,0.12808032047118711,0.13011327993314337,0.1338064916366015
2019-06-25,0.12805822622516388,0.13006700210381028,0.1339540385244454
2019-06-26,0.12829127017950964,0.13020501611494306,0.13400962270868735
2019-06-27,0.12848871252743868,0.13031012104965356,0.13392372214769374
2019-06-28,0.1286430986305436,0.13041770406713318,0.13401046016896898
2019-07-01,0.12872012783744294,0.13044379555589283,0.13413495547390727
2019-07-02,0.12850656204214222,0.13032952587863703,0.13389237362175363
2019-07-03,0.12846245183036725,0.13031661626461785,0.13378685772611693
2019-07-04,0.12803132086691738,0.13002999849255242,0.13376158264332194
2019-07-05,0.12899082193051095,0.13099243533547064,0.13409205201536548
2019-07-08,0.1315932786743314,0.13324382875731422,0.1357227559904842
2019-07-09,0.13239248101077428,0.13363973861894263,0.13572353750660143
2019-07-10,0.13252088748206137,0.1338521169524163,0.13549866459874454
2019-07-11,0.1331200504781621,0.13426830215694124,0.1354356610415626
2019-07-12,0.13293942662448854,0.13400810435619423,0.13498122311081617
2019-07-15,0.13287123251481825,0.13391309282289626,0.1348897184923451
2019-07-16,0.13290940544092406,0.13390685476498165,0.134976313881699
2019-07-17,0.13283460084930665,0.1338638559925411,0.13484613108918106
2019-07-18,0.13365664592594945,0.13451476110346125,0.13507188196863024
2019-07-19,0.13392001332302902,0.1347447307354241,0.13596343180326298
2019-07-22,0.13386073573843055,0.13499990059336062,0.13593420751018132
2019-07-23,0.1335974535855431,0.13458021798602068,0.135675744372935
2019-07-24,0.13350525943194827,0.13440569586093196,0.13578500054624532
2019-07-25,0.13357363784203932,0.13443647281556298,0.1356310707273065
2019-07-26,0.1335371788896283,0.1343987135252374,0.1356577301055976
2019-07-29,0.13404996130506017,0.13460985397772754,0.13571629154169382
2019-07-30,0.1342549159992138,0.13480018026711493,0.1358888987515991
2019-07-31,0.13394501152586608,0.1342816932440544,0.13589460247893892
2019-08-01,0.13406723571219462,0.1342867264539976,0.13645084825170462
2019-08-02,0.13415964713214729,0.13469189751294144,0.13637453658282214
2019-08-05,0.13410782320258918,0.13462095833215482,0.1367570941339873
2019-08-06,0.1338930488515211,0.13444675597676747,0.13691278880398033
2019-08-07,0.13393309790548774,0.13446792265188431,0.13717272577818923
2019-08-08,0.13433407020332916,0.1351255205895739,0.13810862064140483
2019-08-09,0.13443870471510783,0.13546893505118698,0.13792669812716002
2019-08-13,0.13504247661332144,0.13643130074230822,0.13886198900941493
2019-08-14,0.13490301011258757,0.13605485575350462,0.13915193195346534
2019-08-16,0.13483802128377356,0.13614277764621002,0.1391603529248299
2019-08-19,0.13456598956053695,0.13587207639099397,0.13887581901059506
2019-08-20,0.13445129687075597,0.1357601498610062,0.13852470093212846
2019-08-21,0.13453792881312887,0.1359105726631496,0.13878487783811358
2019-08-22,0.13454818435147883,0.13592566665493863,0.139716690963854
2019-08-23,0.13480650762452326,0.13606009276199216,0.13986011470413415
2019-08-26,0.13526327794719037,0.13686185943899426,0.1414572131214179
2019-08-27,0.13516960867698607,0.1367977115141149,0.14148196463491924
2019-08-28,0.13524089538380965,0.13691976877387532,0.1414357992879898
2019-08-29,0.13521853501961298,0.13692418185647492,0.14152926618057576
2019-08-30,0.13521500096564776,0.1369743198801689,0.1416363256755544
2019-09-03,0.13586531721471043,0.13834962952872804,0.1428826723468582
2019-09-04,0.13594973490806278,0.1387528682127252,0.1427693626636509
2019-09-05,0.13595269726382156,0.13875473009179898,0.14275798001623735
2019-09-06,0.13590566174976595,0.1387454218632216,0.1430540215433306
2019-09-09,0.13596544804592597,0.13882457454855338,0.14314023193103642
2019-09-11,0.13560883120953285,0.13861301667017722,0.14268243413029028
2019-09-12,0.13562496144827738,0.13866629696197322,0.14269476478895776
2019-09-13,0.13545472725093302,0.13849830129111002,0.14290939393164417
2019-09-16,0.13536147663616488,0.13844552456046116,0.14304675080135373
2019-09-17,0.13551389501668795,0.1387728859932253,0.14401705270228427
2019-09-18,0.13476355547357688,0.1379119800614485,0.14380442116654404
2019-09-19,0.1347264284843442,0.13801358325461094,0.1442399529614097
2019-09-20,0.13899056536467777,0.1471740886449424,0.15377648113061285
2019-09-23,0.13958706275764585,0.1484944951444623,0.15639107471886077
2019-09-24,0.13908820087607748,0.14810735215408852,0.15633088592918473
2019-09-25,0.13840996719632245,0.1475758144819713,0.15630943985674345
2019-09-26,0.13797733383630176,0.14704500224874312,0.15615829153738228
2019-09-27,0.13798762052334662,0.14730729860418892,0.15607967119120056
2019-09-30,0.137499632325626,0.1469776336359038,0.15559538641122725
2019-10-01,0.13775758174272743,0.1469650992998971,0.15545671369415898
2019-10-03,0.13764505614129202,0.14688789840266167,0.15526405860256698
2019-10-04,0.1380788651614568,0.14737035457303815,0.15570508246457923
2019-10-07,0.1382357433734048,0.14752542659473794,0.15555182767709383
2019-10-09,0.13842944936107485,0.14812373992526184,0.15563774805475578
2019-10-10,0.13845145089244407,0.14812492475901606,0.15553999960853018
2019-10-11,0.13855030552864236,0.1482283083407943,0.15565622915046212
2019-10-14,0.13886615955564324,0.14838505124429668,0.1555253929272503
2019-10-15,0.13795350874356319,0.147570480376406,0.1556410154010059
2019-10-16,0.13787142515935186,0.14732448090247036,0.1555144113610967
2019-10-17,0.13627978115762862,0.1460956799936761,0.1552418264624964
2019-10-18,0.13635715534349588,0.14588621058342166,0.15345735302837718
2019-10-22,0.1357517029720832,0.1454303974719631,0.1511795510305702
2019-10-23,0.1354824281384092,0.1450271833438546,0.15116022156942557
2019-10-24,0.1354159518610797,0.1447214446812486,0.15109408128083263
2019-10-25,0.13530835359940652,0.14454196069421815,0.15034911016973
2019-10-27,0.133767330280745,0.1435063170481333,0.14871838887713917
2019-10-29,0.13292557768573962,0.14301183104618959,0.14794969249636739
2019-10-30,0.13304054884404304,0.1430407054378358,0.14797661470349543
2019-10-31,0.13240810293564484,0.14242515476745363,0.14785721752123326
2019-11-01,0.13190860974343274,0.14208462512739248,0.14728616016185028
2019-11-04,0.1319860120070802,0.14222442453832249,0.1465744656210651
2019-11-05,0.13202358545130372,0.14222867744767828,0.14646289343101287
2019-11-06,0.13185933035856942,0.1418639018561002,0.14614073891507923
2019-11-07,0.13150948080809904,0.1415242303899763,0.14600688347176785
2019-11-08,0.13248008584287144,0.1424741426515293,0.1459309680759924
2019-11-11,0.1324595006211882,0.14248683814333818,0.1455813862151049
2019-11-13,0.1317464642648704,0.142098595480384,0.14416198002138217
2019-11-14,0.13179844522743167,0.1421168340635334,0.14406156896266076
2019-11-15,0.1314707158678226,0.14171805244509025,0.14295438317441655
2019-11-18,0.13153796339891813,0.14169756964338504,0.1429574610596174
2019-11-19,0.13140243170381927,0.14131642693455068,0.14210796802229658
2019-11-20,0.13132449272441282,0.14120005166590774,0.14213792822382895
2019-11-21,0.1312856349373626,0.1410992126674523,0.14217213954088917
2019-11-22,0.13125196955124208,0.14104437947387213,0.1421359229526447
2019-11-25,0.1315767657413344,0.1414197417896318,0.1427059895880581
2019-11-26,0.1323119336994015,0.1414555129625212,0.14237658739793568
2019-11-27,0.1323133422669563,0.14143974154636546,0.1421679350261361
2019-11-28,0.1324323061977334,0.14152232126372186,0.14220857432946926
2019-11-29,0.13260626524812952,0.14169586351868815,0.14241980169241455
2019-12-02,0.13250659785832078,0.14159427161082244,0.1423126224693647
2019-12-03,0.13266947676968446,0.14156304447343906,0.14222169699940462
2019-12-04,0.1325627159491196,0.1413320380664353,0.14188076262009391
2019-12-05,0.13251185252655157,0.1411356368936766,0.14178542245300352
2019-12-06,0.13244611123296307,0.14091903761883467,0.14185061753500505
2019-12-09,0.1320811652517127,0.13980867910945277,0.1415558895272258
2019-12-10,0.13236671310860545,0.13992742033195021,0.14165687779151784
2019-12-11,0.13241090585758186,0.13996779009486124,0.14166911810208174
2019-12-12,0.132419490678089,0.13993061911977295,0.14126605274857582
2019-12-13,0.1325029871695711,0.13995712489657078,0.1415583176816228
2019-12-16,0.13238479955015747,0.13995657078396703,0.14159361417523506
2019-12-17,0.1324818101366267,0.1401082039611044,0.14185346808887975
2019-12-18,0.1319423456005837,0.1398878781355091,0.14165974608748627
2019-12-19,0.13159278621816978,0.13947685999595658,0.14060183673945112
2019-12-20,0.13156817157297507,0.13946957834257181,0.14036620142502196
2019-12-23,0.13032186267656704,0.1383440918643166,0.13896156879119445
2019-12-24,0.13001265874810725,0.13812535248389327,0.13894125243255198
2019-12-26,0.12849576920153027,0.13669351267567162,0.13807637109005275
2019-12-27,0.1289498983301405,0.13706312650345387,0.13831742962741678
2019-12-30,0.12895298922619514,0.13704644009077968,0.1383156791202959
2019-12-31,0.12913556324646555,0.13742169631175297,0.13834122218744563
2020-01-01,0.12910758491491098,0.13747142978053783,0.13833585855617714
2020-01-02,0.1293956306508805,0.137706126823391,0.13846430003273041
2020-01-03,0.12948265549269886,0.13778848871604563,0.13854191523262135
2020-01-06,0.12943590998158022,0.1374832475693709,0.138687335717037
2020-01-07,0.1292413721740201,0.13735418530138516,0.1384728571186993
2020-01-08,0.12916179573851952,0.13730708743769482,0.13838277332783452
2020-01-09,0.12956148174330995,0.13763060829549473,0.13917116367479282
2020-01-10,0.12898495773156746,0.137243227226544,0.13902786583241208
2020-01-13,0.12922940491212348,0.13736259907281367,0.13913305299983753
2020-01-14,0.12942897571136097,0.13760964933865213,0.13914804150040405
2020-01-15,0.1291653340111771,0.13755577038363803,0.13898655703184148
2020-01-16,0.128727378722935,0.13726809337528043,0.13848868033495823
2020-01-17,0.1289903196551062,0.13733931184074996,0.1384161665801213
2020-01-20,0.12896180102359925,0.13731070533831574,0.1388013495475985
2020-01-21,0.12915889662645377,0.1374913444172778,0.13887275114536385
2020-01-22,0.12928124793767629,0.13754402596256976,0.13891822033802603
2020-01-23,0.1295754490767079,0.13773125129892244,0.13898430497661102
2020-01-24,0.12938320569282327,0.13749196518426818,0.13904424610009875
2020-01-27,0.1296784508686339,0.13783332311699445,0.13936401614596025
2020-01-28,0.12965275187072223,0.13763559383011723,0.13883166261521646
2020-01-29,0.12959145825251409,0.13753594393157864,0.1389473496344564
2020-01-30,0.1296423963831561,0.13759988862977166,0.13918538801429017
2020-01-31,0.13008190950281584,0.1375732880017179,0.13933935097602546
2020-02-03,0.13010171153215946,0.13754821749033852,0.14093260306349542
2020-02-04,0.1308319706416483,0.13788954770889025,0.14272739546731447
2020-02-05,0.13068973100767967,0.13773736465940212,0.14272147573460764
2020-02-06,0.1306800300891703,0.13771431110361534,0.1427608071128588
2020-02-07,0.13071254815579578,0.13860636900051546,0.14264415652184892
2020-02-10,0.1308327299535631,0.13860186480902595,0.14230265710041712
2020-02-11,0.13091411506101525,0.1388034054417109,0.14241492106153264
2020-02-12,0.1316794841941649,0.1400239734792612,0.14259333567800195
2020-02-13,0.13154038239707697,0.14006480812536853,0.141683661434587
2020-02-14,0.1314725425676062,0.1398638126456181,0.14169140817469136
2020-02-17,0.13144528079862633,0.13978164127812462,0.14181458153470242
2020-02-18,0.13169794531349646,0.14010872408385952,0.14188847805090318
2020-02-19,0.13230681197258254,0.1411717844471779,0.14184234892238626
2020-02-20,0.13234855784608215,0.14125856437724468,0.14190193945058238
2020-02-24,0.1326680752248631,0.14098631555939528,0.14299793926722926
2020-02-25,0.13269632125502295,0.14085839394824837,0.14292896726380291
2020-02-26,0.13341396041113548,0.14163863320485892,0.14320271994381648
2020-02-27,0.13307393525703784,0.14106249841952156,0.14302770195801587
2020-02-28,0.1361180706389221,0.14328914148409955,0.14783286883019223
2020-03-02,0.13592163664077983,0.14277095986492902,0.14775367034567166
2020-03-03,0.13633727252267702,0.14302177671168587,0.14847599603621472
2020-03-04,0.13624415190577824,0.14330182087616614,0.14806126152966617
2020-03-05,0.1362844544628151,0.1434293143412748,0.14798809377542294
2020-03-06,0.13659169467823037,0.14375546335540443,0.15008867013457175
2020-03-09,0.13930717217192062,0.1496051659142359,0.1576887944311564
2020-03-11,0.1392982108425228,0.14959716944909648,0.15763929249379816
2020-03-12,0.14902824842788437,0.16793558639902084,0.17810760237989465
2020-03-13,0.1505168238154583,0.16927112064216726,0.18221302154442806
2020-03-16,0.15530860347497663,0.17779134902535176,0.19724650673791305
2020-03-17,0.1553888405944155,0.17814181024751985,0.19838680947172538
2020-03-18,0.15987876450491723,0.1871991767305627,0.20570954022999596
2020-03-19,0.16042488929037924,0.18861482199169213,0.20701656212443437
2020-03-20,0.16369942162958465,0.19900879330436366,0.21536609705299825
2020-03-23,0.1800752505317357,0.2320827122973643,0.2506740854353231
2020-03-24,0.1792125393355168,0.23132379200924477,0.25171797606636825
2020-03-25,0.1830356966387371,0.23908167505665004,0.26059209670210665
2020-03-26,0.18662616558182074,0.2475371177100454,0.2636413846692882
2020-03-27,0.18644840813324157,0.24742268291918923,0.26352819764188945
2020-03-30,0.18781846670346541,0.24940530810652978,0.26695116910511474
2020-03-31,0.18931298052579543,0.2526312613406697,0.26974597896664715
2020-04-01,0.19185690926451335,0.25672553443387724,0.2725489558877738
2020-04-03,0.19188160007966568,0.256790157008266,0.2732058902881783
2020-04-07,0.19854479206717326,0.267556069215119,0.28718024036750384
2020-04-08,0.19842876221265657,0.2674008882430181,0.2869470242985737
2020-04-09,0.20046333926120796,0.2682126215966888,0.290054293240658
2020-04-13,0.20045379612242836,0.26822293912995504,0.29007387443701105
2020-04-15,0.20031468863536359,0.26821036634435047,0.2899990203920907
2020-04-16,0.19992579125190857,0.2679380623891107,0.29008496943560586
2020-04-17,0.199797467624464,0.2683751763807501,0.29172730182209144
2020-04-20,0.19969058612532722,0.2682970236396063,0.29170954275264577
2020-04-21,0.20000665536530157,0.26875983350809196,0.2931257409968285
2020-04-22,0.20003409463136979,0.2689013619574958,0.29405438998561717
2020-04-23,0.20005724351797333,0.2690308269413938,0.294340777337554
2020-04-24,0.20009006378663682,0.2693129253813655,0.2947202464757638
2020-04-27,0.20010052196650607,0.26937243150577656,0.2950827784596416
2020-04-28,0.20017927431384744,0.2694475331245908,0.29526261000859094
2020-04-29,0.20024444194215826,0.2693904458995974,0.295840879637595
2020-04-30,0.2006734526051679,0.27010633882536206,0.2975136139165043
2020-05-04,0.2016076446555089,0.2727613844422706,0.3029009524093915
2020-05-05,0.20151752163334816,0.27281562560736045,0.3027581576703297
2020-05-06,0.20151525903418727,0.27276768225656295,0.30285790672053475
2020-05-07,0.20162092519430422,0.2730148265862245,0.3026276734672
2020-05-08,0.20157306575009196,0.27303357539759043,0.30262796961414307
2020-05-11,0.20153721632274332,0.2730413672575002,0.30244758815609124
2020-05-12,0.20159425865785158,0.27305235847768683,0.30247194175339276
2020-05-13,0.2017842301840526,0.2732595820125637,0.3032056990979204
2020-05-14,0.2020874421150623,0.2736630729710561,0.30423150267107507
2020-05-15,0.20196865836036912,0.27356033161522486,0.30409917221452526
2020-05-18,0.2029645357545854,0.2751046727138174,0.3058464938150557
2020-05-19,0.20329211353019422,0.27521909348177115,0.30572402661902914
2020-05-20,0.2036780809681341,0.27586786042476946,0.30647600283294996
2020-05-21,0.20376453212188397,0.2761125138210361,0.30651478791500836
2020-05-22,0.20282691919395934,0.27566221472017544,0.3063925251953265
2020-05-26,0.2022539639669836,0.27547321253140383,0.3063059816139593
2020-05-27,0.2020276212813332,0.2757685868582613,0.3079632005920777
2020-05-28,0.20222261151694884,0.2759259865382772,0.3084241522715324
2020-05-29,0.2018505644557812,0.27571777603114755,0.30827582499562795
2020-06-01,0.19956281528731154,0.27553818977844535,0.3071077121346161
2020-06-02,0.19963251589146253,0.2758653146991837,0.30737924268143035
2020-06-03,0.19991665142711443,0.27660738253542777,0.30748902643645215
2020-06-04,0.19989444889731378,0.2765335700888565,0.3074334951892386
2020-06-05,0.19874708209925607,0.2761493847978519,0.30721398950838924
2020-06-08,0.1985528052255282,0.27602983568259865,0.3071422653653351
2020-06-09,0.19864420202914387,0.2762463313095221,0.30735407854933466
2020-06-10,0.19865120049907992,0.2762588583459718,0.3073988693110307
2020-06-11,0.19902452364239925,0.2768212450495145,0.3080006336173789
2020-06-12,0.19903702002417228,0.27681317155839064,0.3080939549899414
2020-06-15,0.19834925687330057,0.2764772361762281,0.3081381433381902
2020-06-16,0.19834352115354265,0.2765095753821617,0.3082894182129753
2020-06-17,0.1978793137389628,0.2762434756201434,0.30797113704591306
2020-06-18,0.19806300306516478,0.27643636592560755,0.3087319247156163
2020-06-19,0.19863703673012761,0.2776074932414088,0.3090880472821338
2020-06-22,0.19884509183020904,0.2778254670156037,0.30913990381315165
2020-06-23,0.20045962701007436,0.28063841229480246,0.3095134206020136
2020-06-24,0.20078771302903278,0.2808697238130099,0.3098999381566514
2020-06-25,0.20079610401011044,0.28095349086917426,0.3098172736422545
2020-06-26,0.20051575333376445,0.28086768723597094,0.309710346529888
2020-06-29,0.20052449957321306,0.28094452224943045,0.30977292680385643
2020-06-30,0.20077659420768754,0.2813961512995579,0.309773554689238
2020-07-01,0.20038315492685008,0.28115638714987506,0.3097905782789132
2020-07-02,0.20026064143615194,0.2810222850790406,0.30989474729910343
2020-07-03,0.20042545575430887,0.2813263653707354,0.30993776584892996
2020-07-06,0.2007371495624322,0.2817052386149905,0.3101822864929685
2020-07-07,0.20063940115432646,0.28168794178889267,0.31016947311072973
2020-07-08,0.2005308927661687,0.2816310925373401,0.3102863519860137
2020-07-09,0.20043236436951092,0.28157385976773713,0.3104263415728887
2020-07-10,0.2003668657410226,0.2815468621123684,0.3103804165700422
2020-07-13,0.20031237412362823,0.28152239341339486,0.31037386900852193
2020-07-14,0.2004685571822387,0.281626559324641,0.310887996005075
2020-07-15,0.2004783754792655,0.2816347223936129,0.31087814774846373
2020-07-16,0.1994962649152675,0.2810149568806376,0.3108992102135965
2020-07-17,0.19787985512636766,0.28025478391842584,0.3105399988549347
2020-07-20,0.19735103822921485,0.28007486183317737,0.3107379179321453
2020-07-21,0.197099939561019,0.27986818757621795,0.3109569715319139
2020-07-22,0.19670434985628654,0.27982422433491766,0.31088403854489044
2020-07-23,0.1966621038008188,0.2798189096434615,0.31096047999911997
2020-07-24,0.19663303136655214,0.2799015999214915,0.3109518425004837
2020-07-27,0.19675539078764767,0.2801749552703695,0.3109369478905252
2020-07-28,0.19692761317258692,0.2804013866554203,0.31129888636697617
2020-07-29,0.19636367507050642,0.2800978272675061,0.3113226907948251
2020-07-30,0.1962380788738919,0.28010283460382207,0.3110730476791922
2020-07-31,0.19611488503286506,0.27994356042030943,0.3110166737330214
2020-08-03,0.19640857702651612,0.2801167413728127,0.31145210155323233
2020-08-04,0.19658918399543038,0.2802500464805526,0.311963729286403
2020-08-05,0.19656068276431232,0.28025037468318537,0.31195860984262835
2020-08-06,0.19658584578845645,0.2803309817165238,0.3120691421146104
2020-08-07,0.19595411932757142,0.2800532419150261,0.3119515779166588
2020-08-10,0.19671351270547746,0.2802576556020995,0.31184263830294157
2020-08-11,0.19674701664061897,0.2804172264097504,0.3118619957338049
2020-08-12,0.1966500756035555,0.28042116012390816,0.3116059588436544
2020-08-13,0.19658158477994933,0.28026495231325455,0.3116049977650982
2020-08-14,0.19691105260512357,0.280541756219297,0.31154961506508044
2020-08-17,0.1968101321832619,0.28050086079727066,0.3115120081080974
2020-08-18,0.1969178452727681,0.2808033486293892,0.3116168392375374
2020-08-19,0.1967283819279813,0.2806447867957153,0.31121153242767463
2020-08-20,0.19680230899003442,0.28055075136107505,0.3112620415598062
2020-08-21,0.19619166341457567,0.2798453299031363,0.31084300203254156
2020-08-24,0.19618707864408697,0.2799043619159136,0.31081158247255286
2020-08-25,0.19613623160908497,0.27982192994616395,0.31080880163873614
2020-08-26,0.19616808141044637,0.2798316649989826,0.3108745974648225
2020-08-27,0.19617804987479529,0.27982803901937875,0.3108526484045593
2020-08-28,0.19616304211861135,0.27975033574428904,0.310796048236704
2020-08-31,0.1978215713967491,0.28044053158420157,0.31118373525567106
2020-09-01,0.1981383772790245,0.28059013145763567,0.3111619133676063
2020-09-02,0.19816616857641867,0.28038299239556763,0.31051396547292603
2020-09-03,0.19816880194263212,0.28037375504412315,0.31049046010892684
2020-09-04,0.1987503475530953,0.28059379845346105,0.3109120206727925
2020-09-07,0.19879147186442928,0.2805769376822675,0.31078006443757195
2020-09-08,0.19923284962257026,0.28082921599122196,0.3107326450938304
2020-09-09,0.1986329375683375,0.27999777265875364,0.31005805596950187
2020-09-10,0.198446025459758,0.2798876909210277,0.31038719701211426
2020-09-11,0.1984502871250057,0.2799257232444205,0.31038853466294936
2020-09-14,0.19844371132703387,0.2799397967883979,0.31027719761001776
2020-09-15,0.1986306524715548,0.28065753609327887,0.3103138173888674
2020-09-16,0.19876643235971642,0.2807169339554203,0.3103777584933512
2020-09-17,0.19914670784845934,0.2814770836810589,0.3104380978295575
2020-09-18,0.1991647746171675,0.2816059680547552,0.3103345009184453
2020-09-21,0.20217378671228797,0.28333639137387634,0.31107124330608815
2020-09-22,0.20220614713585858,0.2832685136254543,0.31072214308281343
2020-09-23,0.20252943752062705,0.2835292250537658,0.31072504140660295
2020-09-24,0.20459709748494506,0.2842596811691384,0.31187175288155466
2020-09-25,0.2030409329136033,0.28011568873028486,0.30813774596068216
2020-09-28,0.20382773931662415,0.28025387835346255,0.30719720267636774
2020-09-29,0.20393694178981536,0.2802955457030961,0.30719568131561475
2020-09-30,0.2039104604354629,0.2802919187909053,0.30693267622118253
2020-10-01,0.20412381429732854,0.2804868930783474,0.3070876473429115
2020-10-05,0.20407202855873185,0.28036906666451056,0.3071323505523512
2020-10-06,0.20425484685435377,0.28045619636104574,0.3074145458191731
2020-10-07,0.2039758774211156,0.28037010439595467,0.3073064064405701
2020-10-08,0.20423930466981308,0.28071223379074073,0.30737466744783465
2020-10-09,0.2039066095831583,0.2804269246990317,0.3071758016651708
2020-10-12,0.20379481370394753,0.2803591047941597,0.3071398933027436
2020-10-13,0.20313451804293833,0.27984812709686685,0.30670199092544115
2020-10-14,0.20314337426329634,0.2799098881120087,0.30662418824104487
2020-10-15,0.2041781069150663,0.28073877972165184,0.30756182972610463
2020-10-16,0.20403639936104775,0.2807803825861834,0.30762171252623943
2020-10-19,0.20401275011384076,0.28075159602596733,0.30766772336519393
2020-10-20,0.20404987938628738,0.2807675960829533,0.30765957724035614
2020-10-21,0.204117804202866,0.2807645257593358,0.3075005699509371
2020-10-22,0.2036889162402506,0.28049194013069817,0.30746011389128414
2020-10-23,0.20375817216808853,0.28049362663058636,0.30739990727908495
2020-10-26,0.20395247588082074,0.28053359716722054,0.3077135918127403
2020-10-27,0.20411812458302944,0.2809204407801164,0.30787152094495046
2020-10-28,0.2040099650532069,0.2808738740890799,0.3081777475377186
2020-10-29,0.2047493161246699,0.28126616910760427,0.30822245336197224
2020-10-30,0.20479184340548046,0.2813779867906347,0.3077436140743431
2020-11-02,0.2048084693156036,0.2814969016218009,0.3077148852768208
2020-11-03,0.20495621110062306,0.2815063959149739,0.3079467933414026
2020-11-04,0.2050393352580237,0.28157159555990435,0.30804604637819555
2020-11-05,0.20559391614854114,0.28189357570806606,0.3085216609413553
2020-11-06,0.20559829340648517,0.28189038482550777,0.3087297124968222
2020-11-09,0.2058814474289239,0.28229721298277405,0.3091109998524855
2020-11-10,0.20618802218169113,0.2824494594339774,0.30937744133940565
2020-11-11,0.20562935609425448,0.28191568393813743,0.30937277431794663
2020-11-12,0.2056568244635084,0.2820051932504712,0.30941383644028303
2020-11-13,0.2056086022117607,0.28200223474740466,0.30934888236213404
2020-11-14,0.20560050361866233,0.2820046760482923,0.30934138302421804
2020-11-17,0.20543756059544357,0.2819347674728197,0.30955761211452865
2020-11-18,0.2062715734262442,0.28202963428487665,0.30958645502508936
2020-11-19,0.20614940950361554,0.2820849314620477,0.3098477557199037
2020-11-20,0.2065442278118984,0.28238394516166476,0.30988112186375877
2020-11-23,0.20653364592833848,0.28248663321863354,0.3099027959831671
2020-11-24,0.2067850532356625,0.2824680654954112,0.3100056280123941
2020-11-25,0.20739403573969611,0.2832138567424601,0.31012981508433285
2020-11-26,0.20681068439628536,0.2828962842089785,0.3102575200072682
2020-11-27,0.20681501496860402,0.28289148631714706,0.31022666242180275
2020-12-01,0.20689446265821212,0.2829028823257798,0.3103769811943428
2020-12-02,0.20680650968414863,0.2828366792702415,0.31026455322597657
2020-12-03,0.20685826773101543,0.28301468148112513,0.3102639198375127
2020-12-04,0.20705736866527358,0.2831304119636534,0.3103516251809343
2020-12-07,0.20725968141152923,0.283411081518119,0.3104052742379251
2020-12-08,0.20723331155148317,0.2833583407623141,0.31040133411040044
2020-12-09,0.207405660568483,0.2833860373164071,0.3104244018179773
2020-12-10,0.20740420248841757,0.28331457100810165,0.3104556010413394
2020-12-11,0.2072044862066109,0.283268989274509,0.31037182454928164
2020-12-14,0.20734581192018714,0.28330576248848466,0.31035926898179217
2020-12-15,0.20732909519806317,0.283282517559482,0.3103268569808672
2020-12-16,0.20760252299808538,0.28355944425985496,0.3102962842773577
2020-12-17,0.20760961261168734,0.2835623203532828,0.3102977324377945
2020-12-18,0.207515515800762,0.2834679999818171,0.31018133841395995
2020-12-21,0.2114647481894204,0.2851626660278977,0.31180952826147584
2020-12-22,0.21175120072945902,0.285299875353856,0.3119533135335775
2020-12-23,0.2120752152600409,0.28537334804982206,0.3120959211470335
2020-12-24,0.21212782839749658,0.2854469063521062,0.31226235683859566
2020-12-28,0.21213798876079804,0.2854555176820929,0.3123400052542283
2020-12-29,0.21194608258890416,0.2853726412344347,0.31225927092930555
2020-12-30,0.2115584931838654,0.2851135147422565,0.31213882908222984
2020-12-31,0.2116332906622048,0.28511388539295984,0.3121396829378019
2021-01-01,0.21154252151109038,0.28489741936130397,0.3120458012563405
2021-01-04,0.2119289718371537,0.28512822142491295,0.3121333753963228
2021-01-05,0.21176586748228957,0.28501957614312384,0.3120700674174495
2021-01-06,0.21169059195263915,0.28496330486076943,0.3120578615462169
2021-01-07,0.21122468227070917,0.28468108925980984,0.3114223747498343
2021-01-08,0.2121776689393937,0.2852411739252449,0.3117097904524784
2021-01-11,0.21226501611841556,0.28534143379531224,0.3118143943230111
2021-01-12,0.21209006304484035,0.28521491225386414,0.31148816891938924
2021-01-13,0.212150732372079,0.28519843362202435,0.3114794162060246
2021-01-14,0.21221262245555927,0.2851892659897347,0.3114405805172953
2021-01-15,0.21244600298082952,0.2852381543324376,0.31166459485890696
2021-01-18,0.2126254427558643,0.2851184072784019,0.31186333838153213
2021-01-19,0.21307715807615457,0.28546458074649445,0.3122744842759278
2021-01-20,0.2129180894151484,0.28542272960517456,0.31236664301357037
2021-01-21,0.2132831003303634,0.28571178373514666,0.31219781859994755
2021-01-22,0.21323737472315424,0.2856588039226895,0.3125555039176128
2021-01-25,0.21315665521974303,0.28562483426753876,0.3126611921821254
2021-01-27,0.2133068854253312,0.2858498575598694,0.3132486819719524
2021-01-28,0.21396626074188377,0.2863454118068758,0.3134205937376053
2021-01-29,0.21408453253484827,0.286818172891641,0.313528785260748
2021-02-01,0.21704040535887648,0.28847847994460124,0.316937723122804
2021-02-02,0.21874791081969266,0.2897095074013482,0.3178645536012713
2021-02-03,0.21946581779447044,0.29007203686543553,0.3178646126728364
2021-02-04,0.21884927153227274,0.28985553390721525,0.31784213623498614
2021-02-05,0.21880453059616675,0.2898585075129367,0.3170517761272033
2021-02-08,0.21897489882235915,0.2899259390282242,0.3164967560238601
2021-02-09,0.2191307400457701,0.29007879498464556,0.3163980960489312
2021-02-10,0.2191170305785223,0.2900840031938095,0.31638674816159523
2021-02-11,0.21899044229105216,0.2895960314567985,0.3163744133549709
2021-02-12,0.2190331772925304,0.28970161378067344,0.31630950327633334
2021-02-15,0.21896155891321653,0.28963140466429066,0.31639071060270973
2021-02-16,0.2186750521225622,0.2893261794001573,0.3163241570254331
2021-02-17,0.21852708255031955,0.2891089181051999,0.31640675962229486
2021-02-18,0.21857061682743092,0.2891195410052233,0.3164252148891864
2021-02-19,0.21873132487760924,0.28908890463759374,0.31651826629024654
2021-02-22,0.21980704336772558,0.2892582317954282,0.3172009157454624
2021-02-23,0.21946055070030518,0.28870288524473864,0.31704053028430257
2021-02-24,0.21959634102069928,0.28875973864565035,0.31749693978131843
2021-02-25,0.21941898733247983,0.2889147808831444,0.3168045009947372
2021-02-26,0.2226450878192825,0.29076323999438963,0.31915105853150544
2021-03-01,0.22291815155790004,0.2908121944511896,0.3193033171933294
2021-03-02,0.22411233862159052,0.2925090450297353,0.3194055922535549
2021-03-03,0.22229296129003803,0.29146789195249867,0.31774833214150516
2021-03-04,0.22240102379274365,0.29143054414206787,0.3178939188735597
2021-03-05,0.2227525643858657,0.2920802659755737,0.3177709834039321
2021-03-08,0.22275536615815397,0.2918579429380586,0.3177150896295006
2021-03-09,0.22273214755483095,0.29184262254556514,0.31782013812981114
2021-03-10,0.22260629861113643,0.2917156122430091,0.316752411984433
2021-03-12,0.22092598936824176,0.28884746491130275,0.31287738718820524
2021-03-15,0.2211939038250431,0.28913714323115014,0.3129884214920605
2021-03-16,0.21444061436381848,0.2786165883528385,0.30125187873576836
2021-03-17,0.21413880520031214,0.27833241881382165,0.29941022983247734
2021-03-18,0.21057791307154095,0.27274598871526506,0.2893260556525437
2021-03-19,0.21042237792532098,0.27232420596933277,0.28824807641869904
2021-03-22,0.2067195763680676,0.2657866881556196,0.28238035987171123
2021-03-23,0.20615553273435858,0.26457759654554536,0.2811283445316291
2021-03-24,0.20469693794700375,0.25806225272980676,0.2762164670585967
2021-03-25,0.19051689135732525,0.22840484886150267,0.24303607899146976
2021-03-26,0.1910404889817475,0.2285483399120724,0.242203960807642
2021-03-30,0.18874064778442326,0.22179167812314735,0.23455513269563913
2021-03-31,0.18568642438502236,0.21308712183489825,0.23202156241381808
2021-04-01,0.18571569930002238,0.2129034358575826,0.23222887443355106
2021-04-05,0.18415924793173444,0.2104198343207256,0.22828448496911438
2021-04-06,0.1828528518453178,0.20693629089216592,0.2254274198161576
2021-04-07,0.17986795405811187,0.20147413057873084,0.22150979529286494
2021-04-08,0.1798649957512379,0.20123840701004483,0.22030416182825213
2021-04-09,0.17301236447682555,0.18735059437473123,0.20311245418656235
2021-04-12,0.17695620642107673,0.19006302597958075,0.20642457490347613
2021-04-13,0.17564817936731789,0.1893955961035369,0.20292141798821617
2021-04-15,0.17584531242754556,0.189638347254877,0.2023973119448799
2021-04-16,0.17576857255952952,0.18960393950774004,0.2021671327192648
2021-04-19,0.17747328918309122,0.1908810015047627,0.20304860684936027
2021-04-20,0.1771783019368049,0.19003199433074644,0.20111529189097646
2021-04-22,0.17719326328169335,0.18991816752110027,0.20118718431268098
2021-04-23,0.17684531635800596,0.18913101670090945,0.19869265800400263
2021-04-26,0.17694461779243845,0.1891264668875188,0.19774133639577343
2021-04-27,0.1771693931208872,0.18916012163295476,0.19762175247467278
2021-04-28,0.17701362176796345,0.18853253520367957,0.1970942906268565
2021-04-29,0.17706991736266398,0.18849615746264742,0.19672765662279884
2021-04-30,0.17737988761848686,0.18892884204490534,0.19751315392699448
2021-05-03,0.1772833214667351,0.1889901316276146,0.19682007550983938
2021-05-04,0.17690587916539596,0.18811761557644968,0.19476621509684014
2021-05-05,0.17629036981415025,0.18437214841648478,0.1856385575233954
2021-05-06,0.17624658525916018,0.18425644222271456,0.18536879174445547
2021-05-07,0.17618206031557482,0.18427884841741388,0.18535767497167738
2021-05-10,0.1769471615364877,0.1839339060672916,0.18520212752277923
2021-05-11,0.1769394158347824,0.18391611555400927,0.18534225669456172
2021-05-12,0.17728002607262308,0.18404777786664975,0.1857239551292477
2021-05-14,0.17730347339395255,0.18405111000764782,0.1856360339200954
2021-05-17,0.1771451954033062,0.1839769750896407,0.18531080181131718
2021-05-18,0.17745805778237486,0.18404563442257527,0.18352483668314365
2021-05-19,0.17751656543170705,0.18422473425302435,0.18364716286981303
2021-05-20,0.17624983138780867,0.18182305441355842,0.1802839889586192
2021-05-21,0.17620466954585873,0.18214505079713073,0.18093791128700454
2021-05-24,0.17580843610942343,0.18139836074799554,0.17993946333014413
2021-05-25,0.17587728565492086,0.18111158264004662,0.17993056492700873
2021-05-26,0.17589058909456498,0.18107239308655004,0.17972375998675338
2021-05-27,0.17572958464785715,0.18096175763887223,0.17969365143113028
2021-05-28,0.1757769572653263,0.18025736453815927,0.17728951159140097
2021-05-31,0.17555224586259124,0.18005687456187125,0.17665222451417203
2021-06-01,0.175546245663292,0.18005069450432504,0.17651069868805874
2021-06-02,0.1748284056571899,0.1776285327074934,0.1749129899155335
2021-06-03,0.17456093633324415,0.17701560442513237,0.17445979413159546
2021-06-04,0.17417560071499266,0.17592331503748343,0.17436905062004693
2021-06-07,0.17429613370076177,0.1760262296110691,0.17432774894428493
2021-06-08,0.1741048487650053,0.17569256898218372,0.17408973363028626
2021-06-09,0.1741882839415751,0.17581404998966177,0.17429369506905085
2021-06-10,0.174076053699308,0.17568077866173828,0.1738183073657738
2021-06-11,0.17405171958980742,0.1756420904067813,0.17375619664878403
2021-06-14,0.17340955597734004,0.1744865618720542,0.17221871616136297
2021-06-15,0.17342299317894866,0.1745084066812188,0.1721469933270042
2021-06-16,0.17327870143464208,0.17397714331255543,0.1714149752531713
2021-06-17,0.1733990272070799,0.17396300542995244,0.1713458774863158
2021-06-18,0.1734208435678727,0.17397019327622454,0.17128350245511015
2021-06-21,0.17328253876022862,0.17374510405767346,0.17018566863678936
2021-06-22,0.17262482735333845,0.17188821117385522,0.16966010749562066
2021-06-23,0.17269293551887482,0.17163434633537203,0.16974549917494247
2021-06-24,0.17102889965791584,0.1672546361410845,0.16925303091159732
2021-06-25,0.1706033286841479,0.16681610253445825,0.16835843238890033
2021-06-28,0.170628138430996,0.16667542425017315,0.16838913144703668
2021-06-29,0.17059477821213692,0.16655317880625084,0.16833018133448155
2021-06-30,0.1705541540011337,0.1664811211871291,0.16814872172175044
2021-07-01,0.1701721461824601,0.1655824405321487,0.1681834657255087
2021-07-02,0.17011997808872714,0.1656283584655143,0.1678433441536946
2021-07-05,0.1700368147691098,0.16556225126438634,0.16763396622613722
2021-07-06,0.16961330353316095,0.16486585616479493,0.1676161265736809
2021-07-07,0.1693445003091723,0.16432379366595037,0.1671156288440071
2021-07-08,0.16939851406426343,0.16428347645793104,0.1674779441315391
2021-07-09,0.16941893164913185,0.16437006390809,0.16721003406687743
2021-07-12,0.16944206354067384,0.1644275302745239,0.16699834693482865
2021-07-13,0.1694981155639173,0.16448731446463458,0.16700963281749906
2021-07-14,0.16949130603068485,0.1644237353520842,0.16700488818670378
2021-07-15,0.16925425366592448,0.16421987770764465,0.1658572886454168
2021-07-16,0.16920588390879013,0.16419993708161484,0.16586495094833895
2021-07-19,0.169245586310366,0.1643446355416189,0.16603369264042994
2021-07-20,0.16951294463110214,0.16411910617988276,0.16573405575748215
2021-07-22,0.17029141669647463,0.1651680401743066,0.165809625651584
2021-07-23,0.17050097422401791,0.165518616784478,0.16542783259929136
2021-07-26,0.17045621373255485,0.16520459697537795,0.1654126370949425
2021-07-27,0.1704712344540817,0.1651314850397244,0.16542537133433666
2021-07-28,0.17049757204438407,0.16498620149954737,0.16543508312229693
2021-07-29,0.17031988818880497,0.16456045891882626,0.16531367249295267
2021-07-30,0.17040793166461066,0.16428560849028057,0.16475570908003442
2021-08-02,0.17051631157860417,0.1645389490881103,0.16457005117603857
2021-08-03,0.17057993047100228,0.16427727719926932,0.16483046405626853
2021-08-04,0.17074335049004,0.16437248404149657,0.16490213007607055
2021-08-05,0.17033113922958043,0.16401649374306565,0.16390967131111905
2021-08-06,0.17012868873389855,0.1638144235360216,0.16309199297822946
2021-08-09,0.1701303908783104,0.16378416951913197,0.16308931757994466
2021-08-10,0.17011856065347436,0.16373638026639642,0.1629244509634064
2021-08-11,0.1701979769610111,0.1640430025625276,0.16293025309845136
2021-08-12,0.16947481716075197,0.16370648735735918,0.1629311713107862
2021-08-13,0.16947921209136296,0.1634475960043523,0.16312509345845433
2021-08-16,0.16947607594098707,0.1634363471606747,0.16310159173624322
2021-08-17,0.1695406586532674,0.1634417824765577,0.163092874739477
2021-08-18,0.16905617516934104,0.16283253832287883,0.16267741933217297
2021-08-20,0.1691189520208504,0.16284020540863606,0.16284853065897417
2021-08-23,0.16896025782631127,0.1622643023288287,0.1624968427450586
2021-08-24,0.16903869764169888,0.16222077242972155,0.16261604603205063
2021-08-25,0.16882602413220962,0.16208256007750055,0.16231003620362286
2021-08-26,0.16878576376506133,0.16206745770170608,0.16227460027046234
2021-08-27,0.16900609715092893,0.16211863957640688,0.16215221432703114
2021-08-30,0.16937425112336799,0.1628356410050316,0.16259001535241693
2021-08-31,0.16993640333505014,0.16360204927777086,0.16283423449990916
2021-09-01,0.1699953950248519,0.16370100201841448,0.16290566502332063
2021-09-02,0.1700234643902565,0.16387090320633518,0.1629732464554297
2021-09-03,0.16788488455040873,0.16255977089794738,0.16122893522206191
2021-09-06,0.167398849480378,0.16214136792191,0.1611390270758953
2021-09-07,0.1671775947577169,0.1619851189527391,0.16111118021672954
2021-09-08,0.16722880686654065,0.16212368770694693,0.16110894744040782
2021-09-09,0.16634238123389353,0.16152736820160002,0.1600403424458683
2021-09-13,0.16627963158702047,0.16156018253988,0.1600605886475137
2021-09-14,0.16568808774759838,0.16100715351127642,0.15998043096439338
2021-09-15,0.16608857891553697,0.16131427845323698,0.16001623030418252
2021-09-16,0.16615433846305755,0.161232276619823,0.15951547728899645
2021-09-17,0.16627985828192113,0.16138967263621443,0.15957233904609167
2021-09-20,0.16645919589267522,0.16140459548420638,0.1600114811965227
2021-09-21,0.1663029513315673,0.16025608068405325,0.1601084995708147
2021-09-22,0.16616527864972766,0.16013309280638302,0.16003547355089628
2021-09-23,0.16579752964606487,0.15890403380278592,0.16037568693790064
2021-09-24,0.16579943086016366,0.15866025376181203,0.1603518868271743
2021-09-27,0.1617742544083596,0.15525490530268157,0.15855516769736006
2021-09-28,0.16145234801366493,0.1549421394757215,0.15840118724059238
2021-09-29,0.16090670360078874,0.15430402253524145,0.15840483992556842
2021-09-30,0.15785707802858912,0.15242173340128315,0.15544594979685958
2021-10-01,0.15620930656706028,0.15101695028008708,0.15420610314625782
2021-10-04,0.15497385003738376,0.14971712496217332,0.15372034531577872
2021-10-05,0.1547553312663216,0.14963716288556883,0.1538028429735273
2021-10-06,0.15528191179668147,0.15000746743433913,0.15425248395758195
2021-10-07,0.15590081732840047,0.1509525806346514,0.15381302941511804
2021-10-08,0.15588494371860978,0.15081870869218134,0.15375920026120551
2021-10-11,0.1557458412187517,0.1506948125454998,0.15328834395749563
2021-10-12,0.1557144456099247,0.1507294699115403,0.15321488547838708
2021-10-13,0.15580257411843706,0.1507123158484319,0.15327406739071212
2021-10-14,0.15581901990680427,0.15068447684385636,0.1534016610654594
2021-10-18,0.15581902761158478,0.15066644077697997,0.1535105400433254
2021-10-19,0.15625982778106146,0.1513136686193529,0.1535829178210894
2021-10-20,0.15664854448382323,0.15147747532809108,0.1539043250899454
2021-10-21,0.155330369677491,0.15028835063772925,0.1518197034834808
2021-10-22,0.15557186068383022,0.15049395682130465,0.15182007358917748
2021-10-25,0.15564455361146673,0.15062892735442407,0.15163043827550512
2021-10-26,0.15567075405737438,0.15067687382538514,0.1517554629171073
2021-10-27,0.15565631470102406,0.15074275318281669,0.15182471223587668
2021-10-28,0.156836592318011,0.15190897625723188,0.15320492767244248
2021-10-29,0.15683419158276812,0.1519870372184252,0.15367330030255338
2021-11-01,0.15660233888351935,0.1523348929144034,0.15345595584036958
2021-11-02,0.15633128819393974,0.15166634926927336,0.15326283231856924
2021-11-03,0.1563140675627471,0.15177654156718084,0.15259446695937706
2021-11-04,0.15523658460026388,0.15097476511660582,0.1524782701867992
2021-11-08,0.15535064662860648,0.15072738404660097,0.1525678476644214
2021-11-09,0.15530322099534372,0.15057849662905168,0.15259919946542816
2021-11-10,0.15520520333716523,0.1505827466535935,0.152262498506915
2021-11-11,0.1551944481215467,0.150488416915518,0.15243709399591232
2021-11-12,0.1546331777130883,0.14997624084384228,0.15198993497068747
2021-11-15,0.15462972553960058,0.14999288031259234,0.15165087455001466
2021-11-16,0.15418470682798027,0.14924071453419246,0.15114183448454105
2021-11-17,0.15420923272565737,0.14962881131613057,0.1508140602225076
2021-11-18,0.15445768377558658,0.14985864745958966,0.15086577506839693
2021-11-22,0.15498210068841203,0.15005425624736835,0.15220210638178014
2021-11-23,0.15546539164644219,0.15030283204866862,0.15224343496516363
2021-11-24,0.15568357693831222,0.1505198111861746,0.15237065455697313
2021-11-25,0.15566438291784312,0.1505211692399447,0.1520891697136543
2021-11-26,0.15782190777130262,0.15339338167228322,0.1550392554386164
2021-11-29,0.15787835751689894,0.153290222781643,0.1544004179095099
2021-11-30,0.157444533251975,0.15277783524553618,0.15438813523711778
2021-12-01,0.15746730338846812,0.15269478759816754,0.15463687580151803
2021-12-02,0.1576874069373831,0.153154475979074,0.1548933824705837
2021-12-03,0.15705943990312032,0.1518334821430887,0.15458102774385477
2021-12-06,0.15800680317863353,0.15302553097537072,0.15534090494334063
2021-12-07,0.15823981652015018,0.15340757814460562,0.15599903331809345
2021-12-08,0.15847741851768227,0.15381598366236773,0.1565119472739003
2021-12-09,0.15846161161015254,0.15378022617025655,0.15651695535422744
2021-12-10,0.1583991166295673,0.1534203623195866,0.1565239023445813
2021-12-13,0.1580122891866231,0.15314501019750873,0.15657993448862198
2021-12-14,0.15778062164800158,0.15265554905344206,0.15649695302569025
2021-12-15,0.15770368425827275,0.15265259521882718,0.15664627535082615
2021-12-16,0.15751442140490768,0.1526001937004085,0.15637949446370866
2021-12-17,0.15807281445331095,0.153026029267641,0.1571529043377054
2021-12-20,0.15883198402846663,0.15383895215958324,0.15878977746945433
2021-12-21,0.15884850380475557,0.15393787485501984,0.1590024072694437
2021-12-22,0.15941231472311115,0.15456336274512797,0.15932353885679873
2021-12-23,0.15909703831478408,0.15411876312284592,0.1592573069424476
2021-12-24,0.159313350752493,0.15426958039512056,0.1592995092839718
2021-12-27,0.15938208577154733,0.1543511349637287,0.15934772005223904
2021-12-28,0.15407109367804006,0.15114752378768015,0.1561933338954585
2021-12-29,0.15364092392493936,0.1507493679493406,0.1559304553580218
2021-12-30,0.15322881587696982,0.1506102831704851,0.1556768590028154
2021-12-31,0.15334521475609333,0.15081868723924563,0.15555333833386678
2022-01-03,0.15350344332326196,0.15087506821211596,0.15603882074035028
2022-01-04,0.15368319772075928,0.15106960058754731,0.15627512446162944
2022-01-05,0.15370295136272366,0.15109695790221045,0.156359580757907
2022-01-06,0.15374514078629864,0.15119717855226564,0.15674560910443475
2022-01-07,0.1536057804657619,0.1511734334122493,0.1567616053371217
2022-01-10,0.15303497544561454,0.1506736915744837,0.15689859450431878
2022-01-11,0.15309801233891593,0.1509886303299115,0.15686627930178004
2022-01-12,0.15335871294936806,0.151258093083145,0.15698028451496934
2022-01-13,0.15361144333100066,0.15164692152262246,0.15697779076103838
2022-01-14,0.15232351997038232,0.15060950803948592,0.1563707023719408
2022-01-17,0.1522128290829641,0.1504195576744943,0.15614483701396334
2022-01-18,0.15277847527927813,0.15098720148293102,0.15651227321152705
2022-01-19,0.1528977509506335,0.1510618541622466,0.15686595336211528
2022-01-20,0.1526674078658227,0.15100824580810024,0.15724509265629252
2022-01-21,0.15234087887923575,0.15071854599392873,0.15703305179314261
2022-01-24,0.15353604867730936,0.15313514916447257,0.15900344795876792
2022-01-25,0.15301527049502062,0.152333763567412,0.1583341847834465
2022-01-27,0.1536887080406847,0.15377053385159575,0.15848490396914655
2022-01-28,0.15317731347728497,0.15323370655049776,0.15842820056571785
2022-01-31,0.1534452603942382,0.15356954897167072,0.15819591070140487
2022-02-01,0.15384552047060565,0.1540707257115902,0.15839459915725537
2022-02-02,0.1535451502367144,0.15401441680927533,0.15748024103513264
2022-02-03,0.15315706704027265,0.1536231545987037,0.1576103618863629
2022-02-04,0.1525663473988601,0.15237188978160385,0.15700079841120665
2022-02-07,0.1493466306740873,0.15003070278313893,0.15102982605477613
2022-02-08,0.14684964477255583,0.14768787016785626,0.14896799585922088
2022-02-09,0.14593980021380712,0.14722569542251585,0.14908161141525986
2022-02-10,0.1461081916341068,0.1473429459041812,0.14912770461010122
2022-02-11,0.14662084713019302,0.14781684016280158,0.14976260059019145
2022-02-14,0.14780262408440517,0.14918980884687943,0.1524911452933863
2022-02-15,0.15010579356313555,0.15158441674182557,0.15536913676367103
2022-02-16,0.15010016896904124,0.1516413067521813,0.15538482650411187
2022-02-17,0.15010968048211953,0.15164228420521342,0.1553453783700356
2022-02-18,0.14995332117952842,0.15150698256183429,0.15535619800024597
2022-02-21,0.15017360222841686,0.1516864121660322,0.15513514913496368
2022-02-22,0.15007497538129907,0.1512483141843871,0.15529933881752248
2022-02-23,0.1501100236323887,0.15126051570209453,0.1551414594312067
2022-02-24,0.15658796732124142,0.1571881205918877,0.16236162226293632
2022-02-25,0.15791693333766132,0.1599075692018489,0.1639856501284386
2022-02-28,0.1564208552483293,0.16013073900844169,0.16281364380618105
2022-03-02,0.15660319657440053,0.16031768917675052,0.16323084923528652
2022-03-03,0.15635753944351358,0.1601415430337911,0.1623644702970051
2022-03-04,0.15650348879963386,0.16075487007604036,0.16296087361136594
2022-03-07,0.15218107108735238,0.15849450829934697,0.1602477418069278
2022-03-08,0.1512655343938507,0.1580594089854436,0.15974247785343512
2022-03-09,0.15017954307209158,0.15721152628975654,0.16070667532224087
2022-03-10,0.1500964271212939,0.15720906133342094,0.15995352806967658
2022-03-11,0.14989171805480078,0.15720603070569747,0.15956693448608747
2022-03-14,0.14910369547457392,0.15584581844905612,0.15987175015385893
2022-03-15,0.14913785178380043,0.15606857598579857,0.160388108280028
2022-03-16,0.14930649911489727,0.15633895237402487,0.16117419948311723
2022-03-17,0.14990120676005808,0.1587194629392421,0.1620969359722951
2022-03-21,0.14988228068886617,0.1584562014095688,0.16211734068344086
2022-03-22,0.1495400590734841,0.1580362460618341,0.16232148427261844
2022-03-23,0.14963221380621541,0.1580543314157098,0.1623776021942187
2022-03-24,0.1487981357447016,0.15727802675174932,0.16183882987826415
2022-03-25,0.14867528828246745,0.1573804117407421,0.16147677604139007
2022-03-28,0.14869704493207223,0.15755572646086508,0.16105558897210226
2022-03-29,0.1487974524041127,0.15762546403736705,0.16113922358786142
2022-03-30,0.1488338723026998,0.15764523839946112,0.1613410266415492
2022-03-31,0.14778011575815111,0.15664415848024388,0.1602766715395016
2022-04-01,0.146529152319593,0.15493051334056177,0.1598233388805823
2022-04-04,0.1474819071201863,0.15597425078667537,0.16073605267006022
2022-04-05,0.14620473074763268,0.15491230064941042,0.1592786004445012
2022-04-06,0.146068807080547,0.15468158675957822,0.1591462625068316
2022-04-07,0.1461441137991763,0.15486304443061266,0.15907571683395683
2022-04-08,0.1459640089530504,0.15455667759231007,0.15841891764450375
2022-04-11,0.146041970092684,0.15449248406430915,0.15855515719440819
2022-04-12,0.1463355811925741,0.15476003701293436,0.1585802579784225
2022-04-13,0.14634544010139275,0.154815649507186,0.15859814794452673
2022-04-18,0.14662886131733344,0.15508397151424047,0.15957998359213332
2022-04-19,0.1426200746080167,0.15213670119300607,0.1560104376949012
2022-04-20,0.14190170032683605,0.15201060398408187,0.155787182673084
2022-04-21,0.14203797365261714,0.15201778816961448,0.1563701145726145
2022-04-22,0.14233730321963398,0.15223221847538884,0.15693578168694236
2022-04-25,0.1413059038336306,0.15202336511783027,0.1564287224034642
2022-04-26,0.14290318303642546,0.1536100528694429,0.1569556112462289
2022-04-27,0.1434493334928592,0.1544739191127541,0.15713414983001103
2022-04-28,0.14368837442493473,0.15470866384751727,0.15745963744800398
2022-04-29,0.14383116333230797,0.15477366661519212,0.15744427508850622
2022-05-02,0.1434752989454444,0.15450608291315152,0.1570858475001914
2022-05-04,0.14403519803490464,0.1554912567603055,0.15823568031584656
2022-05-05,0.14400257252608212,0.1554825341411293,0.15822829542091169
2022-05-06,0.1439785328677303,0.15641847927650815,0.1580681235584922
2022-05-09,0.14389898952620173,0.1564501862259322,0.15823049655412547
2022-05-10,0.14385173075868865,0.15648849596701783,0.15797777086532763
2022-05-11,0.14309553816718162,0.15625121238474385,0.1578579905676759
2022-05-12,0.14356285942142324,0.15736098428935785,0.15932323473784463
2022-05-13,0.14366256271024783,0.15753776810234799,0.1592075891268802
2022-05-16,0.14225823288364636,0.15726442767116428,0.15905718117670284
2022-05-17,0.1427995868065936,0.1586252174611582,0.16104182979676573
2022-05-18,0.14246715701612545,0.15844955665561603,0.16068472680577628
2022-05-19,0.1436277080161288,0.16114895299809218,0.16292608827026006
2022-05-20,0.14460217248733848,0.16325519590433832,0.16460046701001554
2022-05-23,0.14347647184545154,0.1622293778925078,0.16419666978920763
2022-05-24,0.14345447511966042,0.16211046567315227,0.164209275158371
2022-05-25,0.1436769379359709,0.16278372844003025,0.16411256833590213
2022-05-26,0.14331394124828473,0.16231842021073403,0.16337896523761022
2022-05-27,0.1434737879816025,0.16267153551783403,0.16374285612638764
2022-05-30,0.14390198215004044,0.16431449692135242,0.16478993603239872
2022-05-31,0.14385928889105978,0.1643306700957233,0.16476662877494191
2022-06-01,0.1438603138913936,0.16439192654482782,0.1648051314451377
2022-06-02,0.14359959269001454,0.1643354130018087,0.1648048955232184
2022-06-03,0.14361422472302243,0.16420345244157894,0.16457303269023202
2022-06-06,0.14364433685151423,0.16435453545571183,0.16457534591196016
2022-06-07,0.14377303687635762,0.16482738722246576,0.16485183886993812
2022-06-08,0.14371957988677325,0.16480885211351784,0.16474517616146162
2022-06-09,0.14374769658343373,0.16483507977494383,0.16489665330343298
2022-06-10,0.14361569614445327,0.16468099763404884,0.1656965431344321
2022-06-13,0.14464302375401286,0.16631720531492886,0.16780765588963636
2022-06-14,0.14452353293108233,0.16614706007290672,0.167694920946817
2022-06-15,0.14442106580794145,0.1658384927441821,0.16758917591117017
2022-06-16,0.1451563659111631,0.1671072415091154,0.16887469783344738
2022-06-17,0.145485631734653,0.1679701248394626,0.1689275445419598
2022-06-20,0.14548088988099178,0.16797854934369977,0.16892919059898248
2022-06-21,0.14565566064141194,0.16833921786744213,0.16985915421302844
2022-06-22,0.1457474121370385,0.16877907165650477,0.1704041304400507
2022-06-23,0.14621127725906677,0.1693863489602569,0.17065762851296218
2022-06-24,0.14658226195889607,0.17011407409592688,0.17085589834535478
2022-06-27,0.1467637656173095,0.1702937435917734,0.17105547886857764
2022-06-28,0.14641761762173472,0.17026109030072065,0.17096915070851593
2022-06-29,0.14612474031092504,0.17011156715355844,0.17087641772054013
2022-06-30,0.1461259025320179,0.17038893017278894,0.17082464022937854
2022-07-01,0.1460999719723526,0.17038732831445086,0.17080942419708925
2022-07-04,0.14615380767006445,0.1708306138066313,0.17083664063597914
2022-07-05,0.14613635437125042,0.17074566889625628,0.17083499201038801
2022-07-06,0.1463550665311101,0.1717946061348271,0.171181721860993
2022-07-07,0.1465406722758337,0.17183654809748752,0.17138979049986827
2022-07-08,0.1466819362739012,0.17232442302368212,0.17132886307336037
2022-07-11,0.14676860073184278,0.17260568904774726,0.171325402379014
2022-07-12,0.1468713434377939,0.17285791230092726,0.17156853989181278
2022-07-13,0.1466969390287639,0.17279254366558106,0.1713940713734912
2022-07-14,0.14663634496317043,0.17272950827556777,0.17138542277590516
2022-07-15,0.14689691158465504,0.17335315177684757,0.17152087538622462
2022-07-18,0.14686164995022002,0.17331822540773031,0.17194109149651463
2022-07-19,0.1468468959509815,0.17332634897127036,0.17196208665627927
2022-07-20,0.1468455549069698,0.17337780087711455,0.17225253722748438
2022-07-21,0.147102647101109,0.17374630807296934,0.17232210926831684
2022-07-22,0.14709239460315415,0.17373069943118408,0.17209708279641497
2022-07-25,0.14670339453235143,0.1735336035719089,0.17200446159924207
2022-07-26,0.14579542581672644,0.17267707022188236,0.17182517967991093
2022-07-27,0.14584423997516743,0.17287077386299876,0.17207089563877567
2022-07-28,0.1458852730409873,0.172931740578759,0.1728973128554495
2022-07-29,0.14618954848891802,0.17321915605850854,0.17331693435170348
2022-08-01,0.14692653555319127,0.1736852004171426,0.17359388492251623
2022-08-02,0.14687849444672044,0.17358102985525162,0.17354876960845192
2022-08-03,0.14658485673209465,0.1735241141111661,0.1735547465026726
2022-08-04,0.1464750797239814,0.17325200650599634,0.17340178788533783
2022-08-05,0.14616575301603435,0.17308113654354682,0.17274356508342728
2022-08-08,0.14634778036333673,0.1731230195981769,0.17271801836337825
2022-08-10,0.14637664825354668,0.17313020405775512,0.17270820174554902
2022-08-11,0.1463965545733681,0.1732098175191264,0.1727965399221592
2022-08-12,0.14641291234073447,0.1733203244855304,0.17280414078982634
2022-08-16,0.1466071104458,0.17346997160147112,0.1729348422680207
2022-08-17,0.1466421240029489,0.17371601906139467,0.17304770742123474
2022-08-18,0.1463825727361851,0.17363967729601917,0.1729862517930821
2022-08-19,0.14656277964225872,0.17421441201304974,0.17309254409049174
2022-08-22,0.14724873481290765,0.17559129967966716,0.173769080252828
2022-08-23,0.1474957215131255,0.17568302983517503,0.17380924893889707
2022-08-24,0.1475006212391127,0.17570296749306605,0.17378711173036623
2022-08-25,0.1475079916355925,0.17570864254708463,0.17369881037623305
2022-08-26,0.14772291210812424,0.175974743450563,0.1736900422179787
2022-08-29,0.1477927636165529,0.1762364330988725,0.17411566215545485
2022-08-30,0.14891512823727562,0.1774843088718514,0.17598201090772647
2022-09-01,0.1489622272076996,0.17749206014234475,0.1764261823980996
2022-09-02,0.14863626929298604,0.17731260219406483,0.17638477314856374
2022-09-05,0.1482289829440685,0.17663100586476416,0.17602060164745
2022-09-06,0.14741287564200456,0.17583867142797346,0.17563318331521816
2022-09-07,0.1473731700290282,0.17577545757651922,0.17561005186380302
2022-09-08,0.14740652156104186,0.1756273145798245,0.17564468352489257
2022-09-09,0.14750210162200647,0.17574208211740447,0.1755818712822566
2022-09-12,0.14757169623333546,0.17589132426446738,0.17564649895679632
2022-09-13,0.14772796159285045,0.17636124698103306,0.17579319637560392
2022-09-14,0.14766023997307773,0.1764047694080207,0.17583480479924138
2022-09-15,0.14766096893078337,0.17640624580126096,0.17598166941766555
2022-09-16,0.14848222900648506,0.17683772111351598,0.17706313795472534
2022-09-19,0.14845420712744897,0.17682244159366742,0.1771320918460682
2022-09-20,0.14819145130650319,0.17670699576092644,0.17729095664540315
2022-09-21,0.1483290284283804,0.17670391229100774,0.17727176864590907
2022-09-22,0.1482415577361347,0.1766166374950423,0.17732565208939274
2022-09-23,0.15021857586421133,0.1785415094492541,0.17783586226252324
2022-09-26,0.15142176070101382,0.1794139868912347,0.1784888905279325
2022-09-27,0.1514214270187284,0.1794053624147248,0.17848763269129944
2022-09-28,0.1510945157479754,0.17908502673394133,0.17798980506826062
2022-09-29,0.15109843460131836,0.17906755193424537,0.17799411771845938
2022-09-30,0.15203455074898353,0.17979439211418102,0.1787663879331728
2022-10-03,0.1525413117412993,0.18041644915827576,0.17907378459519
2022-10-04,0.153538659654462,0.18157578117206125,0.18053903236494376
2022-10-06,0.15348380341210832,0.18156854233242162,0.18049375797748823
2022-10-07,0.15348466402204344,0.1815664420360625,0.18042988951563962
2022-10-10,0.15339736861837,0.18159213501355936,0.18024988426159597
2022-10-11,0.15379618593028768,0.18190416656699537,0.18070723440459338
2022-10-12,0.15369853081903923,0.18182001529852074,0.18063340902299407
2022-10-13,0.1528176230365732,0.1809079718122999,0.18055379224972248
2022-10-14,0.15279558547188843,0.18090446323859727,0.18074152393261994
2022-10-17,0.15274617378993943,0.1809004417203553,0.18087084753417665
2022-10-18,0.15340852450125878,0.1818068922564594,0.18113914214447738
2022-10-19,0.15295474681284482,0.18131010417600332,0.18089511827320887
2022-10-20,0.15300293422518751,0.1813995942806124,0.18065265621214827
2022-10-21,0.1530673814282985,0.18142620617317226,0.18049088709326927
2022-10-24,0.15252908040097057,0.18078496549591921,0.18068516522688013
2022-10-25,0.15217947614474778,0.18056918356520366,0.18054621473223423
2022-10-27,0.15243051301029625,0.18060892600166775,0.1805415864844507
2022-10-28,0.1522134638087824,0.18035309861328133,0.18053065576719635
2022-10-31,0.15343292358631247,0.18164024217243915,0.18097462685658577
2022-11-01,0.15383025184317606,0.1820469911452973,0.18095377076369662
2022-11-02,0.1539978652215533,0.18238916095712646,0.18095936289311554
2022-11-03,0.1529240723454375,0.18145558836407485,0.17991047994377204
2022-11-04,0.1530240602830246,0.18170431304117127,0.17963389260008966
2022-11-07,0.15285696371441052,0.1812943824268795,0.17910782632173208
2022-11-09,0.15327892594478928,0.18157171378674714,0.1791112972638117
2022-11-10,0.15354854467112194,0.18173063753374472,0.17922345229587522
2022-11-11,0.15354209530625065,0.18164152807405626,0.18003510242142653
2022-11-14,0.15314894465931658,0.18148023005018618,0.1798459629472006
2022-11-15,0.15297386319496623,0.18128536730259004,0.17988274933996243
2022-11-16,0.1530078181304362,0.1812857369560878,0.1798753010544792
2022-11-17,0.1530009364271925,0.1812853915472348,0.1797296730669236
2022-11-18,0.15305545185565628,0.18132804470966532,0.1792923464696994
2022-11-21,0.1531381999604587,0.1813465652824881,0.1794784335727555
2022-11-22,0.15325090076666398,0.18150309914592397,0.17942919053275022
2022-11-23,0.15301039838190475,0.18106577017905456,0.17934130475562834
2022-11-24,0.15311161240611693,0.18119409082919624,0.17955925751658824
2022-11-25,0.15261677738020768,0.1809167714816471,0.1784570760352423
2022-11-28,0.1520581392135149,0.18067745846750416,0.17841158707556562
2022-11-29,0.15193485204054072,0.18058071513456797,0.17835084602466847
2022-11-30,0.15228563806868825,0.18082669081156086,0.17837328383619835
2022-12-01,0.14912651982014574,0.17832829317416302,0.17593071577702352
2022-12-02,0.14923493275641267,0.17836057206174788,0.1760521383709726
2022-12-05,0.1492058378888762,0.17836158529077842,0.1759923038231196
2022-12-06,0.1491990081888013,0.17829790501298406,0.17571916949321195
2022-12-07,0.14855569506303007,0.17783335422635158,0.17527645679232573
2022-12-08,0.14812462294917075,0.17747265742170887,0.17487004495080863
2022-12-09,0.1471113974344249,0.17648232746603487,0.17416482924089605
2022-12-12,0.14683780919664108,0.17618360356868873,0.17349341140966648
2022-12-13,0.14642859852786932,0.17575660443483582,0.17277486784588245
2022-12-14,0.14646154489840854,0.17575898641941787,0.17277649495199748
2022-12-15,0.14683636480956547,0.1761349998442577,0.1732991292526445
2022-12-16,0.14744878887705096,0.17661691078024902,0.17328728696151594
2022-12-19,0.14772303090021324,0.1768564944184996,0.17345065175792504
2022-12-20,0.14779815096333035,0.17693754290744412,0.17335054972925076
2022-12-21,0.14794576265415155,0.17740742822016695,0.17366022412408452
2022-12-22,0.14758828606802524,0.17740991051305435,0.17301154074550348
2022-12-23,0.1475882517182451,0.17766957537712064,0.17252598095156918
2022-12-26,0.14786710539215608,0.17850838688408008,0.17265908300752106
2022-12-27,0.1471430591872616,0.17792619146674715,0.17243949207826897
2022-12-28,0.14704134861173923,0.1778489808447845,0.17231479110432946
2022-12-29,0.146837301774951,0.17773121993182386,0.1722948686075482
2022-12-30,0.14682488534629923,0.17770932505580617,0.1723080921713179
2023-01-02,0.14671171034422045,0.17770006640691421,0.17217363375133377
2023-01-03,0.146736039940292,0.17771334055508717,0.17217566423858324
2023-01-04,0.14720789358375974,0.17832549377547252,0.17250506894993703
2023-01-05,0.14697374772059948,0.17800936089956235,0.17232163430122066
2023-01-06,0.14705539842335089,0.17834097979473051,0.17178647197008926
2023-01-09,0.14734866202141111,0.1782997747943636,0.17201621054034935
2023-01-10,0.14744516976842806,0.17833899920194346,0.17220415651184368
2023-01-11,0.14734362414197702,0.17830539840362222,0.17191129675894382
2023-01-12,0.14735675762807335,0.1783059153935609,0.17188548954672805
2023-01-13,0.14734030658618616,0.17833416114776102,0.17164136687436637
2023-01-16,0.14724481701903286,0.17803674111861145,0.17165244719903838
2023-01-17,0.1474945195982836,0.1780729258519588,0.17166172342886094
2023-01-18,0.14755367996255825,0.17805207787020907,0.1717554617739772
2023-01-19,0.1475790185583848,0.17815872775323985,0.1717852819382636
2023-01-20,0.14780024593261507,0.17842383095254313,0.17181907007195762
2023-01-23,0.1473605014988903,0.17806003440175414,0.1715589438795386
2023-01-24,0.14718427799855321,0.17802748904230978,0.1712822473536191
2023-01-25,0.14734638484919227,0.1780782569769559,0.17144118809870323
2023-01-27,0.14766917767296941,0.17866429581256787,0.1720186115562229
2023-01-30,0.1465294798038839,0.1768972622033891,0.16994572558408896
2023-01-31,0.14638569903809456,0.17714505028325242,0.16978685925020082
2023-02-01,0.14576711529879446,0.1759365508301975,0.16952104623807282
2023-02-02,0.14577265322293664,0.17596132126215314,0.16952055027506757
2023-02-03,0.1462135586428535,0.1762502392808266,0.1695144548879049
2023-02-06,0.14578362034305387,0.17581669149234375,0.16904996076438225
2023-02-07,0.14565327749568377,0.17540270557485754,0.1686762499631509
2023-02-08,0.14510969864072137,0.17499089323143424,0.1684245335556814
2023-02-09,0.14511448715136,0.17572240003139106,0.16840736632347275
2023-02-10,0.14411680911366587,0.17510257777864882,0.16751201045688957
2023-02-13,0.14410350789949541,0.1751780337689816,0.1675610587138751
2023-02-14,0.1438213517891923,0.17490492453960058,0.16741293181897696
2023-02-15,0.14361093897777652,0.17483388066641795,0.16728655546537413
2023-02-16,0.1431201217172475,0.17448921489860547,0.16675742662377394
2023-02-17,0.14103094463995366,0.17292906228759772,0.1639507751085739
2023-02-20,0.1382239894046437,0.1706053434690122,0.16127094823218324
2023-02-21,0.13822252118952288,0.17054072131731796,0.16126386521769387
2023-02-22,0.13881436454209028,0.17080294268284615,0.1619979800567547
2023-02-23,0.13890554099628902,0.1708582349956343,0.16200887282417256
2023-02-24,0.13891953605198443,0.1708969186676325,0.16197841535812596
2023-02-27,0.13888397528158086,0.1709425136189731,0.16189379096595333
2023-02-28,0.138859800017019,0.17097919266209918,0.1619680321127464
2023-03-01,0.13150804693356563,0.16563173833279557,0.15488433831567708
2023-03-02,0.12960213093295092,0.1631457117043669,0.153038465124636
2023-03-03,0.1296341331705947,0.16269060500863017,0.15362103009308692
2023-03-06,0.12939542859093084,0.16262205833788088,0.15332507785126073
2023-03-08,0.12941100820609464,0.1626892483647527,0.1531873522222521
2023-03-09,0.1288545177852249,0.16162179415944453,0.1526862323821296
2023-03-10,0.1284794439620877,0.16040986417204617,0.15115614670402552
2023-03-13,0.12850991659382768,0.1605828903023529,0.15164894106242197
2023-03-14,0.12756822587449335,0.15820879608467844,0.15040810177996464
2023-03-15,0.1274669665189208,0.15815759221871822,0.14970901695081207
2023-03-16,0.12746553257194154,0.1581810597984523,0.1496969191612708
2023-03-17,0.12748383185828235,0.1582812819310064,0.14915067571034415
2023-03-20,0.12741445710997734,0.1581227653359047,0.14877637631709273
2023-03-21,0.12722709785931138,0.15788716137484052,0.1477608424800174
2023-03-22,0.12631647369439983,0.1553682627098482,0.14663858003549513
2023-03-23,0.1260970601321062,0.1551937315825485,0.14637405039760837
2023-03-24,0.1261496536316844,0.15540289847227878,0.14611916664029284
2023-03-27,0.1260561162552826,0.155395262766535,0.1460843911630506
2023-03-28,0.1261248948035363,0.15568066149020007,0.1460920101348345
2023-03-29,0.12614092740143878,0.1560398275724441,0.1462343798269082
2023-03-31,0.1262642806615182,0.15709098341080638,0.14708834291063402
2023-04-03,0.1261320661930096,0.1570574097982497,0.14698386006530587
2023-04-05,0.12658080771002095,0.1574879847966713,0.146929096417874
2023-04-06,0.12656233363064984,0.15737776895265435,0.14693431695979328
2023-04-10,0.12618448005148664,0.15711536823572247,0.14647021241422156
2023-04-11,0.12403540596832671,0.1553995650952047,0.14495925576229834
2023-04-12,0.12397815422114498,0.15530606915381875,0.14495165402482013
2023-04-13,0.12400744586283342,0.15532375946803423,0.14471151144481764
2023-04-17,0.12387019665798223,0.15519524570590715,0.14456157536857903
2023-04-18,0.12387933599625418,0.15518485984721583,0.1443542181956511
2023-04-19,0.1238323429087959,0.155203055210224,0.1442411388684474
2023-04-20,0.12346798316005692,0.1549726406664349,0.144005536750952
2023-04-21,0.1234645312449825,0.15493630689992743,0.1439701799844441
2023-04-24,0.12312414287110561,0.15467992833952945,0.14306544382754233
2023-04-25,0.12245063117388012,0.15438007068896664,0.14250245430132055
2023-04-26,0.1220673807561227,0.15395816866581866,0.14214810652711815
2023-04-27,0.12154650125107025,0.1535094754920587,0.14148413686735345
2023-04-28,0.12139181249265658,0.15339064660944554,0.1411315148802201
2023-05-02,0.12022080705519254,0.15229330367874622,0.14059793971308268
2023-05-03,0.11821850178721777,0.15065601016885213,0.13991026900123885
2023-05-04,0.11781005786116823,0.1500405074671551,0.13985555792500615
2023-05-05,0.11750776330063295,0.1498474998512895,0.13974638338141
2023-05-08,0.11725448685204365,0.14970669666142314,0.1398852581657654
2023-05-09,0.11726134067861714,0.149730917777144,0.13986710773004807
2023-05-10,0.11651199950666907,0.14873813884002257,0.13792558154796078
2023-05-11,0.11655987853610573,0.1487605174103521,0.13793262478911048
2023-05-12,0.1160200646003471,0.14710470999266578,0.13691408046895467
2023-05-15,0.11610250217151895,0.14702944318210076,0.1367874564029316
2023-05-16,0.11621505675351665,0.1469536487734465,0.13688023618026524
2023-05-17,0.11610812746051596,0.14664205004270417,0.1369311494041502
2023-05-18,0.11573861206532485,0.1455693614697223,0.1350625928384867
2023-05-19,0.11561297780555334,0.14536809463949277,0.13508866162905742
2023-05-22,0.1157848850658304,0.1453817731752748,0.13516251877563767
2023-05-23,0.11524407647322832,0.14396424230557225,0.13268145159056996
2023-05-24,0.11521552328922832,0.1439308573265344,0.13272897479993437
2023-05-25,0.11375906703016128,0.14095552244291393,0.1299302643909151
2023-05-26,0.11267145902997978,0.13844282101794772,0.12712662741736694
2023-05-29,0.11273232810928728,0.13848208294083514,0.12716319662698086
2023-05-30,0.11269851548187934,0.13843186887386766,0.12702224284109745
2023-05-31,0.11235938123576604,0.13738270339884792,0.12698082601755478
2023-06-01,0.11233353373410768,0.13726999380852897,0.12673831675607747
2023-06-02,0.11247044063822914,0.13711219549889075,0.12629693967263736
2023-06-05,0.11192445218457343,0.13523812070460026,0.12497451723253124
2023-06-06,0.11191416258961916,0.13520535003815173,0.12487062515492856
2023-06-07,0.11209195024685177,0.13524797068563524,0.12496029625884617
2023-06-08,0.11238347871972014,0.13547433447727475,0.12493971752593365
2023-06-09,0.11236933482140816,0.13548230166756378,0.12497513492011601
2023-06-12,0.11235755331748423,0.13528967057882557,0.12497743487965542
2023-06-13,0.11281925256429973,0.13575457340094346,0.12472194339575365
2023-06-14,0.11284829452733829,0.1357782365773088,0.12465993844020273
2023-06-15,0.11285738508972125,0.1358403689241072,0.12453821946371867
2023-06-16,0.11299557670081216,0.1361208430941403,0.12350760510706757
2023-06-19,0.11165191703652674,0.13403903226553104,0.12057808203710295
2023-06-20,0.11166597892399169,0.13406219184156504,0.12055650950085046
2023-06-21,0.11167770058251827,0.13402973412011615,0.12051947363943623
2023-06-22,0.11062906005494298,0.13231695562562026,0.11862165511262546
2023-06-23,0.11025236322298906,0.1311634304710255,0.11868399150994885
2023-06-26,0.11026999515062272,0.1312004141196493,0.11864999840203287
2023-06-27,0.10988491865196058,0.1307141641724151,0.11742058391716297
2023-06-28,0.10998499498600452,0.130350212911715,0.11666204899315145
2023-06-30,0.11084688374380966,0.1304639942502156,0.11683667499932834
2023-07-03,0.11051790624872024,0.12971283052701277,0.11669978437670267
2023-07-04,0.11029495606137332,0.12959678252953521,0.11647898596818813
2023-07-05,0.11029392640272784,0.12958557141678534,0.11647905307951531
2023-07-06,0.11093116892233873,0.13010780909983094,0.11648545921366492
2023-07-07,0.11143824424546163,0.13051631545085893,0.11684256064474524
2023-07-10,0.11176563582037716,0.1309061957939832,0.1168136471928292
2023-07-11,0.11231727540639073,0.13078740538294797,0.11678049898635794
2023-07-12,0.11237579585398752,0.13085634401961227,0.1168140180951379
2023-07-13,0.11220523634140542,0.129771240376986,0.11634124157463653
2023-07-14,0.112291827005065,0.12992502785020726,0.11626391976079352
2023-07-17,0.11208744944456014,0.12927962474639684,0.1163655986774095
2023-07-18,0.11195174323213329,0.1288700378435758,0.11636582991010921
2023-07-19,0.11169687628456466,0.12844266763958148,0.11593399055537466
2023-07-20,0.11169935476094833,0.12842237313550076,0.11592679442875008
2023-07-21,0.11192800926155164,0.12853264457889535,0.11658378923814812
2023-07-24,0.11163451048185294,0.1276881310821818,0.11651316682642385
2023-07-25,0.11154082550154532,0.12755095063845287,0.11572828960704283
2023-07-26,0.11154305080275807,0.12754500823960976,0.11576433934192212
2023-07-27,0.11160153246260782,0.1275157896926233,0.11550231639136635
2023-07-28,0.11137788760826468,0.12715256387678564,0.11542666009215848
2023-07-31,0.1116037544881358,0.12726490972226148,0.11536013660581858
2023-08-01,0.11180357530004566,0.12761127782395648,0.11521697460293989
2023-08-02,0.11229055962820571,0.1279174032963226,0.1153652476898253
2023-08-03,0.11209191887144522,0.12739430357947953,0.11530371041755133
2023-08-04,0.11230272595797115,0.1275074450456412,0.11426411522808776
2023-08-07,0.11202720176707995,0.12718897175314306,0.11358224890722848
2023-08-08,0.11086006408322394,0.12638719415513733,0.11314919735912898
2023-08-09,0.11120396785941603,0.12707853150606088,0.11317996976991992
2023-08-10,0.11124229469902397,0.12749736586581648,0.11327643917526535
2023-08-11,0.1111826618359814,0.1274605413343144,0.11345205612064513
2023-08-14,0.11115864523257916,0.1275535543406988,0.11345134655495734
2023-08-16,0.11078110711604079,0.12749326580773077,0.11324715045807018
2023-08-17,0.1108379802987806,0.12753661900305388,0.1133838064121828
2023-08-18,0.11100425974645328,0.12757529835447484,0.11323240588134716
2023-08-21,0.11134317295494373,0.12774333323402276,0.11328622626073402
2023-08-22,0.11122061612357209,0.12764171648457223,0.11308094822062545
2023-08-23,0.11108044064224884,0.12691324567174975,0.11292287798572463
2023-08-24,0.11107930201330057,0.1268813675079288,0.1129702645562315
2023-08-25,0.11121486794105714,0.1268002595797348,0.11258743076385144
2023-08-28,0.1104493374476077,0.12496379168023955,0.11152980361205246
2023-08-29,0.10999534794835428,0.12475745542670039,0.11144642884360825
2023-08-30,0.10996394840103978,0.12473064786239776,0.11144047527546423
2023-08-31,0.11013448078774975,0.12495595519886128,0.11144764480665974
2023-09-01,0.11014428229712221,0.12493227676174021,0.1118005187823164
2023-09-04,0.10978740280789193,0.12431736771333322,0.11094123201812563
2023-09-05,0.10828583238291566,0.12255991637611686,0.10801627868162937
2023-09-06,0.1082622558601665,0.12255206673043972,0.10728190935748302
2023-09-07,0.1084606490770952,0.12271968626347858,0.10741809561502463
2023-09-08,0.10852754361548975,0.12275435635036348,0.10729042961458575
2023-09-11,0.1086576994016182,0.12282493715693246,0.10761481165377285
2023-09-12,0.10923291985262903,0.12354475131224163,0.10759254682589416
2023-09-13,0.10905523867173209,0.12351051753020828,0.10723307940950126
2023-09-14,0.10891737229855608,0.12331912932953652,0.10722949836663645
2023-09-15,0.10884243784697469,0.12316758277797306,0.10717178763794462
2023-09-18,0.10860747753883988,0.12245244416857426,0.10699736041006652
2023-09-20,0.1088882097251482,0.12227854741223626,0.10758713988186942
2023-09-21,0.10904238190051718,0.12242691950218507,0.10765913369716518
2023-09-22,0.10789778971758705,0.12174043807434681,0.10588115187706956
2023-09-25,0.10781917587552478,0.12207233604304232,0.10577537667284696
2023-09-26,0.10740951310164784,0.12176146564650397,0.10524777324713132
2023-09-27,0.10715085651593427,0.12173084142743869,0.10510336665535511
2023-09-28,0.10744605872017111,0.12214788858138756,0.10546059679779758
2023-09-29,0.10456668885428891,0.1193044164458438,0.10411181759713341
2023-10-03,0.10270097107466071,0.1179127863890307,0.10263279977210811
2023-10-04,0.10277622676749547,0.11807115272989173,0.10276455525650256
2023-10-05,0.10292358210873034,0.11825388114360108,0.1024642225323932
2023-10-06,0.10293658123866391,0.1182890451789078,0.10253645315086872
2023-10-09,0.10180009913247358,0.1173593806382539,0.10160073889984202
2023-10-10,0.10103970575704943,0.11636991544048042,0.101161021576046
2023-10-11,0.09976008382866954,0.11488865536550581,0.09881652679261108
2023-10-12,0.09979077765551007,0.11497659749736377,0.09878783595836833
2023-10-13,0.09980037755317006,0.11498402099561848,0.09881330909848562
2023-10-16,0.09970977660636188,0.11482654606516039,0.09870793002375158
2023-10-17,0.09895336980168763,0.11417912681789724,0.09753572078028273
2023-10-18,0.09867212656402485,0.11426600600970753,0.0975388899051728
2023-10-19,0.09842170191446585,0.11379763868924511,0.09733392048367828
2023-10-20,0.09877234387833207,0.11417945552755586,0.09698223853826474
2023-10-23,0.09978981590438181,0.11521430630761538,0.09772767869578705
2023-10-25,0.09898665099951223,0.11389290856217704,0.09763127610102466
2023-10-26,0.09964904687145847,0.11410158673561416,0.09865587935961483
2023-10-27,0.1003965137705333,0.11549861309999188,0.0991033728317306
2023-10-30,0.10029956446935975,0.11545199924254995,0.0992083425921166
2023-10-31,0.10020322134221496,0.1154395522462342,0.09890961360765795
2023-11-01,0.10020237593577762,0.11545046749667595,0.09893601594367742
2023-11-02,0.09976605358299129,0.11482570671636842,0.09911267084894229
2023-11-03,0.09981284607240892,0.11484544730772872,0.09919625228455943
2023-11-06,0.09818106101470099,0.11296712259113631,0.09884263824321281
2023-11-07,0.09809130319049351,0.11469453881161376,0.0985883307511137
2023-11-08,0.09800633994082351,0.11427783710539273,0.09852998077026778
2023-11-09,0.09799838161826374,0.11427954170882822,0.09854964985280153
2023-11-10,0.09781734282713035,0.11380615222230513,0.0985031136182933
2023-11-13,0.09805608668596612,0.11441558462679713,0.0984047792788757
2023-11-15,0.09743466378019493,0.11393908468820037,0.09905040508862972
2023-11-16,0.09703374494397286,0.11346475671056916,0.09885796092564772
2023-11-17,0.09722030583869493,0.1138643759506617,0.09731405300986838
2023-11-20,0.09720273513769001,0.11385334469479431,0.09732902186872926
2023-11-21,0.09714302574183782,0.11386008036243062,0.09734912991189346
2023-11-22,0.09710129106864489,0.11386439442917697,0.09735571058621148
2023-11-23,0.09711672448613311,0.1138655945617751,0.09728116114680478
2023-11-24,0.0966729421209197,0.1135197590813098,0.09725630888909503
2023-11-28,0.09650869049221684,0.11346343433371556,0.09699183387865279
2023-11-29,0.09673318750591384,0.11339851024725543,0.09741622616544585
2023-11-30,0.09777990586320727,0.1149850369728331,0.09742273535428839
2023-12-01,0.09697676760443913,0.11439149066933767,0.09694732737844014
2023-12-04,0.09855020381387113,0.11526754057013194,0.09904060099209407
2023-12-05,0.0986521284696673,0.1155487024135037,0.09931278602792312
2023-12-06,0.09889427793761632,0.11557520736334485,0.09934241270564945
2023-12-07,0.09843313452510512,0.11530208583432315,0.09911441989693853
2023-12-08,0.09843851192565008,0.11531960550078177,0.09912449331798337
2023-12-11,0.09821376957482428,0.11529224800776615,0.09890383192550956
2023-12-12,0.09839679658139822,0.11536980889272092,0.09902002864168366
2023-12-13,0.09875851358191214,0.116034193536386,0.09895595276454025
2023-12-14,0.09889281817242546,0.1161356693093586,0.09953040881198666
2023-12-15,0.09953932527279223,0.11648236198689672,0.10027758307097927
2023-12-18,0.09953350933984435,0.11650013184266975,0.10008385319618715
2023-12-19,0.09944373533355975,0.11639710480221432,0.10008724090659568
2023-12-20,0.10086298048952524,0.11798692874565361,0.10101764700852334
2023-12-21,0.10094578040240151,0.1180567686184421,0.10108922982281303
2023-12-22,0.10052297798750072,0.11754990136771583,0.10022464740935595
2023-12-26,0.0996462596356512,0.11676164635983273,0.0999253870134743
2023-12-27,0.09957074442638288,0.11672030941490598,0.10006667108277942
2023-12-28,0.09962208291929552,0.11670647819411702,0.10016087456882104
2023-12-29,0.09925150892477101,0.1158335245698851,0.09961248247866637
2024-01-01,0.0988732008727504,0.11550328235522667,0.09950259234973571
2024-01-02,0.09789224926471357,0.11413420028751678,0.09786322995517718
2024-01-03,0.09712742089668668,0.11271566566455758,0.09754958269468694
2024-01-04,0.09727813556690185,0.11280076086916767,0.09755143006843112
2024-01-05,0.09727478150438211,0.11277139792987576,0.09755764741067259
2024-01-08,0.09768777397474455,0.11316041875220646,0.09800445585649631
2024-01-09,0.09774875963020183,0.11345016379535838,0.09785767635053184
2024-01-10,0.0977539336784436,0.11353009146132087,0.09779708551814816
2024-01-11,0.09786390269890931,0.11359106549402125,0.09779130528756119
2024-01-12,0.0971891522842131,0.11264848828653562,0.09773976782326985
2024-01-15,0.09744759875048041,0.11266880730814495,0.09803902550543173
2024-01-16,0.09711589256313166,0.11214590135083789,0.09776636547571194
2024-01-17,0.09750078486193425,0.11246482492944887,0.0993319201907571
2024-01-18,0.09721724308753193,0.11226344451533884,0.09888343211244391
2024-01-19,0.09785992361892801,0.11302991995046247,0.09909551990586245
2024-01-23,0.09959846744245013,0.114466402208853,0.10077068612945489
2024-01-24,0.10072510531547088,0.11548408122693686,0.10109707587045248
2024-01-25,0.10091294796548261,0.11554207970446607,0.10115839126465459
2024-01-29,0.10077267890002187,0.11546332485859002,0.10230871096682799
2024-01-30,0.10168173548083892,0.11824561533150774,0.10271596044166327
2024-01-31,0.10171046924301341,0.11804652467746894,0.10301519210738799
2024-02-01,0.10135885494453528,0.11754790431772588,0.10290490742786504
2024-02-02,0.10138645039560648,0.11762058390704015,0.10301806633975853
2024-02-05,0.10148439214216805,0.11846464504139118,0.10311443316351075
2024-02-06,0.1014136415093984,0.1184429641465534,0.1024562503622353
2024-02-07,0.10207982089301335,0.1294061430083581,0.10104461230044662
2024-02-08,0.10166961479027319,0.13100572348166248,0.10158343092179546
2024-02-09,0.10178618726421657,0.13162028642074627,0.1016056686142907
2024-02-12,0.10196203113623852,0.13167613804346312,0.10190244776508416
2024-02-13,0.10202745298757385,0.1317623039517077,0.10202061951646972
2024-02-14,0.10090306056639314,0.1312010274245769,0.10125080501738822
2024-02-15,0.10126308302295337,0.13150877627059254,0.10110979375538023
2024-02-16,0.10131236141766264,0.13161301802187406,0.10118302290633494
2024-02-19,0.10133341135331536,0.1316041455903059,0.10093579257208811
2024-02-20,0.1014450979761537,0.13066450762050533,0.10096640680249765
2024-02-21,0.1023825627031112,0.13223710093738314,0.10118547014405625
2024-02-22,0.10285265588644266,0.13252128377134328,0.10123395965698401
2024-02-23,0.10286821347904192,0.13254628404029403,0.10091769908836813
2024-02-26,0.10287731516979103,0.13263031595350952,0.10096141530638161
2024-02-27,0.10353791505295869,0.1333246769090878,0.10099489381198212
2024-02-28,0.10368782986781543,0.13339024940426125,0.10153160729306719
2024-02-29,0.10367717110152577,0.13333878369973337,0.10133167499013504
2024-03-01,0.10390228587751014,0.13346441033422216,0.10246883734553362
2024-03-04,0.1029551577748786,0.13302161882583335,0.10119029660899485
2024-03-05,0.10272293431589777,0.1329446098108041,0.10118200091840078
2024-03-06,0.10241607957282367,0.13256450552335805,0.10120775546425412
2024-03-07,0.10220312224828457,0.13246106274304198,0.10107281946206959
2024-03-11,0.10246143990174826,0.1323750773229937,0.10121865242548404
2024-03-12,0.10252633489708024,0.13236798282751253,0.10094494928644153
2024-03-13,0.10655755156367366,0.13551874572554823,0.10188344398185299
2024-03-14,0.10729945175894487,0.1367365364761966,0.10097032788350348
2024-03-15,0.10778875266973666,0.13705303181668058,0.1010147306685541
2024-03-18,0.10777867017600956,0.13701711304710268,0.10100462174528659
2024-03-19,0.1092985037435957,0.13873215127037233,0.10116947844653394
2024-03-20,0.10913681447562312,0.13859167384009766,0.10057359236075139
2024-03-21,0.1092422882680813,0.13822054469927675,0.09956115930237913
2024-03-22,0.1092465010500257,0.1382149666088909,0.09931736175843778
2024-03-26,0.10950149320779326,0.13847091023652394,0.09931689324660899
2024-03-27,0.1094993946736855,0.13843713706057192,0.09941195592421047
2024-03-28,0.10999319562872795,0.13892405365450206,0.09958218412254748
2024-04-01,0.11016016572027841,0.13879761879686983,0.09941174784813832
2024-04-02,0.11012836607100687,0.13853312996017694,0.0992473993520571
2024-04-03,0.11013624248550537,0.13855254402827347,0.09925467480335545
2024-04-04,0.11015696558592482,0.13866035508824423,0.09913377656152542
2024-04-05,0.11002995450413385,0.13842434414169272,0.09874309868940068
2024-04-08,0.11003447445497275,0.1384324098552236,0.09889581339783007
2024-04-09,0.10986401177429651,0.13786445703181874,0.09886954897436957
2024-04-10,0.10986704680697869,0.13775675106149587,0.09872951059546149
2024-04-12,0.1099914131893935,0.13662402777845617,0.09821000709038566
2024-04-15,0.11056827596416219,0.13731767492933894,0.09893502887905097
2024-04-16,0.11019568937134831,0.13697330360204582,0.09881511097652851
2024-04-18,0.11023687802813814,0.13727051953826228,0.09911177041048914
2024-04-19,0.1104967934958999,0.13758766973322514,0.09929003139057865
2024-04-22,0.1105461782402891,0.1375942833640543,0.09947443148878594
2024-04-23,0.11054129162993713,0.13759907706045227,0.09938853608587107
2024-04-24,0.11046726275739248,0.13761403674189787,0.09939042152426533
2024-04-25,0.11051492865835297,0.1379030672792875,0.0993031910834771
2024-04-26,0.11074867840554534,0.13805582541426648,0.09953192377612587
2024-04-29,0.11070286692540685,0.13796286060472934,0.09988146518532665
2024-04-30,0.11069470724097837,0.1380352357442451,0.09991610733343245
2024-05-02,0.11108440859505195,0.13987791888204862,0.09991485694212994
2024-05-03,0.11177704250677199,0.14109519616335683,0.10011782967227695
2024-05-06,0.11179067399762137,0.14108930898914565,0.10014609930947144
2024-05-07,0.11176133923665695,0.1412427480466085,0.10039165693503645
2024-05-08,0.1117750585320793,0.1412432362319764,0.10028071838034781
2024-05-09,0.11305320171583898,0.1428149345285238,0.10132348978758991
2024-05-10,0.1132015032738166,0.1428885104287145,0.10131885936691029
2024-05-13,0.11311030935623727,0.14279525222774206,0.10124979894489128
2024-05-14,0.1132426522183584,0.1431427503417721,0.10099589214284921
2024-05-15,0.11297421027593293,0.14297721412808514,0.10039979670136491
2024-05-16,0.1136821836215167,0.14348637257708982,0.10024806494213333
2024-05-17,0.11382607676136794,0.14370691743762298,0.10026412871593224
2024-05-21,0.11453487085607673,0.14455924837107498,0.1002662501422162
2024-05-22,0.11457803686104956,0.14457384001537804,0.1002736003786581
2024-05-23,0.11496989225022539,0.14490744504762332,0.10146582302377939
2024-05-24,0.11493024428840323,0.1448306956961054,0.10140806954879793
2024-05-27,0.11474998226297606,0.1447974032163483,0.10118365565786899
2024-05-28,0.11485232878326705,0.14522869654054013,0.10100431323355592
2024-05-29,0.11455410883529915,0.14493950882903353,0.10133016860286877
2024-05-30,0.11501485027854869,0.14533112220050984,0.1018154508320362
2024-05-31,0.11487085569198485,0.14544603420392868,0.10168477237085848
2024-06-03,0.11857792309418858,0.14935172402507804,0.10650775051100818
2024-06-04,0.131552297585686,0.16389604527477425,0.122301973281028
2024-06-05,0.13657956124380805,0.1700598582886072,0.12664035874016696
2024-06-06,0.13648736750103788,0.17001482553570404,0.12658424904789278
2024-06-07,0.1383373061018569,0.1713964090801365,0.12802707335665853
2024-06-10,0.13834958704833758,0.17141903756470414,0.12804317536111604
2024-06-11,0.13834931610059129,0.17149330084180284,0.1278912229794648
2024-06-12,0.13839177522691243,0.17178322420193573,0.12785363487009926
2024-06-13,0.13825944087506384,0.1716544330899292,0.12786496571148281
2024-06-14,0.13860470581920628,0.17280299183274175,0.12785886937102972
2024-06-18,0.13885882483432208,0.17327665642996318,0.12789164210299586
2024-06-19,0.13917021509078492,0.17365646970567084,0.1277844488860001
2024-06-20,0.1389388770093336,0.17346908507555225,0.12765551891606
2024-06-21,0.13916678558968323,0.17385662529691165,0.12762116419328978
2024-06-24,0.13946516658130043,0.174327276538151,0.1276179339806013
2024-06-25,0.13905775661822062,0.17377250998049223,0.1276949795166758
2024-06-26,0.1390427985880747,0.1737575168599107,0.1277976091789576
2024-06-27,0.13896673183253616,0.17364978835094724,0.12787189379390726
2024-06-28,0.13885915232452917,0.17361056164412408,0.12773595427096537
2024-07-01,0.13890402675712046,0.17355849048830202,0.1277247215111407
2024-07-02,0.13890389018796762,0.17355836039007425,0.12771742494776234
2024-07-03,0.13892875682453668,0.17354326758830654,0.12784090239571835
2024-07-04,0.13894186098847833,0.17363482241830647,0.12771891700065796
2024-07-05,0.13880658414400637,0.17356192351935099,0.12754225529413243
2024-07-08,0.1388053059893084,0.17355262589158058,0.12754773203834932
2024-07-09,0.13883527384624317,0.17352193413884112,0.1274706356921461
2024-07-10,0.13896696368857359,0.17359979789542632,0.1273866690889589
2024-07-11,0.13799277544885602,0.17310714085000808,0.12696360680474245
2024-07-12,0.1379928686329851,0.17294574937976692,0.12699868580291562
2024-07-15,0.1379621844426028,0.17283802869936016,0.1269989147011682
2024-07-16,0.13795747513964984,0.17288039065795507,0.12699801504342276
2024-07-18,0.1376355189845709,0.1746914984894956,0.12710596026319415
2024-07-19,0.13803771865387215,0.175401083364173,0.12730774587666469
2024-07-22,0.1379199380665829,0.17520079063303762,0.1273210373790469
2024-07-23,0.13758919700635433,0.17504764145306007,0.12729556070864814
2024-07-24,0.1375720868232397,0.17498123383119046,0.12729098605171296
2024-07-25,0.1374404656783124,0.17473923820513526,0.12729582049135169
2024-07-26,0.13833344310283716,0.17537018196059112,0.12819761862415505
2024-07-29,0.13841165926312354,0.1757373266764757,0.12803299019308806
2024-07-30,0.13838858976898208,0.17572359030316861,0.1280293379170573
2024-07-31,0.13852633864842212,0.1762494891220252,0.12801796745127
2024-08-01,0.138583119577345,0.17643137984199783,0.1278642526285919
2024-08-02,0.13947516893905376,0.17855890824436957,0.12786457020221353
2024-08-05,0.1418570553515533,0.18167749392499385,0.13075506005814774
2024-08-06,0.1421961353711985,0.1823031202319267,0.13080004530447023
2024-08-07,0.14331535255128264,0.18456183002543206,0.13127490357219884
2024-08-08,0.1432331817055796,0.1845885404749426,0.13135822796362565
2024-08-09,0.14509599721686428,0.19113945942601143,0.1316946546427112
2024-08-12,0.14499118786073667,0.19105173979921242,0.13162496638949506
2024-08-13,0.14484550606464583,0.19075604139262137,0.13194762962948473
2024-08-14,0.14427440688196488,0.19024852510873327,0.13145865831385017
2024-08-16,0.14477333361612174,0.1904726083396159,0.132112720975037
2024-08-19,0.14463186635511613,0.19055254256584298,0.13197520805062743
2024-08-20,0.14460391034011552,0.1905961569435459,0.1320037506901891
2024-08-21,0.14456455605821833,0.19058601510416426,0.1319975584519424
2024-08-22,0.14438688578558004,0.19050361389785397,0.1319812552552741
2024-08-23,0.14437134557177203,0.19035328414053318,0.13186584310320973
2024-08-26,0.14431530081314003,0.1903092171957581,0.13184825276825582
2024-08-27,0.14442922765833585,0.19050790505599027,0.13184845272424295
2024-08-28,0.14481535342313706,0.19186269102403689,0.13184783979272288
2024-08-29,0.14479860613151418,0.1920136534222153,0.13173490962354123
2024-08-30,0.14463803510806997,0.19181622877803967,0.1316953863487579
2024-09-02,0.14464957948435697,0.1918322521868922,0.13165701326655474
2024-09-03,0.14464461683675797,0.19202925758934722,0.1316577792007832
2024-09-04,0.14464741440966533,0.19205393569135235,0.13172055361550794
2024-09-05,0.14482755263549252,0.19215377468088818,0.13169803897102328
2024-09-06,0.14443381395469462,0.19179802811561691,0.1321101220976327
2024-09-09,0.1443830278448129,0.19178221202836165,0.13212684261083565
2024-09-10,0.14442654514509495,0.1917748294709641,0.13216169354413168
2024-09-11,0.14446797589160176,0.1918029911937409,0.13229355088757816
2024-09-12,0.1450450351994571,0.19191630454259043,0.1333573062521284
2024-09-13,0.14498281814171673,0.191818389419243,0.1331183504476169
2024-09-16,0.1449848274574423,0.19180895997955819,0.1330659557280022
2024-09-17,0.14497768053727694,0.19181207692169946,0.13306004614808495
2024-09-18,0.1451827933986892,0.19205890019203178,0.13308480783205298
2024-09-19,0.1451609915918836,0.19214374594172315,0.13299628672323308
2024-09-20,0.14633580202731886,0.19294199030543974,0.13365279770789426
2024-09-23,0.1467812582339982,0.19349633538381714,0.13350454440955342
2024-09-24,0.14622223223777386,0.19286049759691662,0.13350277653290343
2024-09-25,0.14622125329302074,0.19286195595617636,0.13348109949192744
2024-09-26,0.14655180770396434,0.19341640729703835,0.1336678227975062
2024-09-27,0.14663180272305587,0.19354310051817136,0.13364872854094212
2024-09-30,0.14784780956943516,0.19539188474152216,0.13444421309169677
2024-10-01,0.14749208278180895,0.19521288487691818,0.13386309437764574
2024-10-03,0.14846828792121036,0.19609294729879312,0.1354025197630794
2024-10-04,0.14922102968341003,0.196906336011017,0.13572417616164167
2024-10-07,0.1493786999673296,0.1967871717248167,0.13606989656121005
2024-10-08,0.15057587029781858,0.20137098611508017,0.13628581113157484
2024-10-09,0.15057114250977083,0.2014542799087676,0.13629416214064338
2024-10-10,0.15032203100276423,0.20141539310031253,0.13586581294733235
2024-10-11,0.15026396957248883,0.20153169466494902,0.13579881650093428
2024-10-14,0.1501788464284628,0.20145242321197276,0.1357517959806482
2024-10-15,0.15010877049705454,0.20136094936649984,0.13568283542222292
2024-10-16,0.15049461604837586,0.20290525998267683,0.1356776935442096
2024-10-17,0.15095555848212636,0.20328431455913212,0.13596029542165283
2024-10-18,0.15078754815271955,0.20316161459757293,0.13575314203937683
2024-10-21,0.15088638740751859,0.20372798150443533,0.13556548983870054
2024-10-22,0.15197069033828442,0.2046505801510322,0.1361250509901744
2024-10-23,0.15233156662576208,0.20468976512867323,0.13613446805702314
2024-10-24,0.15242647824452335,0.20475663440222786,0.1361206884239309
2024-10-25,0.15273901716353927,0.20532162524895786,0.13646338415526577
2024-10-28,0.15278034398280377,0.20530300459629922,0.13654535774957002
2024-10-29,0.152612574303683,0.20517406491366788,0.13638214364267384
2024-10-30,0.15269813539112434,0.20553796393572188,0.13647768885628941
2024-10-31,0.15248975814664928,0.20552367113447248,0.13653643160923454
2024-11-01,0.15177252660953283,0.2048068638932596,0.1358226535009459
2024-11-04,0.15206080661330515,0.2051284259705907,0.1361973838836232
2024-11-05,0.15149502460030506,0.20504696440957706,0.13562663526508223
2024-11-06,0.1515542875513057,0.20453537078743442,0.13570520102667827
2024-11-07,0.15272325167076173,0.2079332677215758,0.13623738769742486
2024-11-08,0.1526675117897127,0.20843286856528032,0.13620827004720842
2024-11-11,0.15268004678935104,0.2087643727582067,0.136093481870938
2024-11-12,0.1529627361028714,0.20887750643086395,0.13642998688365576
2024-11-13,0.15380469656915124,0.2093570455195023,0.13713269390511426
2024-11-14,0.1536890049786572,0.2092554965756439,0.13687565987240166
2024-11-18,0.15354432877507354,0.2086747909504136,0.13693466558569023
2024-11-19,0.15369110853411708,0.20883602019847752,0.13694437934617948
2024-11-21,0.1536881114608884,0.2088355795863788,0.13713703607886174
2024-11-22,0.15538463157398713,0.21033104731507016,0.1390665413493082
2024-11-25,0.1559391968723469,0.21076746808923014,0.13960932160436018
2024-11-26,0.1561285044072216,0.21102666228843525,0.1391849241107255
2024-11-27,0.15619027339605668,0.21146147271984148,0.13915735813142105
2024-11-28,0.1568980957244466,0.21197413363829043,0.14001977918588865
2024-11-29,0.15735004606898434,0.2121397715857274,0.14023660427094098
2024-12-02,0.15735522158760942,0.21211839003088304,0.14028307645651816
2024-12-03,0.15736294659078023,0.21214301622436518,0.14043752245760494
2024-12-04,0.15736746583015568,0.2121899280966572,0.14043151390902173
2024-12-05,0.1577720800553184,0.2125897875168096,0.14071172722164088
2024-12-06,0.15783006320643056,0.2125898474364117,0.14067412333831636
2024-12-09,0.15768420718875234,0.21260239005617154,0.1403873581733194
2024-12-10,0.15723666892188548,0.2120189209484818,0.14038912116900268
2024-12-11,0.15718366149514162,0.21219580624820983,0.14026674043929008
2024-12-12,0.15634432133795284,0.21189150207172408,0.13891663509847632
2024-12-13,0.1565958099673174,0.2117994232456581,0.13896241200596982
2024-12-16,0.15654915841210748,0.2117995198675989,0.13900544090563988
2024-12-17,0.15746027348292602,0.21231786770340935,0.1397041896504234
2024-12-18,0.15750175802253197,0.21231615513661484,0.1398199396449878
2024-12-19,0.15763196518235398,0.21242960613958317,0.14023597768126203
2024-12-20,0.15907364599180956,0.2145385987054961,0.14103663245470383
2024-12-23,0.15890737855128845,0.21434986731279834,0.14118652309564436
2024-12-24,0.15884377066727184,0.21430523267732887,0.1407052863544131
2024-12-26,0.15843050430534636,0.21414829596968604,0.14015052968167974
2024-12-27,0.1584406131837145,0.21412987905646833,0.14015034273744034
2024-12-30,0.15874815749768598,0.21489310187581379,0.14034779792070093
2024-12-31,0.15775132761040123,0.21428254810990413,0.13958669499747342
2025-01-01,0.15769206224204874,0.2142586215825673,0.13956292748545265
2025-01-02,0.15788122660717052,0.21534616533686907,0.14070294029689284
2025-01-03,0.15791647939280717,0.2154290123322728,0.1408863162430671
2025-01-06,0.1584151290015615,0.2177159808383759,0.14154725859818057
2025-01-07,0.158308085226345,0.2177922344271165,0.14148964912276688
2025-01-08,0.1583665739414775,0.2183437146284008,0.14147148609624396
2025-01-09,0.15830407314972592,0.21830903402303198,0.14165655080139344
2025-01-10,0.15815307934096481,0.21829030584061193,0.14167225940009012
2025-01-13,0.15897610758091643,0.22166211591511026,0.14229390781570778
2025-01-14,0.15888589547912874,0.22161946397119023,0.14220149326068676
2025-01-15,0.15889562961955206,0.22208464952011356,0.14219180788923166
2025-01-16,0.15864755129537614,0.22212074003916274,0.14193088881615734
2025-01-17,0.15850928895445437,0.22190053994278502,0.14201492283043093
2025-01-20,0.15851684205383504,0.22202379095229519,0.14209849899416707
2025-01-21,0.15894163582915996,0.22469798745808198,0.1427883543359636
2025-01-22,0.15884939517442903,0.22488199109009702,0.1424533010556055
2025-01-23,0.15869278552110555,0.22501163347489916,0.14217928473350622
2025-01-24,0.1586830048865346,0.22601210250664508,0.1422356675376981
2025-01-27,0.1583379112090315,0.22632232033152982,0.14113207385954357
2025-01-28,0.15837343022494743,0.22632460323247475,0.14113035199106655
2025-01-29,0.1580743729440031,0.22648492575642726,0.14121493781715938
2025-01-30,0.15707922817169337,0.22580957929034084,0.14008680788183658
2025-01-31,0.15663074028138077,0.22695425255181903,0.14016054912201698
2025-02-01,0.15650177126475484,0.22802245461232173,0.14007448734984032
2025-02-03,0.156157977934311,0.22811768174529262,0.13906260266442508
2025-02-04,0.1553003409935948,0.22730264146225798,0.13958209090675203
2025-02-05,0.1552847758873542,0.22728676826806699,0.13930460849614412
2025-02-06,0.15574454792500678,0.23159124358042243,0.1393610945203617
2025-02-07,0.15570440431256932,0.23192521330070803,0.13920926623581528
2025-02-10,0.15583248038556557,0.23296284613765894,0.13937397414756816
2025-02-11,0.1560244519734668,0.2331106292270805,0.1398579572136062
2025-02-12,0.15510160906796308,0.22650860546748752,0.13986475341355162
2025-02-13,0.15474887231471252,0.2251414791228698,0.13951190484826068
2025-02-14,0.15474806091827584,0.22555056880273258,0.1395645912593986
2025-02-17,0.15467603527296425,0.22563685692421237,0.1393438863117264
2025-02-18,0.15471238104135254,0.22590055591994193,0.13923288980966775
2025-02-19,0.1548344871318947,0.22578033176303472,0.1391711870775293
2025-02-20,0.15449390651577408,0.22581250844484846,0.13914268799652588
2025-02-21,0.15454937297425791,0.2258814319950632,0.13912572599141246
2025-02-24,0.15466338439818883,0.22589998725239724,0.13949918968834848
2025-02-25,0.15455551480390892,0.22600241014677588,0.1394612183550627
2025-02-27,0.15401181255999466,0.22574100745459794,0.1393089559409639
2025-02-28,0.15468933226515783,0.2258169701621,0.14037607751743333
2025-03-03,0.15470956532044086,0.22629441640009798,0.1403761318252961
2025-03-04,0.15470743875524745,0.22636007334413585,0.1403259129195355
2025-03-05,0.1546786775563804,0.22687173450655876,0.14075563269997418
2025-03-06,0.15452529007676155,0.2267459177064882,0.140605497971598
2025-03-07,0.1545308295153089,0.22678484029515233,0.1405996218717122
2025-03-10,0.15433930803924156,0.2273793938624304,0.13973510124350785
2025-03-11,0.15432163102353844,0.22805176449052816,0.13971354251945226
2025-03-12,0.15433399404665496,0.22799531302095072,0.1397010739441575
2025-03-13,0.15419094093727995,0.22792503667425726,0.13964219588894558
2025-03-17,0.15409986766518224,0.22804529749161317,0.1397276520334503
2025-03-18,0.15394380205559066,0.22804022038284794,0.1402811578569062
2025-03-19,0.15450667555221123,0.22877217439329706,0.1403150272492921
2025-03-20,0.15232482486255292,0.22719240526724452,0.14000346748382955
2025-03-21,0.15157966901802764,0.22616970429115166,0.14000900493580914
2025-03-24,0.15133593722079383,0.22597857262354953,0.14048218042165952
2025-03-25,0.1513353022256425,0.22612440099094794,0.1404775215969853
2025-03-26,0.1502557221707567,0.22517914025546357,0.14026395001992717
2025-03-27,0.15025702978586802,0.22531739459974146,0.14032363646719498
2025-03-28,0.149884119471265,0.22523776248858002,0.1401587807100851
2025-04-01,0.150266237493662,0.22536287384097597,0.140948969810628
2025-04-02,0.15005809006683252,0.22514642393995837,0.1410512514194646
2025-04-03,0.15005184875695873,0.22515079793972853,0.14100763871525374
2025-04-04,0.15010154174310633,0.22556210409223765,0.14152539068680955
2025-04-07,0.1515663761227459,0.23898239759809492,0.14509908139435465
2025-04-08,0.15187583249450082,0.2392510593073653,0.14607916625540646
2025-04-09,0.15190526168475615,0.23966204349312484,0.14620486025666224
2025-04-11,0.1523605246957971,0.24080846381741416,0.14741084754627654
2025-04-15,0.15290379454863828,0.24154041615164956,0.14901456200301352
2025-04-16,0.15288034667833159,0.24186112863066841,0.1489354255217107
2025-04-17,0.1532208063799907,0.24235827368507373,0.14995527718934792
2025-04-21,0.15326204175640637,0.24323998083407247,0.1503041651364726
2025-04-22,0.1530643061188666,0.24324985105901237,0.14993506317141314
2025-04-23,0.15285803031622125,0.2429931790680835,0.14963964034474397
2025-04-24,0.15297391321128848,0.24305347465360164,0.14956704373449525
2025-04-25,0.15315070618614968,0.24382467698452975,0.14965881025351788
2025-04-28,0.15305397018436734,0.24385807628060233,0.14997128739590318
2025-04-29,0.15299334565167505,0.24432600789838269,0.14974877728696598
2025-04-30,0.15302670169809995,0.2446881086068649,0.14974589160775786
2025-05-02,0.15322432167224723,0.2446923902253818,0.14974143540548174
2025-05-05,0.15356202881894543,0.2455179547480094,0.14963398514242746
2025-05-06,0.1534117695685827,0.24566042852171163,0.14951398405719074
2025-05-07,0.15338303447381493,0.2456536722155785,0.14920764483441593
2025-05-08,0.15369032826379317,0.2456096898974841,0.1493185755467426
2025-05-09,0.15341410364235905,0.24455051090467114,0.14973482163578003
2025-05-12,0.15517213097884094,0.2471844556092241,0.15424786650644112
2025-05-13,0.15549293561053806,0.24749805528939714,0.15490281972481482
2025-05-14,0.1555881910204206,0.24754441594022877,0.15479105867101675
2025-05-15,0.15612191355372246,0.24861883461254428,0.15557173089847384
2025-05-16,0.1552178101498158,0.24784495567273496,0.1547587740475967
2025-05-19,0.15508736512097873,0.24772310231473077,0.1547497282210579
2025-05-20,0.155531537127197,0.2481158222710635,0.15513205724308105
2025-05-21,0.15581748978338475,0.2479492181588778,0.1551351065230105
2025-05-22,0.15613081331143144,0.24827945196125353,0.15537381879337514
2025-05-23,0.15556904393042315,0.24803375823733853,0.1554168804644552
2025-05-26,0.15556433719017562,0.2480291041263881,0.15549690201724717
2025-05-27,0.1550268589115637,0.2474066305117581,0.15565820931235055
2025-05-28,0.15485889350221196,0.247374145717282,0.15567300710118886
2025-05-29,0.15445191551569282,0.24717673343240265,0.15487421581981678
2025-05-30,0.15451148141189297,0.2471785950003077,0.154916213080157
2025-06-02,0.15449162005281125,0.24711963734175033,0.15491930839122509
2025-06-03,0.15449508798896003,0.24697801567733058,0.15507899841394157
2025-06-04,0.1545587813681629,0.2469473346919133,0.15487825401306943
2025-06-05,0.15436987015410358,0.24719553919648213,0.15463764229964005
2025-06-06,0.15440304905819094,0.247257880591674,0.1549389168898965
2025-06-09,0.15116462943746198,0.24480807994468592,0.1515985403043945
2025-06-10,0.14051959791161098,0.23589999790401608,0.13927288987008613
2025-06-11,0.1353815317475093,0.23120847486269205,0.13526847776098005
2025-06-12,0.1360395261969283,0.23193742049642055,0.1354104468180752
2025-06-13,0.13390172386769253,0.23071414933268172,0.13407814197136617
2025-06-16,0.1342615443336685,0.2311144083011323,0.13436636167773305
2025-06-17,0.13433628028649186,0.23118811737599507,0.13442724062384384
2025-06-18,0.1342688013178155,0.23092634250908378,0.13442328698775843
2025-06-19,0.13415026621821088,0.23085752471594778,0.13439402065395797
2025-06-20,0.13476837629516622,0.23099750744226852,0.1349600493484539
2025-06-23,0.13440308612107332,0.23100729113464757,0.13503919756744234
2025-06-24,0.13412591145102315,0.23087977861929837,0.13504910225475195
2025-06-25,0.13418433594216292,0.23090239921516492,0.13525656265159156
2025-06-26,0.1342917527371569,0.2307499302344266,0.13572849360184927
2025-06-27,0.1339343300804016,0.23021306044727263,0.13575886806236362
2025-06-30,0.13393467263170164,0.23056159351148323,0.13564866836903391
2025-07-01,0.13393514692714667,0.2305633947424625,0.13552126343708984
2025-07-02,0.1339779784078403,0.23056352364187713,0.13538759993472962
2025-07-03,0.13400224007243222,0.23045096911847782,0.13539439941196127
2025-07-04,0.13385991180822449,0.2351175027946125,0.1353074064248484
2025-07-07,0.1338678365927254,0.2351155445388294,0.1353039158517199
2025-07-08,0.13380209787470687,0.2351161498299076,0.135164402664641
2025-07-09,0.13373180548443267,0.2349966623633431,0.1351793085523278
2025-07-10,0.13395165490613553,0.23496996259860725,0.1352687606524559
2025-07-11,0.1341426143281203,0.23523272118660957,0.1355229360087021
2025-07-14,0.1340898179116588,0.23527590142380753,0.1354785746135039
2025-07-15,0.1340190917337543,0.23535827193768383,0.1354705255980181
2025-07-16,0.13401566996768316,0.23534594810359516,0.13547030357741002
2025-07-17,0.13377900889662275,0.235307860077416,0.13532546809076207
2025-07-18,0.13411532062011547,0.23551327943980369,0.1354094860596452
2025-07-21,0.1342080473094854,0.2355588661032686,0.13549118362064103
2025-07-22,0.13416472761189566,0.23426274376442213,0.1352866525956043
2025-07-23,0.13329372048996543,0.23336430002197606,0.13498177310683862
2025-07-24,0.13304076759739805,0.23374275725357996,0.13512979822085083
2025-07-25,0.1331814846178654,0.23405211055624223,0.13542979399669006
2025-07-28,0.13338688724978343,0.23427155469617675,0.1355518924706465
2025-07-29,0.133309204192104,0.2342266440168027,0.13566695170255888
2025-07-30,0.13201418627966924,0.23349605500667792,0.13453576674148904
2025-07-31,0.13185352394255395,0.23309732680447298,0.13458199534897453
2025-08-01,0.13233175024060234,0.2330545586818266,0.13483007661441676
2025-08-04,0.1324253209444512,0.23284053194788584,0.13492993410269305
2025-08-05,0.13241327647713638,0.23281329242584328,0.13494076824200682
2025-08-06,0.13146195575508474,0.23135369461723623,0.13446374325658772
2025-08-07,0.12921169530841023,0.22931830064480385,0.13174662843552662
2025-08-08,0.12955282117352793,0.22908243527733024,0.13206722934813137
2025-08-11,0.12823032613291943,0.22725086786393925,0.13177015019298866
2025-08-12,0.1282455639010847,0.22720403067820433,0.13161761291420135
2025-08-13,0.12606319399900767,0.22124684637924605,0.13131976597277115
2025-08-14,0.12607980766661603,0.22123047650906072,0.13131717552152655
2025-08-18,0.12616505764430128,0.2216480189029391,0.13140181894657066
2025-08-19,0.12610262315954074,0.2216151782328959,0.13146314199044062
2025-08-20,0.1251413676529231,0.22107252845767794,0.1304696021307605
2025-08-21,0.12512003285331005,0.2207943463914621,0.13046998401702814
2025-08-22,0.12507556229239622,0.22067367331631746,0.13065676422452188
2025-08-25,0.12508834193126744,0.22067170186708526,0.13068342777664385
2025-08-26,0.12561690842119969,0.22090421220682407,0.131078836446391
2025-08-28,0.12611206296608485,0.22115142608919972,0.13135729758900655
2025-08-29,0.12605406640217542,0.22122332789643476,0.13117102072082268
2025-09-01,0.12623002764305738,0.2217776268890816,0.13142507486384108
2025-09-02,0.1255108060282667,0.2201983900612649,0.131429915485486
2025-09-03,0.12552653588280516,0.2202350638042747,0.13148597407178286
2025-09-04,0.12541732300368666,0.22023981714267973,0.1314449593544567
2025-09-05,0.12531390535217682,0.22020617587271255,0.13143372771430212
2025-09-08,0.12538222226676954,0.22069724468852087,0.1314406360269624
2025-09-09,0.12554036895341567,0.2206095834549465,0.1314597145726903
2025-09-10,0.12548727713348196,0.220624459719365,0.13151012876303989
2025-09-11,0.1252762505243359,0.22044118564507006,0.13099421923579876
2025-09-12,0.12530158686631648,0.22043478807881395,0.1310218873115875
2025-09-15,0.1252571247954276,0.22038241862972857,0.13096882706209023
2025-09-16,0.12570396293508646,0.22057019609804351,0.1310474012192655
2025-09-17,0.12456055976646048,0.22021605472283437,0.1297317277851845
2025-09-18,0.12455983101481644,0.22022870637138336,0.12977667014106667
2025-09-19,0.12464512162395876,0.2202324255793185,0.12982926125269792
2025-09-22,0.12477928328706901,0.22030815661360723,0.12991627767501826
2025-09-23,0.12470907846677391,0.2204562668415662,0.12991278912559417
2025-09-24,0.12475573136287584,0.22044508134393356,0.1299808080754043
2025-09-25,0.12310113621163234,0.21974732676249054,0.1292963618145737
2025-09-26,0.12296965328366938,0.21934062178308844,0.12950130202942312
2025-09-29,0.12294428661035448,0.21935875746478883,0.1295026637325457
2025-09-30,0.12290015041217199,0.21935888402390694,0.1294781282972856
2025-10-01,0.12259923946303045,0.21916247999302954,0.1295467162987531
2025-10-03,0.1228621799903288,0.21923408032391928,0.12956510331387552
2025-10-06,0.12181947672604027,0.21801419938357736,0.1290288601778041
2025-10-07,0.12182435428935878,0.21807200268287838,0.12903460525862612
2025-10-08,0.120879642858824,0.21762768566000282,0.12730439416392786
2025-10-09,0.12034733915013361,0.21731854030742362,0.1270734644694565
2025-10-10,0.12030564196195553,0.21738645519186758,0.12682913541445923
2025-10-13,0.11853578731227664,0.2124138655677113,0.1265530523771338
2025-10-14,0.11864282583767281,0.21224616504241228,0.1265896045069368
2025-10-15,0.11903587931904812,0.21265496550047497,0.12678297270338254
2025-10-16,0.11934213146657843,0.2126506895242649,0.12718809028702321
2025-10-17,0.11952009815484038,0.21278081335213653,0.12711356960965223
2025-10-20,0.11958118968555988,0.2127911046688929,0.12717978980059738
2025-10-21,0.11920908340404823,0.21168464588833036,0.12713136696431657
2025-10-23,0.11881216278458728,0.21149830015866983,0.1268087535689
2025-10-24,0.11878477109156227,0.21142927150222157,0.12680552639153753
2025-10-27,0.11873535058234949,0.21111285944260808,0.1269301251641487
2025-10-28,0.1175845407521625,0.21053166048503655,0.12629741662104463
2025-10-29,0.11721169583978144,0.21050862781908294,0.12635722411560785
2025-10-30,0.11734801763179013,0.21056800063669417,0.12654137423995626
2025-10-31,0.11705126037816155,0.21023018082871467,0.12636020349950558
2025-11-03,0.11690956162908575,0.21023468956568198,0.12621045438294387
2025-11-04,0.11723280183233986,0.21012622240556683,0.12628720283371192
2025-11-06,0.11731843761078743,0.20994265624098038,0.1262257765802501
2025-11-07,0.11727568512115022,0.20982882662602412,0.12609548835003861
2025-11-10,0.11707731054984297,0.21085705929019014,0.12607176320623234
2025-11-11,0.11712046891991422,0.21095213750095446,0.12547808271209934
2025-11-12,0.11716981292149485,0.21101049250460366,0.12535103152632915
2025-11-13,0.11628338483638595,0.2107643829528786,0.1248735989991311
2025-11-14,0.11516469110583094,0.2081804876243398,0.12430602620296614
2025-11-17,0.11518592124551372,0.20787960429810984,0.12433682703180646
2025-11-18,0.11518435629830981,0.20739831399679665,0.12440974962664099
2025-11-19,0.11497672047311135,0.20737862650814332,0.12402622407584234
2025-11-20,0.11406007995964962,0.20708719445426388,0.12333031285346549
2025-11-21,0.11401305025964567,0.20708336962853,0.12342945820255828
2025-11-24,0.11414251846777235,0.20699223992998525,0.1234572716368048
2025-11-25,0.11375621446967595,0.20665748145971533,0.12347932661347474
2025-11-26,0.11407542198628372,0.20679544271562667,0.12382175128977602
2025-11-27,0.11143439014481599,0.2049444159470382,0.12157621443335259
2025-11-28,0.11023562763882726,0.20395502614022615,0.12090151557762019
2025-12-01,0.1101040979164998,0.2038224780729384,0.12090041215539347
2025-12-02,0.1099945963625463,0.2031667960726156,0.12100307221740172
2025-12-03,0.10904890474413591,0.2028780293118326,0.12006017336274612
2025-12-04,0.10824400458495169,0.20266597216470672,0.11975057860197127
2025-12-05,0.10821035087439945,0.20266324695734372,0.11974393208708306
2025-12-08,0.10881664987631727,0.20354172206772972,0.11986260279797663
2025-12-09,0.10888034224193391,0.2035360547334799,0.11996349771154727
2025-12-10,0.1081249274629673,0.20298545344789728,0.11962283715693536
2025-12-11,0.10815687107424732,0.20302401006771192,0.11972969016945174
2025-12-12,0.10818062915747045,0.20309066049565144,0.1198274502383879
2025-12-15,0.1081026392517998,0.20301800698677366,0.1198301034955032
2025-12-16,0.10805053040848671,0.2026301102976043,0.12001108074839548
2025-12-17,0.10804206197418421,0.20266710747023078,0.1199580835190119
2025-12-18,0.10760073499271709,0.20259946319408517,0.11963881116551794
2025-12-19,0.10776359339885773,0.20287446802901923,0.11969600167172688
2025-12-22,0.10705632544922859,0.20336359642879662,0.11914866846643313
2025-12-23,0.1070280325134684,0.2032735946678083,0.11899880717569274
2025-12-24,0.10689969981024425,0.2033584346852742,0.11853868442107986
2025-12-26,0.10496897117275464,0.2014823983842446,0.1175790308146373
2025-12-29,0.10502491585473474,0.20144491991069258,0.11746790160311402
2025-12-30,0.1050732128348869,0.20142756320021632,0.11745981538407825
2025-12-31,0.10513617359630671,0.2016335676309263,0.11766535384811445
2026-01-01,0.10523532965870146,0.22554331512698975,0.11764384356142622
2026-01-02,0.10521136713876314,0.22543833103369942,0.11758589084422377
2026-01-05,0.10516152447951188,0.2250170696379525,0.1176349452384746
2026-01-06,0.10513422625161432,0.2258826216425489,0.11761838986268836
2026-01-07,0.10461646122625966,0.2244637350392133,0.11617894084384817
2026-01-08,0.10529764574673915,0.2246661505198617,0.116376487231588
2026-01-09,0.10474491244629333,0.22278775687579996,0.1154574601491379
2026-01-12,0.10479525668804576,0.22284947445936665,0.11546622412691121
2026-01-13,0.10506857585741784,0.22284495396467519,0.11548989384587674
2026-01-14,0.10534221358433883,0.22276778369578745,0.11530107147024078
2026-01-15,0.10533358933983795,0.22270872945209,0.11521670274311414
2026-01-16,0.10425334057186285,0.21981232449041305,0.11421228474266314
2026-01-19,0.1042628024922934,0.2198657418821911,0.1142552898073961
2026-01-20,0.10549770443126817,0.2198161675247015,0.1151294668947274
2026-01-21,0.10558999686576051,0.21982387490155547,0.11511090578997017
2026-01-22,0.10594462861347984,0.2202567851927693,0.11510691407402686
2026-01-23,0.10616028121190883,0.2203632552282278,0.11538708549640771
2026-01-27,0.10558021011270749,0.21796968978800424,0.11462194468095427
2026-01-28,0.10604320311834561,0.2192583194787954,0.11467108317336296
2026-01-29,0.10603439560627195,0.21908198688638417,0.11468733950765676
2026-01-30,0.10591402734834465,0.21811071243779478,0.11464520989725839
2026-02-02,0.10557530863704276,0.21766838266206084,0.11443753692404406
2026-02-03,0.10777528799514956,0.2185579842539367,0.11704018712892712
2026-02-04,0.10759042678803232,0.21815543605774734,0.11673842836113575
2026-02-05,0.10749357229049834,0.21811303217746023,0.11682656231305583
2026-02-06,0.10699154799533328,0.21609140302754848,0.11634091558354516
2026-02-09,0.10713049323247487,0.21488807682919553,0.1165055537679724
2026-02-10,0.10719615403414974,0.21477219591345192,0.11639197836048175
2026-02-11,0.10712033289218793,0.214099917603321,0.1153136548219898
2026-02-12,0.10730948770537943,0.2141024332830033,0.11545077308590132
2026-02-13,0.10801198666438351,0.2102967907311075,0.11614671378145366
2026-02-16,0.10838832007535874,0.20982132883476437,0.11639963577702278
2026-02-17,0.10823267498640923,0.2084348533287877,0.11613323932946953
2026-02-18,0.10782786236061775,0.20828341927068802,0.11536532253190238
2026-02-19,0.10914219516011334,0.2093342512904158,0.11627608112291511
2026-02-20,0.10936748742891002,0.2094379734195287,0.11634620401514066
2026-02-23,0.10937368426916065,0.20867281677765392,0.11635415515098219
2026-02-24,0.11028495641831204,0.20932689260491089,0.11693712859592584
2026-02-25,0.11041068301600344,0.20907419325886314,0.11694684131586983
2026-02-26,0.11026780107921752,0.20907404580499048,0.11694271770298095
2026-02-27,0.11120394374881612,0.20885945400002845,0.11764705207306608
2026-03-02,0.11114481150015611,0.20864204102239742,0.11821726878762503
2026-03-04,0.11154951784755994,0.20921775196940914,0.11876921902383494
2026-03-05,0.11214253016712389,0.20984413155854084,0.11930423548642556
2026-03-06,0.1122483489852917,0.20938366923612703,0.12002455389017974
2026-03-09,0.11155712516732302,0.20962807643668827,0.11981461374265051
2026-03-10,0.11159873339418165,0.20922443780602412,0.12017827764487363
2026-03-11,0.11214199683949024,0.20991478471384165,0.12131199297418786
2026-03-12,0.11166140644792709,0.20902762789100943,0.12118984650181673
2026-03-13,0.11259398264615086,0.21003259462034451,0.12263792436472751
2026-03-16,0.11260895153398752,0.21003293359866781,0.1231298168896646
2026-03-17,0.11286218906663942,0.2098416316060537,0.12326388300656492
2026-03-18,0.11292841828108749,0.20913433156391517,0.12352257856759477
2026-03-19,0.11526976947663475,0.2116485982824428,0.1278143544682097
2026-03-20,0.11526770261043513,0.21170968108400504,0.12785721171583508
2026-03-23,0.11659906476607775,0.2139501271517299,0.13041931729385112
2026-03-24,0.11712402166295625,0.2144084194809385,0.1308260817358881
2026-03-25,0.11678724350187215,0.2141406013036804,0.1319089050742038
2026-03-27,0.11652774564472217,0.21435970948099017,0.1329933538310054
2026-03-30,0.11717209323587899,0.215223691851766,0.1345149671764337
2026-04-01,0.11754727115868793,0.21731113079187192,0.13477434109235278
2026-04-02,0.11754905905243944,0.21711545252857375,0.13478287312229617
2026-04-06,0.11802944733269344,0.21864062802191037,0.13504557055047633
2026-04-07,0.11813383166312082,0.21847356747744637,0.13514208253697604
2026-04-08,0.11954821398162832,0.21976297929909186,0.14029999747817362
2026-04-09,0.11909155468553195,0.21958359136209651,0.13979161803319154
2026-04-10,0.11913111986539335,0.21973558309827473,0.14008291619968616
2026-04-13,0.11924463302983046,0.2198147199578993,0.14031156468407707
2026-04-15,0.11950348833969236,0.2199630502935488,0.14042668694346194
2026-04-16,0.11746226203070417,0.20585694491013548,0.13654840091440795
2026-04-17,0.11708889911551636,0.20559459481344053,0.1356795215010319
2026-04-20,0.11705168570474508,0.20516410828033393,0.1355268421879203
2026-04-21,0.11646442188344441,0.20384501440620187,0.1344683528393565
2026-04-22,0.11576114299182248,0.2028280278581811,0.1329729294608103
2026-04-23,0.11578543667705767,0.20269499010523656,0.13317608966069766
2026-04-24,0.11578819406601289,0.20214304194464647,0.13250580312516919
2026-04-27,0.11580761161638929,0.200592102684621,0.1322584799679645
2026-04-28,0.11580800743954961,0.20058759280170216,0.13230942808654886
2026-04-29,0.11575716412814813,0.20052112997344332,0.1323576609907946
2026-04-30,0.11581807598820713,0.20084445009818502,0.13252470900618735
2026-05-01,0.11557200659451317,0.19978329149494004,0.1322467148136139
2026-05-04,0.11534328724049177,0.19937560218073122,0.13179519846289198
2026-05-05,0.11533001901195397,0.1986465976051801,0.131843592747015
2026-05-06,0.11542101068933627,0.19893259344781863,0.13242739070385995
2026-05-07,0.1152062568335772,0.19885483809613594,0.1324266799551294
2026-05-08,0.11450126762574844,0.1973741926480964,0.13248878732631086
2026-05-11,0.11478262876290304,0.19773673095408825,0.13328277968685595
2026-05-12,0.1157152408476463,0.19915832148882434,0.13451898309259155
2026-05-13,0.11539413615559924,0.19922367406475813,0.13440915864206598
2026-05-14,0.11561019988560244,0.19945960977197566,0.13449473311198146
2026-05-15,0.11243740834640847,0.195199751222382,0.1289227349309629
2026-05-18,0.11202415393723383,0.19490635066423107,0.12818543161373264
2026-05-19,0.11185697842113507,0.1947231170858205,0.12813668850986445
2026-05-20,0.11101537728365071,0.1931555014021931,0.1271200212114548
2026-05-21,0.11100248433547512,0.19322118629756466,0.12711120598128428
2026-05-22,0.11101610729029968,0.19325069357666663,0.12711386388862467
2026-05-25,0.11072340618669953,0.19307383287461777,0.12738710247852383
2026-05-26,0.10991855171166201,0.19289857556656814,0.12736601325603944
2026-05-27,0.1095665623375394,0.19258497239527325,0.12710647715655163
2026-05-28,0.10941400215547584,0.19228755643286144,0.12671135367568534
2026-05-29,0.10970352578974508,0.1924610733238522,0.12743686450364097
2026-06-01,0.10987960114666552,0.1928172577288213,0.12743770562391937
2026-06-02,0.1100019116852266,0.19294964237717466,0.12748733147040142
2026-06-03,0.11009971529143156,0.19277453371752504,0.12747853464125983
2026-06-04,0.10999767280707151,0.19275138403642328,0.12744136265739517
2026-06-05,0.10995418516437867,0.19282681597896817,0.12745061824195722
2026-06-08,0.10985343694920553,0.19281813910110931,0.12767814650240608
2026-06-09,0.10971915276242039,0.1928551348848323,0.12774615280152393
2026-06-10,0.10956862823837063,0.19222818132582511,0.1276300717637839
2026-06-11,0.10952748447706182,0.192100550762966,0.12721773435121836
2026-06-12,0.11014173077136738,0.1925256571768892,0.1287406811606058
2026-06-15,0.11042790249724027,0.19370726490407278,0.1291273040761284
2026-06-16,0.1104166013662211,0.1936675259530669,0.1292489708517708
2026-06-17,0.10995442560523355,0.19482472952438734,0.1289312633095198
2026-06-18,0.11003280117666435,0.19522974491345932,0.1288019829037451
2026-06-19,0.10949764107240795,0.19467159151401206,0.12861998881093842
2026-06-22,0.10943846611029177,0.19460314042258237,0.1286262656424527
2026-06-23,0.10962760719728866,0.19480819765637253,0.12912826338934982
2026-06-24,0.10964159704869157,0.19494252576598292,0.129400805479188
2026-06-25,0.10809385409546288,0.1933792976251421,0.128754096227441
2026-06-26,0.1080890478238712,0.1926493773305634,0.12863752609653817
2026-06-29,0.10807984181945035,0.19261971427502253,0.1286783046284651
2026-06-30,0.10795678847093129,0.19252489577801646,0.12845754571762583
2026-07-01,0.10761665072698454,0.19254783284372137,0.12801404407351585
2026-07-02,0.10746915738800969,0.19263292253612546,0.12816874665964217
2026-07-03,0.10754248614983403,0.1921749462232122,0.12815495225680693
2026-07-06,0.10765290199995318,0.19235162089422822,0.12832712322630532
2026-07-07,0.10771090633432077,0.1958167036150757,0.12828919158628174
2026-07-08,0.10874006498946705,0.19654839399395313,0.1299922484129544
2026-07-09,0.10883204274981782,0.19124578357411073,0.13001975630073773
2026-07-10,0.10895797464598304,0.19141377750325506,0.1304344195161898
2026-07-13,0.10894897201331752,0.19141227964950483,0.1304093475702721
2026-07-14,0.10895305331384678,0.19142128404959566,0.13055569046549811
2026-07-15,0.10876567125278969,0.19141890630239747,0.13048201727520392
2026-07-16,0.10857415799812392,0.19115062615402997,0.13023895923529524
2026-07-17,0.10873218474945569,0.19117714369862787,0.1306772517740444
2026-07-20,0.10845470638344838,0.19110083518764145,0.13065142181565742
2026-07-21,0.10845556223064963,0.19110386814706126,0.13066406005289227
2026-07-22,0.10843257759566162,0.19112636044265702,0.13083928371690948
2026-07-23,0.1080662056341373,0.19091445569793114,0.13082212323004505
2026-07-24,0.10794810741446553,0.19083224237014323,0.13078885697568926
2026-07-27,0.10812889751825214,0.19116097349552527,0.1311509439799706
2026-07-28,0.10835920315708772,0.19144794654749528,0.13098963543988087
2026-07-29,0.10867851974830393,0.1912797818754613,0.13132379761739427
2026-07-30,0.1085242256939402,0.19094544332964355,0.13105086081264078
