Date,Adaptive Barbell Strategy,Fixed India 10 Portfolio,Nifty 50
2016-10-28,,,
2016-11-01,,,
2016-11-02,,,
2016-11-03,,,
2016-11-04,,,
2016-11-07,,,
2016-11-08,,,
2016-11-09,,,
2016-11-10,,,
2016-11-11,,,
2016-11-15,,,
2016-11-16,,,
2016-11-17,,,
2016-11-18,,,
2016-11-21,,,
2016-11-22,,,
2016-11-23,,,
2016-11-24,,,
2016-11-25,,,
2016-11-28,,,
2016-11-29,,,
2016-11-30,,,
2016-12-01,,,
2016-12-02,,,
2016-12-05,,,
2016-12-06,,,
2016-12-07,,,
2016-12-08,,,
2016-12-09,,,
2016-12-12,,,
2016-12-13,,,
2016-12-14,,,
2016-12-15,,,
2016-12-16,,,
2016-12-19,,,
2016-12-20,,,
2016-12-21,,,
2016-12-22,,,
2016-12-23,,,
2016-12-26,,,
2016-12-27,,,
2016-12-28,,,
2016-12-29,,,
2016-12-30,,,
2017-01-02,,,
2017-01-03,,,
2017-01-04,,,
2017-01-05,,,
2017-01-06,,,
2017-01-09,,,
2017-01-10,,,
2017-01-11,,,
2017-01-12,,,
2017-01-13,,,
2017-01-16,,,
2017-01-17,,,
2017-01-18,,,
2017-01-19,,,
2017-01-20,,,
2017-01-23,,,
2017-01-24,,,
2017-01-25,,,
2017-01-27,,,
2017-01-30,,,
2017-01-31,,,
2017-02-01,,,
2017-02-02,,,
2017-02-03,,,
2017-02-06,,,
2017-02-07,,,
2017-02-08,,,
2017-02-09,,,
2017-02-10,,,
2017-02-13,,,
2017-02-14,,,
2017-02-15,,,
2017-02-16,,,
2017-02-17,,,
2017-02-20,,,
2017-02-21,,,
2017-02-22,,,
2017-02-23,,,
2017-02-27,,,
2017-02-28,,,
2017-03-01,,,
2017-03-02,,,
2017-03-03,,,
2017-03-06,,,
2017-03-07,,,
2017-03-08,,,
2017-03-09,,,
2017-03-10,,,
2017-03-14,,,
2017-03-15,,,
2017-03-16,,,
2017-03-17,,,
2017-03-20,,,
2017-03-21,,,
2017-03-22,,,
2017-03-23,,,
2017-03-24,,,
2017-03-27,,,
2017-03-28,,,
2017-03-29,,,
2017-03-30,,,
2017-03-31,,,
2017-04-03,,,
2017-04-05,,,
2017-04-06,,,
2017-04-07,,,
2017-04-10,,,
2017-04-11,,,
2017-04-12,,,
2017-04-13,,,
2017-04-17,,,
2017-04-18,,,
2017-04-19,,,
2017-04-20,,,
2017-04-21,,,
2017-04-24,,,
2017-04-25,,,
2017-04-26,,,
2017-04-27,,,
2017-04-28,,,
2017-05-02,,,
2017-05-03,,,
2017-05-04,,,
2017-05-05,,,
2017-05-08,,,
2017-05-09,,,
2017-05-10,,,
2017-05-11,,,
2017-05-12,,,
2017-05-15,,,
2017-05-16,,,
2017-05-17,,,
2017-05-18,,,
2017-05-19,,,
2017-05-22,,,
2017-05-23,,,
2017-05-24,,,
2017-05-25,,,
2017-05-26,,,
2017-05-29,,,
2017-05-30,,,
2017-05-31,,,
2017-06-01,,,
2017-06-02,,,
2017-06-05,,,
2017-06-06,,,
2017-06-07,,,
2017-06-08,,,
2017-06-09,,,
2017-06-12,,,
2017-06-13,,,
2017-06-14,,,
2017-06-15,,,
2017-06-16,,,
2017-06-19,,,
2017-06-20,,,
2017-06-21,,,
2017-06-22,,,
2017-06-23,,,
2017-06-27,,,
2017-06-28,,,
2017-06-29,,,
2017-06-30,,,
2017-07-03,,,
2017-07-04,,,
2017-07-05,,,
2017-07-06,,,
2017-07-07,,,
2017-07-10,,,
2017-07-11,,,
2017-07-12,,,
2017-07-13,,,
2017-07-14,,,
2017-07-17,,,
2017-07-18,,,
2017-07-19,,,
2017-07-20,,,
2017-07-21,,,
2017-07-24,,,
2017-07-25,,,
2017-07-26,,,
2017-07-27,,,
2017-07-28,,,
2017-07-31,,,
2017-08-01,,,
2017-08-02,,,
2017-08-03,,,
2017-08-04,,,
2017-08-07,,,
2017-08-08,,,
2017-08-09,,,
2017-08-10,,,
2017-08-11,,,
2017-08-14,,,
2017-08-16,,,
2017-08-17,,,
2017-08-18,,,
2017-08-21,,,
2017-08-22,,,
2017-08-23,,,
2017-08-24,,,
2017-08-28,,,
2017-08-29,,,
2017-08-30,,,
2017-08-31,,,
2017-09-01,,,
2017-09-04,,,
2017-09-05,,,
2017-09-06,,,
2017-09-07,,,
2017-09-08,,,
2017-09-11,,,
2017-09-12,,,
2017-09-13,,,
2017-09-14,,,
2017-09-15,,,
2017-09-18,,,
2017-09-19,,,
2017-09-20,,,
2017-09-21,,,
2017-09-22,,,
2017-09-25,,,
2017-09-26,,,
2017-09-27,,,
2017-09-28,,,
2017-09-29,,,
2017-10-03,,,
2017-10-04,,,
2017-10-05,,,
2017-10-06,,,
2017-10-09,,,
2017-10-10,,,
2017-10-11,,,
2017-10-12,,,
2017-10-13,,,
2017-10-16,,,
2017-10-17,,,
2017-10-18,,,
2017-10-19,,,
2017-10-23,,,
2017-10-24,,,
2017-10-25,,,
2017-10-26,,,
2017-10-27,,,
2017-10-30,,,
2017-10-31,,,
2017-11-01,,,
2017-11-02,-0.06094787539226576,-0.06072524739178509,-0.08448136142625606
2017-11-03,-0.06094787539226576,-0.06072524739178509,-0.08323431386755542
2017-11-06,-0.049739304011235164,-0.0496961553343902,-0.074360168689944
2017-11-07,-0.049739304011235164,-0.049175596392125764,-0.074360168689944
2017-11-08,-0.0476643074311508,-0.04801596945969222,-0.074360168689944
2017-11-09,-0.0476643074311508,-0.04801596945969222,-0.074360168689944
2017-11-10,-0.0476643074311508,-0.04801596945969222,-0.074360168689944
2017-11-13,-0.0476643074311508,-0.04801596945969222,-0.07242764566167192
2017-11-14,-0.0476643074311508,-0.04801596945969222,-0.07242764566167192
2017-11-15,-0.0476643074311508,-0.04801596945969222,-0.04677384060641676
2017-11-16,-0.0476643074311508,-0.04801596945969222,-0.04278754501165005
2017-11-17,-0.0476643074311508,-0.04801596945969222,-0.04278754501165005
2017-11-20,-0.0476643074311508,-0.04801596945969222,-0.04278754501165005
2017-11-21,-0.0476643074311508,-0.04801596945969222,-0.04278754501165005
2017-11-22,-0.0476643074311508,-0.04801596945969222,-0.04278754501165005
2017-11-23,-0.0476643074311508,-0.04801596945969222,-0.04278754501165005
2017-11-24,-0.0476643074311508,-0.04801596945969222,-0.04278754501165005
2017-11-27,-0.0476643074311508,-0.04801596945969222,-0.04278754501165005
2017-11-28,-0.0476643074311508,-0.04801596945969222,-0.04278754501165005
2017-11-29,-0.0476643074311508,-0.04801596945969222,-0.04278754501165005
2017-11-30,-0.0476643074311508,-0.04801596945969222,-0.04278754501165005
2017-12-01,-0.0476643074311508,-0.04801596945969222,-0.04278754501165005
2017-12-04,-0.0476643074311508,-0.04801596945969222,-0.04278754501165005
2017-12-05,-0.0476643074311508,-0.04801596945969222,-0.04278754501165005
2017-12-06,-0.0476643074311508,-0.04801596945969222,-0.04278754501165005
2017-12-07,-0.0476643074311508,-0.04801596945969222,-0.04278754501165005
2017-12-08,-0.0476643074311508,-0.04801596945969222,-0.04278754501165005
2017-12-11,-0.0476643074311508,-0.04801596945969222,-0.04278754501165005
2017-12-12,-0.0476643074311508,-0.04801596945969222,-0.04278754501165005
2017-12-13,-0.0476643074311508,-0.04801596945969222,-0.0411056352672472
2017-12-14,-0.0476643074311508,-0.04801596945969222,-0.0411056352672472
2017-12-15,-0.0476643074311508,-0.04801596945969222,-0.0411056352672472
2017-12-18,-0.0476643074311508,-0.04801596945969222,-0.0411056352672472
2017-12-19,-0.0476643074311508,-0.04801596945969222,-0.0411056352672472
2017-12-20,-0.0476643074311508,-0.04801596945969222,-0.0411056352672472
2017-12-21,-0.0476643074311508,-0.04801596945969222,-0.0411056352672472
2017-12-22,-0.0476643074311508,-0.04801596945969222,-0.0411056352672472
2017-12-26,-0.0476643074311508,-0.04801596945969222,-0.0411056352672472
2017-12-27,-0.0476643074311508,-0.04801596945969222,-0.0411056352672472
2017-12-28,-0.0476643074311508,-0.04801596945969222,-0.0411056352672472
2017-12-29,-0.0476643074311508,-0.04801596945969222,-0.0411056352672472
2018-01-01,-0.0476643074311508,-0.04801596945969222,-0.0411056352672472
2018-01-02,-0.0476643074311508,-0.04801596945969222,-0.0411056352672472
2018-01-03,-0.0476643074311508,-0.04801596945969222,-0.0411056352672472
2018-01-04,-0.0476643074311508,-0.04801596945969222,-0.0411056352672472
2018-01-05,-0.0476643074311508,-0.04801596945969222,-0.0411056352672472
2018-01-08,-0.0476643074311508,-0.04801596945969222,-0.0411056352672472
2018-01-09,-0.0476643074311508,-0.04801596945969222,-0.0411056352672472
2018-01-10,-0.0476643074311508,-0.04801596945969222,-0.0411056352672472
2018-01-11,-0.0476643074311508,-0.04801596945969222,-0.0411056352672472
2018-01-12,-0.0476643074311508,-0.04801596945969222,-0.0411056352672472
2018-01-15,-0.0476643074311508,-0.04801596945969222,-0.0411056352672472
2018-01-16,-0.0476643074311508,-0.04801596945969222,-0.0411056352672472
2018-01-17,-0.0476643074311508,-0.04801596945969222,-0.0411056352672472
2018-01-18,-0.0476643074311508,-0.04801596945969222,-0.0411056352672472
2018-01-19,-0.0476643074311508,-0.04801596945969222,-0.0411056352672472
2018-01-22,-0.0476643074311508,-0.04801596945969222,-0.0411056352672472
2018-01-23,-0.0476643074311508,-0.04801596945969222,-0.0411056352672472
2018-01-24,-0.0476643074311508,-0.04801596945969222,-0.0411056352672472
2018-01-25,-0.0476643074311508,-0.04801596945969222,-0.0411056352672472
2018-01-29,-0.0476643074311508,-0.04801596945969222,-0.0411056352672472
2018-01-30,-0.0476643074311508,-0.04801596945969222,-0.0411056352672472
2018-01-31,-0.0476643074311508,-0.04801596945969222,-0.0411056352672472
2018-02-01,-0.0476643074311508,-0.04801596945969222,-0.0411056352672472
2018-02-02,-0.0476643074311508,-0.04801596945969222,-0.0411056352672472
2018-02-05,-0.0476643074311508,-0.04801596945969222,-0.04167420484964712
2018-02-06,-0.0476643074311508,-0.05274248264345627,-0.056794937148662794
2018-02-07,-0.05349508868151498,-0.05714642469489761,-0.0587310583959858
2018-02-08,-0.05349508868151498,-0.05714642469489761,-0.0587310583959858
2018-02-09,-0.05349508868151498,-0.05714642469489761,-0.06068516599649221
2018-02-12,-0.05349508868151498,-0.05714642469489761,-0.06068516599649221
2018-02-14,-0.05349508868151498,-0.05714642469489761,-0.06068516599649221
2018-02-15,-0.05349508868151498,-0.05714642469489761,-0.06068516599649221
2018-02-16,-0.05349508868151498,-0.05714642469489761,-0.06092328776498057
2018-02-19,-0.05479819098443872,-0.05894144225187914,-0.06756270876233716
2018-02-20,-0.05854360910967482,-0.061345208843495036,-0.06917990125930784
2018-02-21,-0.06381207685766799,-0.06570492424838303,-0.06917990125930784
2018-02-22,-0.06381207685766799,-0.0667598720559558,-0.06917990125930784
2018-02-23,-0.06381207685766799,-0.0667598720559558,-0.06917990125930784
2018-02-26,-0.06381207685766799,-0.0667598720559558,-0.06917990125930784
2018-02-27,-0.06381207685766799,-0.0667598720559558,-0.06917990125930784
2018-02-28,-0.06381207685766799,-0.0667598720559558,-0.06917990125930784
2018-03-01,-0.06381207685766799,-0.0667598720559558,-0.06917990125930784
2018-03-05,-0.06381207685766799,-0.0667598720559558,-0.06931922969274928
2018-03-06,-0.06609081567026276,-0.06881728948466137,-0.07916610002342617
2018-03-07,-0.07615473378895476,-0.08006864058454644,-0.0877057573000466
2018-03-08,-0.07615473378895476,-0.08006864058454644,-0.0877057573000466
2018-03-09,-0.07615473378895476,-0.08006864058454644,-0.0877057573000466
2018-03-12,-0.07615473378895476,-0.08006864058454644,-0.0877057573000466
2018-03-13,-0.07615473378895476,-0.08006864058454644,-0.0877057573000466
2018-03-14,-0.07615473378895476,-0.08006864058454644,-0.0877057573000466
2018-03-15,-0.07615473378895476,-0.08006864058454644,-0.0877057573000466
2018-03-16,-0.07615473378895476,-0.08006864058454644,-0.0877057573000466
2018-03-19,-0.07615473378895476,-0.08006864058454644,-0.09309192430289714
2018-03-20,-0.07615473378895476,-0.08006864058454644,-0.09309192430289714
2018-03-21,-0.07615473378895476,-0.08006864058454644,-0.09309192430289714
2018-03-22,-0.07615473378895476,-0.08006864058454644,-0.09309192430289714
2018-03-23,-0.07615473378895476,-0.08006864058454644,-0.10173493730659178
2018-03-26,-0.07615473378895476,-0.08006864058454644,-0.10173493730659178
2018-03-27,-0.07615473378895476,-0.08006864058454644,-0.10173493730659178
2018-03-28,-0.07615473378895476,-0.08006864058454644,-0.10173493730659178
2018-04-02,-0.07615473378895476,-0.08006864058454644,-0.10173493730659178
2018-04-03,-0.07615473378895476,-0.08006864058454644,-0.10173493730659178
2018-04-04,-0.07615473378895476,-0.08006864058454644,-0.10173493730659178
2018-04-05,-0.07615473378895476,-0.08006864058454644,-0.10173493730659178
2018-04-06,-0.07615473378895476,-0.08006864058454644,-0.10173493730659178
2018-04-09,-0.07615473378895476,-0.08006864058454644,-0.10173493730659178
2018-04-10,-0.07615473378895476,-0.08006864058454644,-0.10173493730659178
2018-04-11,-0.07615473378895476,-0.08006864058454644,-0.10173493730659178
2018-04-12,-0.07615473378895476,-0.08006864058454644,-0.10173493730659178
2018-04-13,-0.07615473378895476,-0.08006864058454644,-0.10173493730659178
2018-04-16,-0.07615473378895476,-0.08006864058454644,-0.10173493730659178
2018-04-17,-0.07615473378895476,-0.08006864058454644,-0.10173493730659178
2018-04-18,-0.07615473378895476,-0.08006864058454644,-0.10173493730659178
2018-04-19,-0.07615473378895476,-0.08006864058454644,-0.10173493730659178
2018-04-20,-0.07615473378895476,-0.08006864058454644,-0.10173493730659178
2018-04-23,-0.07615473378895476,-0.08006864058454644,-0.10173493730659178
2018-04-24,-0.07615473378895476,-0.08006864058454644,-0.10173493730659178
2018-04-25,-0.07615473378895476,-0.08006864058454644,-0.10173493730659178
2018-04-26,-0.07615473378895476,-0.08006864058454644,-0.10173493730659178
2018-04-27,-0.07615473378895476,-0.08006864058454644,-0.10173493730659178
2018-04-30,-0.07615473378895476,-0.08006864058454644,-0.10173493730659178
2018-05-02,-0.07615473378895476,-0.08006864058454644,-0.10173493730659178
2018-05-03,-0.07615473378895476,-0.08006864058454644,-0.10173493730659178
2018-05-04,-0.07615473378895476,-0.08006864058454644,-0.10173493730659178
2018-05-07,-0.07615473378895476,-0.08006864058454644,-0.10173493730659178
2018-05-08,-0.07615473378895476,-0.08006864058454644,-0.10173493730659178
2018-05-09,-0.07615473378895476,-0.08006864058454644,-0.10173493730659178
2018-05-10,-0.07615473378895476,-0.08006864058454644,-0.10173493730659178
2018-05-11,-0.07615473378895476,-0.08006864058454644,-0.10173493730659178
2018-05-14,-0.07615473378895476,-0.08006864058454644,-0.10173493730659178
2018-05-15,-0.07615473378895476,-0.08006864058454644,-0.10173493730659178
2018-05-16,-0.07615473378895476,-0.08006864058454644,-0.10173493730659178
2018-05-17,-0.07615473378895476,-0.08006864058454644,-0.10173493730659178
2018-05-18,-0.07615473378895476,-0.08006864058454644,-0.10173493730659178
2018-05-21,-0.07615473378895476,-0.08006864058454644,-0.10173493730659178
2018-05-22,-0.07615473378895476,-0.08006864058454644,-0.10173493730659178
2018-05-23,-0.07615473378895476,-0.08006864058454644,-0.10173493730659178
2018-05-24,-0.07615473378895476,-0.08006864058454644,-0.10173493730659178
2018-05-25,-0.07615473378895476,-0.08006864058454644,-0.10173493730659178
2018-05-28,-0.07615473378895476,-0.08006864058454644,-0.10173493730659178
2018-05-29,-0.07615473378895476,-0.08006864058454644,-0.10173493730659178
2018-05-30,-0.07615473378895476,-0.08006864058454644,-0.10173493730659178
2018-05-31,-0.07615473378895476,-0.08006864058454644,-0.10173493730659178
2018-06-01,-0.07615473378895476,-0.08006864058454644,-0.10173493730659178
2018-06-04,-0.07615473378895476,-0.08006864058454644,-0.10173493730659178
2018-06-05,-0.07615473378895476,-0.08006864058454644,-0.10173493730659178
2018-06-06,-0.07615473378895476,-0.08006864058454644,-0.10173493730659178
2018-06-07,-0.07615473378895476,-0.08006864058454644,-0.10173493730659178
2018-06-08,-0.07615473378895476,-0.08006864058454644,-0.10173493730659178
2018-06-11,-0.07615473378895476,-0.08006864058454644,-0.10173493730659178
2018-06-12,-0.07615473378895476,-0.08006864058454644,-0.10173493730659178
2018-06-13,-0.07615473378895476,-0.08006864058454644,-0.10173493730659178
2018-06-14,-0.07615473378895476,-0.08006864058454644,-0.10173493730659178
2018-06-15,-0.07615473378895476,-0.08006864058454644,-0.10173493730659178
2018-06-18,-0.07615473378895476,-0.08006864058454644,-0.10173493730659178
2018-06-19,-0.07615473378895476,-0.08006864058454644,-0.10173493730659178
2018-06-20,-0.07615473378895476,-0.08006864058454644,-0.10173493730659178
2018-06-21,-0.07615473378895476,-0.08006864058454644,-0.10173493730659178
2018-06-22,-0.07615473378895476,-0.08006864058454644,-0.10173493730659178
2018-06-25,-0.07615473378895476,-0.08006864058454644,-0.10173493730659178
2018-06-26,-0.07615473378895476,-0.08006864058454644,-0.10173493730659178
2018-06-27,-0.07615473378895476,-0.08006864058454644,-0.10173493730659178
2018-06-28,-0.07615473378895476,-0.08006864058454644,-0.10173493730659178
2018-06-29,-0.07615473378895476,-0.08006864058454644,-0.10173493730659178
2018-07-02,-0.07615473378895476,-0.08006864058454644,-0.10173493730659178
2018-07-03,-0.07615473378895476,-0.08006864058454644,-0.10173493730659178
2018-07-04,-0.07615473378895476,-0.08006864058454644,-0.10173493730659178
2018-07-05,-0.07615473378895476,-0.08006864058454644,-0.10173493730659178
2018-07-06,-0.07615473378895476,-0.08006864058454644,-0.10173493730659178
2018-07-09,-0.07615473378895476,-0.08006864058454644,-0.10173493730659178
2018-07-10,-0.07615473378895476,-0.08006864058454644,-0.10173493730659178
2018-07-11,-0.07615473378895476,-0.08006864058454644,-0.10173493730659178
2018-07-12,-0.07615473378895476,-0.08006864058454644,-0.10173493730659178
2018-07-13,-0.07615473378895476,-0.08006864058454644,-0.10173493730659178
2018-07-16,-0.07615473378895476,-0.08006864058454644,-0.10173493730659178
2018-07-17,-0.07615473378895476,-0.08006864058454644,-0.10173493730659178
2018-07-18,-0.07615473378895476,-0.08006864058454644,-0.10173493730659178
2018-07-19,-0.07615473378895476,-0.08006864058454644,-0.10173493730659178
2018-07-20,-0.07615473378895476,-0.08006864058454644,-0.10173493730659178
2018-07-23,-0.07615473378895476,-0.08006864058454644,-0.10173493730659178
2018-07-24,-0.07615473378895476,-0.08006864058454644,-0.10173493730659178
2018-07-25,-0.07615473378895476,-0.08006864058454644,-0.10173493730659178
2018-07-26,-0.07615473378895476,-0.08006864058454644,-0.10173493730659178
2018-07-27,-0.07615473378895476,-0.08006864058454644,-0.10173493730659178
2018-07-30,-0.07615473378895476,-0.08006864058454644,-0.10173493730659178
2018-07-31,-0.07615473378895476,-0.08006864058454644,-0.10173493730659178
2018-08-01,-0.07615473378895476,-0.08006864058454644,-0.10173493730659178
2018-08-02,-0.07615473378895476,-0.08006864058454644,-0.10173493730659178
2018-08-03,-0.07615473378895476,-0.08006864058454644,-0.10173493730659178
2018-08-06,-0.07615473378895476,-0.08006864058454644,-0.10173493730659178
2018-08-07,-0.07615473378895476,-0.08006864058454644,-0.10173493730659178
2018-08-08,-0.07615473378895476,-0.08006864058454644,-0.10173493730659178
2018-08-09,-0.07615473378895476,-0.08006864058454644,-0.10173493730659178
2018-08-10,-0.07615473378895476,-0.08006864058454644,-0.10173493730659178
2018-08-13,-0.07615473378895476,-0.08006864058454644,-0.10173493730659178
2018-08-14,-0.07615473378895476,-0.08006864058454644,-0.10173493730659178
2018-08-16,-0.07615473378895476,-0.08006864058454644,-0.10173493730659178
2018-08-17,-0.07615473378895476,-0.08006864058454644,-0.10173493730659178
2018-08-20,-0.07615473378895476,-0.08006864058454644,-0.10173493730659178
2018-08-21,-0.07615473378895476,-0.08006864058454644,-0.10173493730659178
2018-08-23,-0.07615473378895476,-0.08006864058454644,-0.10173493730659178
2018-08-24,-0.07615473378895476,-0.08006864058454644,-0.10173493730659178
2018-08-27,-0.07615473378895476,-0.08006864058454644,-0.10173493730659178
2018-08-28,-0.07615473378895476,-0.08006864058454644,-0.10173493730659178
2018-08-29,-0.07615473378895476,-0.08006864058454644,-0.10173493730659178
2018-08-30,-0.07615473378895476,-0.08006864058454644,-0.10173493730659178
2018-08-31,-0.07615473378895476,-0.08006864058454644,-0.10173493730659178
2018-09-03,-0.07615473378895476,-0.08006864058454644,-0.10173493730659178
2018-09-04,-0.07615473378895476,-0.08006864058454644,-0.10173493730659178
2018-09-05,-0.07615473378895476,-0.08006864058454644,-0.10173493730659178
2018-09-06,-0.07615473378895476,-0.08006864058454644,-0.10173493730659178
2018-09-07,-0.07615473378895476,-0.08006864058454644,-0.10173493730659178
2018-09-10,-0.07615473378895476,-0.08006864058454644,-0.10173493730659178
2018-09-11,-0.07615473378895476,-0.08006864058454644,-0.10173493730659178
2018-09-12,-0.07615473378895476,-0.08006864058454644,-0.10173493730659178
2018-09-14,-0.07615473378895476,-0.08006864058454644,-0.10173493730659178
2018-09-17,-0.07615473378895476,-0.08006864058454644,-0.10173493730659178
2018-09-18,-0.07615473378895476,-0.08006864058454644,-0.10173493730659178
2018-09-19,-0.07615473378895476,-0.08006864058454644,-0.10173493730659178
2018-09-21,-0.07615473378895476,-0.08006864058454644,-0.10173493730659178
2018-09-24,-0.07615473378895476,-0.08006864058454644,-0.10173493730659178
2018-09-25,-0.07615473378895476,-0.08006864058454644,-0.10173493730659178
2018-09-26,-0.07615473378895476,-0.08006864058454644,-0.10173493730659178
2018-09-27,-0.07615473378895476,-0.08006864058454644,-0.10173493730659178
2018-09-28,-0.07615473378895476,-0.08006864058454644,-0.10173493730659178
2018-10-01,-0.07615473378895476,-0.08006864058454644,-0.10173493730659178
2018-10-03,-0.08546841576882214,-0.0867404736689611,-0.10173493730659178
2018-10-04,-0.09693350923142419,-0.10014678975305658,-0.10173493730659178
2018-10-05,-0.10802608247966872,-0.10981862789226493,-0.12114408184073766
2018-10-08,-0.11546845674022188,-0.1187482128642946,-0.12114408184073766
2018-10-09,-0.12197452064471914,-0.12731114829738488,-0.1224560374249265
2018-10-10,-0.12197452064471914,-0.12731114829738488,-0.1224560374249265
2018-10-11,-0.1315376557094412,-0.13351887191730394,-0.1281125875857222
2018-10-12,-0.1315376557094412,-0.13351887191730394,-0.1281125875857222
2018-10-15,-0.1315376557094412,-0.13351887191730394,-0.1281125875857222
2018-10-16,-0.1315376557094412,-0.13351887191730394,-0.1281125875857222
2018-10-17,-0.1315376557094412,-0.13351887191730394,-0.1281125875857222
2018-10-19,-0.1315376557094412,-0.13351887191730394,-0.1281125875857222
2018-10-22,-0.1315376557094412,-0.13351887191730394,-0.1281125875857222
2018-10-23,-0.13421504189357503,-0.13638966338770508,-0.13559655793436132
2018-10-24,-0.13421504189357503,-0.13638966338770508,-0.13559655793436132
2018-10-25,-0.13496441762735134,-0.1364478741281061,-0.1374621637666651
2018-10-26,-0.13858308937383335,-0.1392086053103142,-0.14554670528602465
2018-10-29,-0.13858308937383335,-0.1392086053103142,-0.14554670528602465
2018-10-30,-0.13858308937383335,-0.1392086053103142,-0.14554670528602465
2018-10-31,-0.13858308937383335,-0.1392086053103142,-0.14554670528602465
2018-11-01,-0.13858308937383335,-0.1392086053103142,-0.14554670528602465
2018-11-02,-0.13858308937383335,-0.1392086053103142,-0.14554670528602465
2018-11-05,-0.13858308937383335,-0.1392086053103142,-0.14554670528602465
2018-11-06,-0.13858308937383335,-0.1392086053103142,-0.14554670528602465
2018-11-07,-0.13858308937383335,-0.1392086053103142,-0.14554670528602465
2018-11-09,-0.13858308937383335,-0.1392086053103142,-0.14554670528602465
2018-11-12,-0.13858308937383335,-0.1392086053103142,-0.14554670528602465
2018-11-13,-0.13858308937383335,-0.1392086053103142,-0.14554670528602465
2018-11-14,-0.13858308937383335,-0.1392086053103142,-0.14554670528602465
2018-11-15,-0.13858308937383335,-0.1392086053103142,-0.14554670528602465
2018-11-16,-0.13858308937383335,-0.1392086053103142,-0.14554670528602465
2018-11-19,-0.13858308937383335,-0.1392086053103142,-0.14554670528602465
2018-11-20,-0.13858308937383335,-0.1392086053103142,-0.14554670528602465
2018-11-21,-0.13858308937383335,-0.1392086053103142,-0.14554670528602465
2018-11-22,-0.13858308937383335,-0.1392086053103142,-0.14554670528602465
2018-11-26,-0.13858308937383335,-0.1392086053103142,-0.14554670528602465
2018-11-27,-0.13858308937383335,-0.1392086053103142,-0.14554670528602465
2018-11-28,-0.13858308937383335,-0.1392086053103142,-0.14554670528602465
2018-11-29,-0.13858308937383335,-0.1392086053103142,-0.14554670528602465
2018-11-30,-0.13858308937383335,-0.1392086053103142,-0.14554670528602465
2018-12-03,-0.13858308937383335,-0.1392086053103142,-0.14554670528602465
2018-12-04,-0.13858308937383335,-0.1392086053103142,-0.14554670528602465
2018-12-05,-0.13858308937383335,-0.1392086053103142,-0.14554670528602465
2018-12-06,-0.13858308937383335,-0.1392086053103142,-0.14554670528602465
2018-12-07,-0.13858308937383335,-0.1392086053103142,-0.14554670528602465
2018-12-10,-0.13858308937383335,-0.1392086053103142,-0.14554670528602465
2018-12-11,-0.13858308937383335,-0.1392086053103142,-0.14554670528602465
2018-12-12,-0.13858308937383335,-0.1392086053103142,-0.14554670528602465
2018-12-13,-0.13858308937383335,-0.1392086053103142,-0.14554670528602465
2018-12-14,-0.13858308937383335,-0.1392086053103142,-0.14554670528602465
2018-12-17,-0.13858308937383335,-0.1392086053103142,-0.14554670528602465
2018-12-18,-0.13858308937383335,-0.1392086053103142,-0.14554670528602465
2018-12-19,-0.13858308937383335,-0.1392086053103142,-0.14554670528602465
2018-12-20,-0.13858308937383335,-0.1392086053103142,-0.14554670528602465
2018-12-21,-0.13858308937383335,-0.1392086053103142,-0.14554670528602465
2018-12-24,-0.13858308937383335,-0.1392086053103142,-0.14554670528602465
2018-12-26,-0.13858308937383335,-0.1392086053103142,-0.14554670528602465
2018-12-27,-0.13858308937383335,-0.1392086053103142,-0.14554670528602465
2018-12-28,-0.13858308937383335,-0.1392086053103142,-0.14554670528602465
2018-12-31,-0.13858308937383335,-0.1392086053103142,-0.14554670528602465
2019-01-01,-0.13858308937383335,-0.1392086053103142,-0.14554670528602465
2019-01-02,-0.13858308937383335,-0.1392086053103142,-0.14554670528602465
2019-01-03,-0.13858308937383335,-0.1392086053103142,-0.14554670528602465
2019-01-04,-0.13858308937383335,-0.1392086053103142,-0.14554670528602465
2019-01-07,-0.13858308937383335,-0.1392086053103142,-0.14554670528602465
2019-01-08,-0.13858308937383335,-0.1392086053103142,-0.14554670528602465
2019-01-09,-0.13858308937383335,-0.1392086053103142,-0.14554670528602465
2019-01-10,-0.13858308937383335,-0.1392086053103142,-0.14554670528602465
2019-01-11,-0.13858308937383335,-0.1392086053103142,-0.14554670528602465
2019-01-14,-0.13858308937383335,-0.1392086053103142,-0.14554670528602465
2019-01-15,-0.13858308937383335,-0.1392086053103142,-0.14554670528602465
2019-01-16,-0.13858308937383335,-0.1392086053103142,-0.14554670528602465
2019-01-17,-0.13858308937383335,-0.1392086053103142,-0.14554670528602465
2019-01-18,-0.13858308937383335,-0.1392086053103142,-0.14554670528602465
2019-01-21,-0.13858308937383335,-0.1392086053103142,-0.14554670528602465
2019-01-22,-0.13858308937383335,-0.1392086053103142,-0.14554670528602465
2019-01-23,-0.13858308937383335,-0.1392086053103142,-0.14554670528602465
2019-01-24,-0.13858308937383335,-0.1392086053103142,-0.14554670528602465
2019-01-25,-0.13858308937383335,-0.1392086053103142,-0.14554670528602465
2019-01-28,-0.13858308937383335,-0.1392086053103142,-0.14554670528602465
2019-01-29,-0.13858308937383335,-0.1392086053103142,-0.14554670528602465
2019-01-30,-0.13858308937383335,-0.1392086053103142,-0.14554670528602465
2019-01-31,-0.13858308937383335,-0.1392086053103142,-0.14554670528602465
2019-02-01,-0.13858308937383335,-0.1392086053103142,-0.14554670528602465
2019-02-04,-0.13858308937383335,-0.1392086053103142,-0.14554670528602465
2019-02-05,-0.13858308937383335,-0.1392086053103142,-0.14554670528602465
2019-02-06,-0.13858308937383335,-0.1392086053103142,-0.14554670528602465
2019-02-07,-0.13858308937383335,-0.1392086053103142,-0.14554670528602465
2019-02-08,-0.13858308937383335,-0.1392086053103142,-0.14554670528602465
2019-02-11,-0.13858308937383335,-0.1392086053103142,-0.14554670528602465
2019-02-12,-0.13858308937383335,-0.1392086053103142,-0.14554670528602465
2019-02-14,-0.13858308937383335,-0.1392086053103142,-0.14554670528602465
2019-02-15,-0.13858308937383335,-0.1392086053103142,-0.14554670528602465
2019-02-18,-0.13858308937383335,-0.1392086053103142,-0.14554670528602465
2019-02-19,-0.13858308937383335,-0.1392086053103142,-0.14554670528602465
2019-02-20,-0.13858308937383335,-0.1392086053103142,-0.14554670528602465
2019-02-21,-0.13858308937383335,-0.1392086053103142,-0.14554670528602465
2019-02-22,-0.13858308937383335,-0.1392086053103142,-0.14554670528602465
2019-02-25,-0.13858308937383335,-0.1392086053103142,-0.14554670528602465
2019-02-26,-0.13858308937383335,-0.1392086053103142,-0.14554670528602465
2019-02-27,-0.13858308937383335,-0.1392086053103142,-0.14554670528602465
2019-02-28,-0.13858308937383335,-0.1392086053103142,-0.14554670528602465
2019-03-01,-0.13858308937383335,-0.1392086053103142,-0.14554670528602465
2019-03-05,-0.13858308937383335,-0.1392086053103142,-0.14554670528602465
2019-03-06,-0.13858308937383335,-0.1392086053103142,-0.14554670528602465
2019-03-07,-0.13858308937383335,-0.1392086053103142,-0.14554670528602465
2019-03-08,-0.13858308937383335,-0.1392086053103142,-0.14554670528602465
2019-03-11,-0.13858308937383335,-0.1392086053103142,-0.14554670528602465
2019-03-12,-0.13858308937383335,-0.1392086053103142,-0.14554670528602465
2019-03-13,-0.13858308937383335,-0.1392086053103142,-0.14554670528602465
2019-03-14,-0.13858308937383335,-0.1392086053103142,-0.14554670528602465
2019-03-15,-0.13858308937383335,-0.1392086053103142,-0.14554670528602465
2019-03-18,-0.13858308937383335,-0.1392086053103142,-0.14554670528602465
2019-03-19,-0.13858308937383335,-0.1392086053103142,-0.14554670528602465
2019-03-20,-0.13858308937383335,-0.1392086053103142,-0.14554670528602465
2019-03-22,-0.13858308937383335,-0.1392086053103142,-0.14554670528602465
2019-03-25,-0.13858308937383335,-0.1392086053103142,-0.14554670528602465
2019-03-26,-0.13858308937383335,-0.1392086053103142,-0.14554670528602465
2019-03-27,-0.13858308937383335,-0.1392086053103142,-0.14554670528602465
2019-03-28,-0.13858308937383335,-0.1392086053103142,-0.14554670528602465
2019-04-01,-0.13858308937383335,-0.1392086053103142,-0.14554670528602465
2019-04-02,-0.13858308937383335,-0.1392086053103142,-0.14554670528602465
2019-04-03,-0.13858308937383335,-0.1392086053103142,-0.14554670528602465
2019-04-04,-0.13858308937383335,-0.1392086053103142,-0.14554670528602465
2019-04-05,-0.13858308937383335,-0.1392086053103142,-0.14554670528602465
2019-04-08,-0.13858308937383335,-0.1392086053103142,-0.14554670528602465
2019-04-09,-0.13858308937383335,-0.1392086053103142,-0.14554670528602465
2019-04-10,-0.13858308937383335,-0.1392086053103142,-0.14554670528602465
2019-04-11,-0.13858308937383335,-0.1392086053103142,-0.14554670528602465
2019-04-12,-0.13858308937383335,-0.1392086053103142,-0.14554670528602465
2019-04-15,-0.13858308937383335,-0.1392086053103142,-0.14554670528602465
2019-04-16,-0.13858308937383335,-0.1392086053103142,-0.14554670528602465
2019-04-18,-0.13858308937383335,-0.1392086053103142,-0.14554670528602465
2019-04-22,-0.13858308937383335,-0.1392086053103142,-0.14554670528602465
2019-04-23,-0.13858308937383335,-0.1392086053103142,-0.14554670528602465
2019-04-24,-0.13858308937383335,-0.1392086053103142,-0.14554670528602465
2019-04-25,-0.13858308937383335,-0.1392086053103142,-0.14554670528602465
2019-04-26,-0.13858308937383335,-0.1392086053103142,-0.14554670528602465
2019-04-30,-0.13858308937383335,-0.1392086053103142,-0.14554670528602465
2019-05-02,-0.13858308937383335,-0.1392086053103142,-0.14554670528602465
2019-05-03,-0.13858308937383335,-0.1392086053103142,-0.14554670528602465
2019-05-06,-0.13858308937383335,-0.1392086053103142,-0.14554670528602465
2019-05-07,-0.13858308937383335,-0.1392086053103142,-0.14554670528602465
2019-05-08,-0.13858308937383335,-0.1392086053103142,-0.14554670528602465
2019-05-09,-0.13858308937383335,-0.1392086053103142,-0.14554670528602465
2019-05-10,-0.13858308937383335,-0.1392086053103142,-0.14554670528602465
2019-05-13,-0.13858308937383335,-0.1392086053103142,-0.14554670528602465
2019-05-14,-0.13858308937383335,-0.1392086053103142,-0.14554670528602465
2019-05-15,-0.13858308937383335,-0.1392086053103142,-0.14554670528602465
2019-05-16,-0.13858308937383335,-0.1392086053103142,-0.14554670528602465
2019-05-17,-0.13858308937383335,-0.1392086053103142,-0.14554670528602465
2019-05-20,-0.13858308937383335,-0.1392086053103142,-0.14554670528602465
2019-05-21,-0.13858308937383335,-0.1392086053103142,-0.14554670528602465
2019-05-22,-0.13858308937383335,-0.1392086053103142,-0.14554670528602465
2019-05-23,-0.13858308937383335,-0.1392086053103142,-0.14554670528602465
2019-05-24,-0.13858308937383335,-0.1392086053103142,-0.14554670528602465
2019-05-27,-0.13858308937383335,-0.1392086053103142,-0.14554670528602465
2019-05-28,-0.13858308937383335,-0.1392086053103142,-0.14554670528602465
2019-05-29,-0.13858308937383335,-0.1392086053103142,-0.14554670528602465
2019-05-30,-0.13858308937383335,-0.1392086053103142,-0.14554670528602465
2019-05-31,-0.13858308937383335,-0.1392086053103142,-0.14554670528602465
2019-06-03,-0.13858308937383335,-0.1392086053103142,-0.14554670528602465
2019-06-04,-0.13858308937383335,-0.1392086053103142,-0.14554670528602465
2019-06-06,-0.13858308937383335,-0.1392086053103142,-0.14554670528602465
2019-06-07,-0.13858308937383335,-0.1392086053103142,-0.14554670528602465
2019-06-10,-0.13858308937383335,-0.1392086053103142,-0.14554670528602465
2019-06-11,-0.13858308937383335,-0.1392086053103142,-0.14554670528602465
2019-06-12,-0.13858308937383335,-0.1392086053103142,-0.14554670528602465
2019-06-13,-0.13858308937383335,-0.1392086053103142,-0.14554670528602465
2019-06-14,-0.13858308937383335,-0.1392086053103142,-0.14554670528602465
2019-06-17,-0.13858308937383335,-0.1392086053103142,-0.14554670528602465
2019-06-18,-0.13858308937383335,-0.1392086053103142,-0.14554670528602465
2019-06-19,-0.13858308937383335,-0.1392086053103142,-0.14554670528602465
2019-06-20,-0.13858308937383335,-0.1392086053103142,-0.14554670528602465
2019-06-21,-0.13858308937383335,-0.1392086053103142,-0.14554670528602465
2019-06-24,-0.13858308937383335,-0.1392086053103142,-0.14554670528602465
2019-06-25,-0.13858308937383335,-0.1392086053103142,-0.14554670528602465
2019-06-26,-0.13858308937383335,-0.1392086053103142,-0.14554670528602465
2019-06-27,-0.13858308937383335,-0.1392086053103142,-0.14554670528602465
2019-06-28,-0.13858308937383335,-0.1392086053103142,-0.14554670528602465
2019-07-01,-0.13858308937383335,-0.1392086053103142,-0.14554670528602465
2019-07-02,-0.13858308937383335,-0.1392086053103142,-0.14554670528602465
2019-07-03,-0.13858308937383335,-0.1392086053103142,-0.14554670528602465
2019-07-04,-0.13858308937383335,-0.1392086053103142,-0.14554670528602465
2019-07-05,-0.13858308937383335,-0.1392086053103142,-0.14554670528602465
2019-07-08,-0.13858308937383335,-0.1392086053103142,-0.14554670528602465
2019-07-09,-0.13858308937383335,-0.1392086053103142,-0.14554670528602465
2019-07-10,-0.13858308937383335,-0.1392086053103142,-0.14554670528602465
2019-07-11,-0.13858308937383335,-0.1392086053103142,-0.14554670528602465
2019-07-12,-0.13858308937383335,-0.1392086053103142,-0.14554670528602465
2019-07-15,-0.13858308937383335,-0.1392086053103142,-0.14554670528602465
2019-07-16,-0.13858308937383335,-0.1392086053103142,-0.14554670528602465
2019-07-17,-0.13858308937383335,-0.1392086053103142,-0.14554670528602465
2019-07-18,-0.13858308937383335,-0.1392086053103142,-0.14554670528602465
2019-07-19,-0.13858308937383335,-0.1392086053103142,-0.14554670528602465
2019-07-22,-0.13858308937383335,-0.1392086053103142,-0.14554670528602465
2019-07-23,-0.13858308937383335,-0.1392086053103142,-0.14554670528602465
2019-07-24,-0.13858308937383335,-0.1392086053103142,-0.14554670528602465
2019-07-25,-0.13858308937383335,-0.1392086053103142,-0.14554670528602465
2019-07-26,-0.13858308937383335,-0.1392086053103142,-0.14554670528602465
2019-07-29,-0.13858308937383335,-0.1392086053103142,-0.14554670528602465
2019-07-30,-0.13858308937383335,-0.1392086053103142,-0.14554670528602465
2019-07-31,-0.13858308937383335,-0.1392086053103142,-0.14554670528602465
2019-08-01,-0.13858308937383335,-0.1392086053103142,-0.14554670528602465
2019-08-02,-0.13858308937383335,-0.1392086053103142,-0.14554670528602465
2019-08-05,-0.13858308937383335,-0.1392086053103142,-0.14554670528602465
2019-08-06,-0.13858308937383335,-0.1392086053103142,-0.14554670528602465
2019-08-07,-0.13858308937383335,-0.1392086053103142,-0.14554670528602465
2019-08-08,-0.13858308937383335,-0.1392086053103142,-0.14554670528602465
2019-08-09,-0.13858308937383335,-0.1392086053103142,-0.14554670528602465
2019-08-13,-0.13858308937383335,-0.1392086053103142,-0.14554670528602465
2019-08-14,-0.13858308937383335,-0.1392086053103142,-0.14554670528602465
2019-08-16,-0.13858308937383335,-0.1392086053103142,-0.14554670528602465
2019-08-19,-0.13858308937383335,-0.1392086053103142,-0.14554670528602465
2019-08-20,-0.13858308937383335,-0.1392086053103142,-0.14554670528602465
2019-08-21,-0.13858308937383335,-0.1392086053103142,-0.14554670528602465
2019-08-22,-0.13858308937383335,-0.1392086053103142,-0.14554670528602465
2019-08-23,-0.13858308937383335,-0.1392086053103142,-0.14554670528602465
2019-08-26,-0.13858308937383335,-0.1392086053103142,-0.14554670528602465
2019-08-27,-0.13858308937383335,-0.1392086053103142,-0.14554670528602465
2019-08-28,-0.13858308937383335,-0.1392086053103142,-0.14554670528602465
2019-08-29,-0.13858308937383335,-0.1392086053103142,-0.14554670528602465
2019-08-30,-0.13858308937383335,-0.1392086053103142,-0.14554670528602465
2019-09-03,-0.13858308937383335,-0.1392086053103142,-0.14554670528602465
2019-09-04,-0.13858308937383335,-0.1392086053103142,-0.14554670528602465
2019-09-05,-0.13858308937383335,-0.1392086053103142,-0.14554670528602465
2019-09-06,-0.13858308937383335,-0.1392086053103142,-0.14554670528602465
2019-09-09,-0.13858308937383335,-0.1392086053103142,-0.14554670528602465
2019-09-11,-0.13858308937383335,-0.1392086053103142,-0.14554670528602465
2019-09-12,-0.13858308937383335,-0.1392086053103142,-0.14214116910862284
2019-09-13,-0.13858308937383335,-0.1392086053103142,-0.14130388253927484
2019-09-16,-0.13858308937383335,-0.1392086053103142,-0.14130388253927484
2019-09-17,-0.12593189248868297,-0.12510654356748763,-0.13453155654247428
2019-09-18,-0.12344339344146504,-0.1180447487043369,-0.13453155654247428
2019-09-19,-0.12344339344146504,-0.11461606602881713,-0.13453155654247428
2019-09-20,-0.12344339344146504,-0.11461606602881713,-0.13453155654247428
2019-09-23,-0.12344339344146504,-0.11461606602881713,-0.13453155654247428
2019-09-24,-0.11827184240394284,-0.10917501478236158,-0.1289773664479651
2019-09-25,-0.11827184240394284,-0.10917501478236158,-0.1289773664479651
2019-09-26,-0.11827184240394284,-0.10917501478236158,-0.1289773664479651
2019-09-27,-0.11827184240394284,-0.10917501478236158,-0.1289773664479651
2019-09-30,-0.11280653752626169,-0.10314939095294418,-0.11845487904023211
2019-10-01,-0.10785229706237631,-0.09911524379462566,-0.11446782470660233
2019-10-03,-0.1062499074020552,-0.09605563572348297,-0.11446782470660233
2019-10-04,-0.1062499074020552,-0.0946480625049324,-0.11446782470660233
2019-10-07,-0.09117302758131807,-0.08476013154228945,-0.11446782470660233
2019-10-09,-0.09117302758131807,-0.08476013154228945,-0.11446782470660233
2019-10-10,-0.09117302758131807,-0.08476013154228945,-0.11446782470660233
2019-10-11,-0.08823450756288875,-0.08265275442514908,-0.11446782470660233
2019-10-14,-0.07939310699009106,-0.07988083659663525,-0.11446782470660233
2019-10-15,-0.07939310699009106,-0.07988083659663525,-0.11446782470660233
2019-10-16,-0.07939310699009106,-0.07988083659663525,-0.11446782470660233
2019-10-17,-0.07939310699009106,-0.07988083659663525,-0.11446782470660233
2019-10-18,-0.07939310699009106,-0.07988083659663525,-0.11446782470660233
2019-10-22,-0.07939310699009106,-0.07988083659663525,-0.11446782470660233
2019-10-23,-0.07939310699009106,-0.07988083659663525,-0.11446782470660233
2019-10-24,-0.07939310699009106,-0.07988083659663525,-0.11446782470660233
2019-10-25,-0.07939310699009106,-0.07988083659663525,-0.11446782470660233
2019-10-27,-0.07939310699009106,-0.07988083659663525,-0.11446782470660233
2019-10-29,-0.07939310699009106,-0.07988083659663525,-0.11446782470660233
2019-10-30,-0.07939310699009106,-0.07988083659663525,-0.11446782470660233
2019-10-31,-0.07939310699009106,-0.07988083659663525,-0.11446782470660233
2019-11-01,-0.07939310699009106,-0.07988083659663525,-0.11446782470660233
2019-11-04,-0.07939310699009106,-0.07988083659663525,-0.11446782470660233
2019-11-05,-0.07939310699009106,-0.07988083659663525,-0.11446782470660233
2019-11-06,-0.07939310699009106,-0.07988083659663525,-0.11446782470660233
2019-11-07,-0.07939310699009106,-0.07988083659663525,-0.11446782470660233
2019-11-08,-0.07939310699009106,-0.07988083659663525,-0.11446782470660233
2019-11-11,-0.07939310699009106,-0.07988083659663525,-0.11446782470660233
2019-11-13,-0.07939310699009106,-0.07988083659663525,-0.11446782470660233
2019-11-14,-0.07939310699009106,-0.07988083659663525,-0.11446782470660233
2019-11-15,-0.07939310699009106,-0.07988083659663525,-0.11446782470660233
2019-11-18,-0.07939310699009106,-0.07988083659663525,-0.11446782470660233
2019-11-19,-0.07939310699009106,-0.07988083659663525,-0.11446782470660233
2019-11-20,-0.07939310699009106,-0.07988083659663525,-0.11446782470660233
2019-11-21,-0.07939310699009106,-0.07988083659663525,-0.11446782470660233
2019-11-22,-0.07939310699009106,-0.07988083659663525,-0.11446782470660233
2019-11-25,-0.07939310699009106,-0.07988083659663525,-0.11446782470660233
2019-11-26,-0.07939310699009106,-0.07988083659663525,-0.11446782470660233
2019-11-27,-0.07939310699009106,-0.07988083659663525,-0.11446782470660233
2019-11-28,-0.07939310699009106,-0.07988083659663525,-0.11446782470660233
2019-11-29,-0.07939310699009106,-0.07988083659663525,-0.11446782470660233
2019-12-02,-0.07939310699009106,-0.07988083659663525,-0.11446782470660233
2019-12-03,-0.07939310699009106,-0.07988083659663525,-0.11446782470660233
2019-12-04,-0.07939310699009106,-0.07988083659663525,-0.11446782470660233
2019-12-05,-0.07939310699009106,-0.07988083659663525,-0.11446782470660233
2019-12-06,-0.07939310699009106,-0.07988083659663525,-0.11446782470660233
2019-12-09,-0.07939310699009106,-0.07988083659663525,-0.11446782470660233
2019-12-10,-0.07939310699009106,-0.07988083659663525,-0.11446782470660233
2019-12-11,-0.07939310699009106,-0.07988083659663525,-0.11446782470660233
2019-12-12,-0.07939310699009106,-0.07988083659663525,-0.11446782470660233
2019-12-13,-0.07939310699009106,-0.07988083659663525,-0.11446782470660233
2019-12-16,-0.07939310699009106,-0.07988083659663525,-0.11446782470660233
2019-12-17,-0.07939310699009106,-0.07988083659663525,-0.11446782470660233
2019-12-18,-0.07939310699009106,-0.07988083659663525,-0.11446782470660233
2019-12-19,-0.07939310699009106,-0.07988083659663525,-0.11446782470660233
2019-12-20,-0.07939310699009106,-0.07988083659663525,-0.11446782470660233
2019-12-23,-0.07939310699009106,-0.07988083659663525,-0.11446782470660233
2019-12-24,-0.07939310699009106,-0.07988083659663525,-0.11446782470660233
2019-12-26,-0.07939310699009106,-0.07988083659663525,-0.11446782470660233
2019-12-27,-0.07939310699009106,-0.07988083659663525,-0.11446782470660233
2019-12-30,-0.07939310699009106,-0.07988083659663525,-0.11446782470660233
2019-12-31,-0.07939310699009106,-0.07988083659663525,-0.11446782470660233
2020-01-01,-0.07939310699009106,-0.07988083659663525,-0.11446782470660233
2020-01-02,-0.07939310699009106,-0.07988083659663525,-0.11446782470660233
2020-01-03,-0.07939310699009106,-0.07988083659663525,-0.11446782470660233
2020-01-06,-0.07939310699009106,-0.07988083659663525,-0.11446782470660233
2020-01-07,-0.07939310699009106,-0.07988083659663525,-0.11446782470660233
2020-01-08,-0.07939310699009106,-0.07988083659663525,-0.11446782470660233
2020-01-09,-0.07939310699009106,-0.07988083659663525,-0.11446782470660233
2020-01-10,-0.07939310699009106,-0.07988083659663525,-0.11446782470660233
2020-01-13,-0.07939310699009106,-0.07988083659663525,-0.11446782470660233
2020-01-14,-0.07939310699009106,-0.07988083659663525,-0.11446782470660233
2020-01-15,-0.07939310699009106,-0.07988083659663525,-0.11446782470660233
2020-01-16,-0.07939310699009106,-0.07988083659663525,-0.11446782470660233
2020-01-17,-0.07939310699009106,-0.07988083659663525,-0.11446782470660233
2020-01-20,-0.07939310699009106,-0.07988083659663525,-0.11446782470660233
2020-01-21,-0.07939310699009106,-0.07988083659663525,-0.11446782470660233
2020-01-22,-0.07939310699009106,-0.07988083659663525,-0.11446782470660233
2020-01-23,-0.07939310699009106,-0.07988083659663525,-0.11446782470660233
2020-01-24,-0.07939310699009106,-0.07988083659663525,-0.11446782470660233
2020-01-27,-0.07939310699009106,-0.07988083659663525,-0.11446782470660233
2020-01-28,-0.07939310699009106,-0.07988083659663525,-0.11446782470660233
2020-01-29,-0.07939310699009106,-0.07988083659663525,-0.11446782470660233
2020-01-30,-0.07939310699009106,-0.07988083659663525,-0.11446782470660233
2020-01-31,-0.07939310699009106,-0.07988083659663525,-0.11446782470660233
2020-02-03,-0.07939310699009106,-0.07988083659663525,-0.11446782470660233
2020-02-04,-0.07939310699009106,-0.07988083659663525,-0.11446782470660233
2020-02-05,-0.07939310699009106,-0.07988083659663525,-0.11446782470660233
2020-02-06,-0.07939310699009106,-0.07988083659663525,-0.11446782470660233
2020-02-07,-0.07939310699009106,-0.07988083659663525,-0.11446782470660233
2020-02-10,-0.07939310699009106,-0.07988083659663525,-0.11446782470660233
2020-02-11,-0.07939310699009106,-0.07988083659663525,-0.11446782470660233
2020-02-12,-0.07939310699009106,-0.07988083659663525,-0.11446782470660233
2020-02-13,-0.07939310699009106,-0.07988083659663525,-0.11446782470660233
2020-02-14,-0.07939310699009106,-0.07988083659663525,-0.11446782470660233
2020-02-17,-0.07939310699009106,-0.07988083659663525,-0.11446782470660233
2020-02-18,-0.07939310699009106,-0.07988083659663525,-0.11446782470660233
2020-02-19,-0.07939310699009106,-0.07988083659663525,-0.11446782470660233
2020-02-20,-0.07939310699009106,-0.07988083659663525,-0.11446782470660233
2020-02-24,-0.07939310699009106,-0.07988083659663525,-0.11446782470660233
2020-02-25,-0.07939310699009106,-0.07988083659663525,-0.11446782470660233
2020-02-26,-0.07939310699009106,-0.07988083659663525,-0.11446782470660233
2020-02-27,-0.07939310699009106,-0.07988083659663525,-0.11446782470660233
2020-02-28,-0.07939310699009106,-0.07988083659663525,-0.11446782470660233
2020-03-02,-0.07939310699009106,-0.07988083659663525,-0.11446782470660233
2020-03-03,-0.07939310699009106,-0.07988083659663525,-0.11446782470660233
2020-03-04,-0.07939310699009106,-0.07988083659663525,-0.11446782470660233
2020-03-05,-0.07939310699009106,-0.07988083659663525,-0.11446782470660233
2020-03-06,-0.07939310699009106,-0.07988083659663525,-0.11446782470660233
2020-03-09,-0.08769722286780601,-0.10588686225389143,-0.15457072224137858
2020-03-11,-0.08891557396090966,-0.10588686225389143,-0.15457072224137858
2020-03-12,-0.136801031992415,-0.1732431514811139,-0.2242422088009356
2020-03-13,-0.136801031992415,-0.1732431514811139,-0.2242422088009356
2020-03-16,-0.15165946351424275,-0.20011276789861787,-0.25601218738138365
2020-03-17,-0.15815007712316742,-0.21093005947508536,-0.2746454991095265
2020-03-18,-0.18966323150089204,-0.2561517802948521,-0.31494948848625026
2020-03-19,-0.20055992506352838,-0.27345333449409703,-0.3315604437793047
2020-03-20,-0.20055992506352838,-0.27345333449409703,-0.3315604437793047
2020-03-23,-0.23733032665870635,-0.32057157367884814,-0.38439852452742096
2020-03-24,-0.23733032665870635,-0.32057157367884814,-0.38439852452742096
2020-03-25,-0.23733032665870635,-0.32057157367884814,-0.38439852452742096
2020-03-26,-0.23733032665870635,-0.32057157367884814,-0.38439852452742096
2020-03-27,-0.23733032665870635,-0.32057157367884814,-0.38439852452742096
2020-03-30,-0.23733032665870635,-0.32057157367884814,-0.38439852452742096
2020-03-31,-0.23733032665870635,-0.32057157367884814,-0.38439852452742096
2020-04-01,-0.23733032665870635,-0.32057157367884814,-0.38439852452742096
2020-04-03,-0.23733032665870635,-0.32057157367884814,-0.38439852452742096
2020-04-07,-0.23733032665870635,-0.32057157367884814,-0.38439852452742096
2020-04-08,-0.23733032665870635,-0.32057157367884814,-0.38439852452742096
2020-04-09,-0.23733032665870635,-0.32057157367884814,-0.38439852452742096
2020-04-13,-0.23733032665870635,-0.32057157367884814,-0.38439852452742096
2020-04-15,-0.23733032665870635,-0.32057157367884814,-0.38439852452742096
2020-04-16,-0.23733032665870635,-0.32057157367884814,-0.38439852452742096
2020-04-17,-0.23733032665870635,-0.32057157367884814,-0.38439852452742096
2020-04-20,-0.23733032665870635,-0.32057157367884814,-0.38439852452742096
2020-04-21,-0.23733032665870635,-0.32057157367884814,-0.38439852452742096
2020-04-22,-0.23733032665870635,-0.32057157367884814,-0.38439852452742096
2020-04-23,-0.23733032665870635,-0.32057157367884814,-0.38439852452742096
2020-04-24,-0.23733032665870635,-0.32057157367884814,-0.38439852452742096
2020-04-27,-0.23733032665870635,-0.32057157367884814,-0.38439852452742096
2020-04-28,-0.23733032665870635,-0.32057157367884814,-0.38439852452742096
2020-04-29,-0.23733032665870635,-0.32057157367884814,-0.38439852452742096
2020-04-30,-0.23733032665870635,-0.32057157367884814,-0.38439852452742096
2020-05-04,-0.23733032665870635,-0.32057157367884814,-0.38439852452742096
2020-05-05,-0.23733032665870635,-0.32057157367884814,-0.38439852452742096
2020-05-06,-0.23733032665870635,-0.32057157367884814,-0.38439852452742096
2020-05-07,-0.23733032665870635,-0.32057157367884814,-0.38439852452742096
2020-05-08,-0.23733032665870635,-0.32057157367884814,-0.38439852452742096
2020-05-11,-0.23733032665870635,-0.32057157367884814,-0.38439852452742096
2020-05-12,-0.23733032665870635,-0.32057157367884814,-0.38439852452742096
2020-05-13,-0.23733032665870635,-0.32057157367884814,-0.38439852452742096
2020-05-14,-0.23733032665870635,-0.32057157367884814,-0.38439852452742096
2020-05-15,-0.23733032665870635,-0.32057157367884814,-0.38439852452742096
2020-05-18,-0.23733032665870635,-0.32057157367884814,-0.38439852452742096
2020-05-19,-0.23733032665870635,-0.32057157367884814,-0.38439852452742096
2020-05-20,-0.23733032665870635,-0.32057157367884814,-0.38439852452742096
2020-05-21,-0.23733032665870635,-0.32057157367884814,-0.38439852452742096
2020-05-22,-0.23733032665870635,-0.32057157367884814,-0.38439852452742096
2020-05-26,-0.23733032665870635,-0.32057157367884814,-0.38439852452742096
2020-05-27,-0.23733032665870635,-0.32057157367884814,-0.38439852452742096
2020-05-28,-0.23733032665870635,-0.32057157367884814,-0.38439852452742096
2020-05-29,-0.23733032665870635,-0.32057157367884814,-0.38439852452742096
2020-06-01,-0.23733032665870635,-0.32057157367884814,-0.38439852452742096
2020-06-02,-0.23733032665870635,-0.32057157367884814,-0.38439852452742096
2020-06-03,-0.23733032665870635,-0.32057157367884814,-0.38439852452742096
2020-06-04,-0.23733032665870635,-0.32057157367884814,-0.38439852452742096
2020-06-05,-0.23733032665870635,-0.32057157367884814,-0.38439852452742096
2020-06-08,-0.23733032665870635,-0.32057157367884814,-0.38439852452742096
2020-06-09,-0.23733032665870635,-0.32057157367884814,-0.38439852452742096
2020-06-10,-0.23733032665870635,-0.32057157367884814,-0.38439852452742096
2020-06-11,-0.23733032665870635,-0.32057157367884814,-0.38439852452742096
2020-06-12,-0.23733032665870635,-0.32057157367884814,-0.38439852452742096
2020-06-15,-0.23733032665870635,-0.32057157367884814,-0.38439852452742096
2020-06-16,-0.23733032665870635,-0.32057157367884814,-0.38439852452742096
2020-06-17,-0.23733032665870635,-0.32057157367884814,-0.38439852452742096
2020-06-18,-0.23733032665870635,-0.32057157367884814,-0.38439852452742096
2020-06-19,-0.23733032665870635,-0.32057157367884814,-0.38439852452742096
2020-06-22,-0.23733032665870635,-0.32057157367884814,-0.38439852452742096
2020-06-23,-0.23733032665870635,-0.32057157367884814,-0.38439852452742096
2020-06-24,-0.23733032665870635,-0.32057157367884814,-0.38439852452742096
2020-06-25,-0.23733032665870635,-0.32057157367884814,-0.38439852452742096
2020-06-26,-0.23733032665870635,-0.32057157367884814,-0.38439852452742096
2020-06-29,-0.23733032665870635,-0.32057157367884814,-0.38439852452742096
2020-06-30,-0.23733032665870635,-0.32057157367884814,-0.38439852452742096
2020-07-01,-0.23733032665870635,-0.32057157367884814,-0.38439852452742096
2020-07-02,-0.23733032665870635,-0.32057157367884814,-0.38439852452742096
2020-07-03,-0.23733032665870635,-0.32057157367884814,-0.38439852452742096
2020-07-06,-0.23733032665870635,-0.32057157367884814,-0.38439852452742096
2020-07-07,-0.23733032665870635,-0.32057157367884814,-0.38439852452742096
2020-07-08,-0.23733032665870635,-0.32057157367884814,-0.38439852452742096
2020-07-09,-0.23733032665870635,-0.32057157367884814,-0.38439852452742096
2020-07-10,-0.23733032665870635,-0.32057157367884814,-0.38439852452742096
2020-07-13,-0.23733032665870635,-0.32057157367884814,-0.38439852452742096
2020-07-14,-0.23733032665870635,-0.32057157367884814,-0.38439852452742096
2020-07-15,-0.23733032665870635,-0.32057157367884814,-0.38439852452742096
2020-07-16,-0.23733032665870635,-0.32057157367884814,-0.38439852452742096
2020-07-17,-0.23733032665870635,-0.32057157367884814,-0.38439852452742096
2020-07-20,-0.23733032665870635,-0.32057157367884814,-0.38439852452742096
2020-07-21,-0.23733032665870635,-0.32057157367884814,-0.38439852452742096
2020-07-22,-0.23733032665870635,-0.32057157367884814,-0.38439852452742096
2020-07-23,-0.23733032665870635,-0.32057157367884814,-0.38439852452742096
2020-07-24,-0.23733032665870635,-0.32057157367884814,-0.38439852452742096
2020-07-27,-0.23733032665870635,-0.32057157367884814,-0.38439852452742096
2020-07-28,-0.23733032665870635,-0.32057157367884814,-0.38439852452742096
2020-07-29,-0.23733032665870635,-0.32057157367884814,-0.38439852452742096
2020-07-30,-0.23733032665870635,-0.32057157367884814,-0.38439852452742096
2020-07-31,-0.23733032665870635,-0.32057157367884814,-0.38439852452742096
2020-08-03,-0.23733032665870635,-0.32057157367884814,-0.38439852452742096
2020-08-04,-0.23733032665870635,-0.32057157367884814,-0.38439852452742096
2020-08-05,-0.23733032665870635,-0.32057157367884814,-0.38439852452742096
2020-08-06,-0.23733032665870635,-0.32057157367884814,-0.38439852452742096
2020-08-07,-0.23733032665870635,-0.32057157367884814,-0.38439852452742096
2020-08-10,-0.23733032665870635,-0.32057157367884814,-0.38439852452742096
2020-08-11,-0.23733032665870635,-0.32057157367884814,-0.38439852452742096
2020-08-12,-0.23733032665870635,-0.32057157367884814,-0.38439852452742096
2020-08-13,-0.23733032665870635,-0.32057157367884814,-0.38439852452742096
2020-08-14,-0.23733032665870635,-0.32057157367884814,-0.38439852452742096
2020-08-17,-0.23733032665870635,-0.32057157367884814,-0.38439852452742096
2020-08-18,-0.23733032665870635,-0.32057157367884814,-0.38439852452742096
2020-08-19,-0.23733032665870635,-0.32057157367884814,-0.38439852452742096
2020-08-20,-0.23733032665870635,-0.32057157367884814,-0.38439852452742096
2020-08-21,-0.23733032665870635,-0.32057157367884814,-0.38439852452742096
2020-08-24,-0.23733032665870635,-0.32057157367884814,-0.38439852452742096
2020-08-25,-0.23733032665870635,-0.32057157367884814,-0.38439852452742096
2020-08-26,-0.23733032665870635,-0.32057157367884814,-0.38439852452742096
2020-08-27,-0.23733032665870635,-0.32057157367884814,-0.38439852452742096
2020-08-28,-0.23733032665870635,-0.32057157367884814,-0.38439852452742096
2020-08-31,-0.23733032665870635,-0.32057157367884814,-0.38439852452742096
2020-09-01,-0.23733032665870635,-0.32057157367884814,-0.38439852452742096
2020-09-02,-0.23733032665870635,-0.32057157367884814,-0.38439852452742096
2020-09-03,-0.23733032665870635,-0.32057157367884814,-0.38439852452742096
2020-09-04,-0.23733032665870635,-0.32057157367884814,-0.38439852452742096
2020-09-07,-0.23733032665870635,-0.32057157367884814,-0.38439852452742096
2020-09-08,-0.23733032665870635,-0.32057157367884814,-0.38439852452742096
2020-09-09,-0.23733032665870635,-0.32057157367884814,-0.38439852452742096
2020-09-10,-0.23733032665870635,-0.32057157367884814,-0.38439852452742096
2020-09-11,-0.23733032665870635,-0.32057157367884814,-0.38439852452742096
2020-09-14,-0.23733032665870635,-0.32057157367884814,-0.38439852452742096
2020-09-15,-0.23733032665870635,-0.32057157367884814,-0.38439852452742096
2020-09-16,-0.23733032665870635,-0.32057157367884814,-0.38439852452742096
2020-09-17,-0.23733032665870635,-0.32057157367884814,-0.38439852452742096
2020-09-18,-0.23733032665870635,-0.32057157367884814,-0.38439852452742096
2020-09-21,-0.23733032665870635,-0.32057157367884814,-0.38439852452742096
2020-09-22,-0.23733032665870635,-0.32057157367884814,-0.38439852452742096
2020-09-23,-0.23733032665870635,-0.32057157367884814,-0.38439852452742096
2020-09-24,-0.23733032665870635,-0.32057157367884814,-0.38439852452742096
2020-09-25,-0.23733032665870635,-0.32057157367884814,-0.38439852452742096
2020-09-28,-0.23733032665870635,-0.32057157367884814,-0.38439852452742096
2020-09-29,-0.23733032665870635,-0.32057157367884814,-0.38439852452742096
2020-09-30,-0.23733032665870635,-0.32057157367884814,-0.38439852452742096
2020-10-01,-0.23733032665870635,-0.32057157367884814,-0.38439852452742096
2020-10-05,-0.23733032665870635,-0.32057157367884814,-0.38439852452742096
2020-10-06,-0.23733032665870635,-0.32057157367884814,-0.38439852452742096
2020-10-07,-0.23733032665870635,-0.32057157367884814,-0.38439852452742096
2020-10-08,-0.23733032665870635,-0.32057157367884814,-0.38439852452742096
2020-10-09,-0.23733032665870635,-0.32057157367884814,-0.38439852452742096
2020-10-12,-0.23733032665870635,-0.32057157367884814,-0.38439852452742096
2020-10-13,-0.23733032665870635,-0.32057157367884814,-0.38439852452742096
2020-10-14,-0.23733032665870635,-0.32057157367884814,-0.38439852452742096
2020-10-15,-0.23733032665870635,-0.32057157367884814,-0.38439852452742096
2020-10-16,-0.23733032665870635,-0.32057157367884814,-0.38439852452742096
2020-10-19,-0.23733032665870635,-0.32057157367884814,-0.38439852452742096
2020-10-20,-0.23733032665870635,-0.32057157367884814,-0.38439852452742096
2020-10-21,-0.23733032665870635,-0.32057157367884814,-0.38439852452742096
2020-10-22,-0.23733032665870635,-0.32057157367884814,-0.38439852452742096
2020-10-23,-0.23733032665870635,-0.32057157367884814,-0.38439852452742096
2020-10-26,-0.23733032665870635,-0.32057157367884814,-0.38439852452742096
2020-10-27,-0.23733032665870635,-0.32057157367884814,-0.38439852452742096
2020-10-28,-0.23733032665870635,-0.32057157367884814,-0.38439852452742096
2020-10-29,-0.23733032665870635,-0.32057157367884814,-0.38439852452742096
2020-10-30,-0.23733032665870635,-0.32057157367884814,-0.38439852452742096
2020-11-02,-0.23733032665870635,-0.32057157367884814,-0.38439852452742096
2020-11-03,-0.23733032665870635,-0.32057157367884814,-0.38439852452742096
2020-11-04,-0.23733032665870635,-0.32057157367884814,-0.38439852452742096
2020-11-05,-0.23733032665870635,-0.32057157367884814,-0.38439852452742096
2020-11-06,-0.23733032665870635,-0.32057157367884814,-0.38439852452742096
2020-11-09,-0.23733032665870635,-0.32057157367884814,-0.38439852452742096
2020-11-10,-0.23733032665870635,-0.32057157367884814,-0.38439852452742096
2020-11-11,-0.23733032665870635,-0.32057157367884814,-0.38439852452742096
2020-11-12,-0.23733032665870635,-0.32057157367884814,-0.38439852452742096
2020-11-13,-0.23733032665870635,-0.32057157367884814,-0.38439852452742096
2020-11-14,-0.23733032665870635,-0.32057157367884814,-0.38439852452742096
2020-11-17,-0.23733032665870635,-0.32057157367884814,-0.38439852452742096
2020-11-18,-0.23733032665870635,-0.32057157367884814,-0.38439852452742096
2020-11-19,-0.23733032665870635,-0.32057157367884814,-0.38439852452742096
2020-11-20,-0.23733032665870635,-0.32057157367884814,-0.38439852452742096
2020-11-23,-0.23733032665870635,-0.32057157367884814,-0.38439852452742096
2020-11-24,-0.23733032665870635,-0.32057157367884814,-0.38439852452742096
2020-11-25,-0.23733032665870635,-0.32057157367884814,-0.38439852452742096
2020-11-26,-0.23733032665870635,-0.32057157367884814,-0.38439852452742096
2020-11-27,-0.23733032665870635,-0.32057157367884814,-0.38439852452742096
2020-12-01,-0.23733032665870635,-0.32057157367884814,-0.38439852452742096
2020-12-02,-0.23733032665870635,-0.32057157367884814,-0.38439852452742096
2020-12-03,-0.23733032665870635,-0.32057157367884814,-0.38439852452742096
2020-12-04,-0.23733032665870635,-0.32057157367884814,-0.38439852452742096
2020-12-07,-0.23733032665870635,-0.32057157367884814,-0.38439852452742096
2020-12-08,-0.23733032665870635,-0.32057157367884814,-0.38439852452742096
2020-12-09,-0.23733032665870635,-0.32057157367884814,-0.38439852452742096
2020-12-10,-0.23733032665870635,-0.32057157367884814,-0.38439852452742096
2020-12-11,-0.23733032665870635,-0.32057157367884814,-0.38439852452742096
2020-12-14,-0.23733032665870635,-0.32057157367884814,-0.38439852452742096
2020-12-15,-0.23733032665870635,-0.32057157367884814,-0.38439852452742096
2020-12-16,-0.23733032665870635,-0.32057157367884814,-0.38439852452742096
2020-12-17,-0.23733032665870635,-0.32057157367884814,-0.38439852452742096
2020-12-18,-0.23733032665870635,-0.32057157367884814,-0.38439852452742096
2020-12-21,-0.23733032665870635,-0.32057157367884814,-0.38439852452742096
2020-12-22,-0.23733032665870635,-0.32057157367884814,-0.38439852452742096
2020-12-23,-0.23733032665870635,-0.32057157367884814,-0.38439852452742096
2020-12-24,-0.23733032665870635,-0.32057157367884814,-0.38439852452742096
2020-12-28,-0.23733032665870635,-0.32057157367884814,-0.38439852452742096
2020-12-29,-0.23733032665870635,-0.32057157367884814,-0.38439852452742096
2020-12-30,-0.23733032665870635,-0.32057157367884814,-0.38439852452742096
2020-12-31,-0.23733032665870635,-0.32057157367884814,-0.38439852452742096
2021-01-01,-0.23733032665870635,-0.32057157367884814,-0.38439852452742096
2021-01-04,-0.23733032665870635,-0.32057157367884814,-0.38439852452742096
2021-01-05,-0.23733032665870635,-0.32057157367884814,-0.38439852452742096
2021-01-06,-0.23733032665870635,-0.32057157367884814,-0.38439852452742096
2021-01-07,-0.23733032665870635,-0.32057157367884814,-0.38439852452742096
2021-01-08,-0.23733032665870635,-0.32057157367884814,-0.38439852452742096
2021-01-11,-0.23733032665870635,-0.32057157367884814,-0.38439852452742096
2021-01-12,-0.23733032665870635,-0.32057157367884814,-0.38439852452742096
2021-01-13,-0.23733032665870635,-0.32057157367884814,-0.38439852452742096
2021-01-14,-0.23733032665870635,-0.32057157367884814,-0.38439852452742096
2021-01-15,-0.23733032665870635,-0.32057157367884814,-0.38405973048439956
2021-01-18,-0.23733032665870635,-0.32057157367884814,-0.38405973048439956
2021-01-19,-0.23733032665870635,-0.32057157367884814,-0.3839026387154645
2021-01-20,-0.23733032665870635,-0.32057157367884814,-0.3786663400894005
2021-01-21,-0.23733032665870635,-0.32057157367884814,-0.3786663400894005
2021-01-22,-0.23733032665870635,-0.32057157367884814,-0.3786663400894005
2021-01-25,-0.23733032665870635,-0.32057157367884814,-0.3786663400894005
2021-01-27,-0.23733032665870635,-0.32057157367884814,-0.3786663400894005
2021-01-28,-0.23733032665870635,-0.32057157367884814,-0.37627037683360587
2021-01-29,-0.23733032665870635,-0.32057157367884814,-0.37627037683360587
2021-02-01,-0.23733032665870635,-0.32057157367884814,-0.37627037683360587
2021-02-02,-0.23733032665870635,-0.32057157367884814,-0.37627037683360587
2021-02-03,-0.23733032665870635,-0.32057157367884814,-0.37627037683360587
2021-02-04,-0.23733032665870635,-0.32057157367884814,-0.37627037683360587
2021-02-05,-0.23733032665870635,-0.32057157367884814,-0.37627037683360587
2021-02-08,-0.23733032665870635,-0.32057157367884814,-0.37627037683360587
2021-02-09,-0.23733032665870635,-0.32057157367884814,-0.37627037683360587
2021-02-10,-0.23733032665870635,-0.32057157367884814,-0.37627037683360587
2021-02-11,-0.23733032665870635,-0.32057157367884814,-0.37627037683360587
2021-02-12,-0.23733032665870635,-0.32057157367884814,-0.37627037683360587
2021-02-15,-0.23733032665870635,-0.32057157367884814,-0.37627037683360587
2021-02-16,-0.23733032665870635,-0.32057157367884814,-0.37491018174450275
2021-02-17,-0.23733032665870635,-0.32057157367884814,-0.37239712063907626
2021-02-18,-0.23733032665870635,-0.32057157367884814,-0.37239712063907626
2021-02-19,-0.23733032665870635,-0.32057157367884814,-0.37239712063907626
2021-02-22,-0.23733032665870635,-0.32057157367884814,-0.37239712063907626
2021-02-23,-0.2351762501588085,-0.31788179859885235,-0.3700567223273534
2021-02-24,-0.22558783028412321,-0.31164322931734556,-0.3566664624834872
2021-02-25,-0.2203688103760596,-0.3063511834199518,-0.3549487834252817
2021-02-26,-0.20997384249272877,-0.2963819666162739,-0.34835381256154474
2021-03-01,-0.20840024291696913,-0.29444186620252877,-0.34582189681610886
2021-03-02,-0.19359208127454097,-0.2796984462869876,-0.3267231577062112
2021-03-03,-0.19359208127454097,-0.2796984462869876,-0.3267231577062112
2021-03-04,-0.19359208127454097,-0.2796984462869876,-0.3267231577062112
2021-03-05,-0.19359208127454097,-0.2779126161237063,-0.32467388410684184
2021-03-08,-0.19359208127454097,-0.2779126161237063,-0.32467388410684184
2021-03-09,-0.18672293300519527,-0.2714662899367185,-0.30749492788582655
2021-03-10,-0.16401693334889222,-0.24037460218948725,-0.27233135893115235
2021-03-12,-0.16289901183255318,-0.24037460218948725,-0.27233135893115235
2021-03-15,-0.13530500498534725,-0.19667672907505374,-0.23555028018589141
2021-03-16,-0.13530500498534725,-0.19667672907505374,-0.23555028018589141
2021-03-17,-0.10098640753317567,-0.1505947350400546,-0.17256510788013513
2021-03-18,-0.09806532470909535,-0.1389503117186618,-0.1513094980222187
2021-03-19,-0.09806532470909535,-0.1205797471497364,-0.12980466070471242
2021-03-22,-0.09806532470909535,-0.1205797471497364,-0.12980466070471242
2021-03-23,-0.09806532470909535,-0.1205797471497364,-0.12980466070471242
2021-03-24,-0.09806532470909535,-0.09754465884237018,-0.1051380185960773
2021-03-25,-0.09806532470909535,-0.09754465884237018,-0.1051380185960773
2021-03-26,-0.09806532470909535,-0.09754465884237018,-0.1051380185960773
2021-03-30,-0.09806532470909535,-0.09754465884237018,-0.1051380185960773
2021-03-31,-0.09806532470909535,-0.09754465884237018,-0.1051380185960773
2021-04-01,-0.09806532470909535,-0.09754465884237018,-0.1051380185960773
2021-04-05,-0.09806532470909535,-0.09754465884237018,-0.1051380185960773
2021-04-06,-0.09806532470909535,-0.09754465884237018,-0.1051380185960773
2021-04-07,-0.09806532470909535,-0.09754465884237018,-0.1051380185960773
2021-04-08,-0.09806532470909535,-0.09754465884237018,-0.1051380185960773
2021-04-09,-0.09806532470909535,-0.09754465884237018,-0.1051380185960773
2021-04-12,-0.09806532470909535,-0.09754465884237018,-0.1051380185960773
2021-04-13,-0.09806532470909535,-0.09754465884237018,-0.1051380185960773
2021-04-15,-0.09806532470909535,-0.09754465884237018,-0.1051380185960773
2021-04-16,-0.09806532470909535,-0.09754465884237018,-0.1051380185960773
2021-04-19,-0.09806532470909535,-0.09754465884237018,-0.1051380185960773
2021-04-20,-0.09806532470909535,-0.09754465884237018,-0.1051380185960773
2021-04-22,-0.09806532470909535,-0.09754465884237018,-0.1051380185960773
2021-04-23,-0.09806532470909535,-0.09754465884237018,-0.1051380185960773
2021-04-26,-0.09806532470909535,-0.09754465884237018,-0.1051380185960773
2021-04-27,-0.09806532470909535,-0.09754465884237018,-0.1051380185960773
2021-04-28,-0.09806532470909535,-0.09754465884237018,-0.1051380185960773
2021-04-29,-0.09806532470909535,-0.09754465884237018,-0.1051380185960773
2021-04-30,-0.09806532470909535,-0.09754465884237018,-0.1051380185960773
2021-05-03,-0.09806532470909535,-0.09754465884237018,-0.1051380185960773
2021-05-04,-0.09806532470909535,-0.09754465884237018,-0.07229384876947043
2021-05-05,-0.09806532470909535,-0.09754465884237018,-0.07229384876947043
2021-05-06,-0.09806532470909535,-0.09754465884237018,-0.07229384876947043
2021-05-07,-0.09806532470909535,-0.09754465884237018,-0.07229384876947043
2021-05-10,-0.09806532470909535,-0.09754465884237018,-0.07229384876947043
2021-05-11,-0.09806532470909535,-0.09754465884237018,-0.07229384876947043
2021-05-12,-0.09806532470909535,-0.09754465884237018,-0.07229384876947043
2021-05-14,-0.09806532470909535,-0.09754465884237018,-0.07229384876947043
2021-05-17,-0.09806532470909535,-0.09754465884237018,-0.07229384876947043
2021-05-18,-0.09806532470909535,-0.09754465884237018,-0.07229384876947043
2021-05-19,-0.09806532470909535,-0.09754465884237018,-0.07229384876947043
2021-05-20,-0.09806532470909535,-0.09754465884237018,-0.07229384876947043
2021-05-21,-0.09806532470909535,-0.09754465884237018,-0.07229384876947043
2021-05-24,-0.09806532470909535,-0.09754465884237018,-0.07229384876947043
2021-05-25,-0.09806532470909535,-0.09754465884237018,-0.07229384876947043
2021-05-26,-0.09806532470909535,-0.09754465884237018,-0.07229384876947043
2021-05-27,-0.09806532470909535,-0.09754465884237018,-0.07229384876947043
2021-05-28,-0.09806532470909535,-0.09754465884237018,-0.07229384876947043
2021-05-31,-0.09806532470909535,-0.09754465884237018,-0.07229384876947043
2021-06-01,-0.09806532470909535,-0.09754465884237018,-0.07229384876947043
2021-06-02,-0.09806532470909535,-0.09754465884237018,-0.07229384876947043
2021-06-03,-0.09806532470909535,-0.09754465884237018,-0.07229384876947043
2021-06-04,-0.09806532470909535,-0.09754465884237018,-0.07229384876947043
2021-06-07,-0.09806532470909535,-0.09754465884237018,-0.07229384876947043
2021-06-08,-0.09806532470909535,-0.09754465884237018,-0.07229384876947043
2021-06-09,-0.09806532470909535,-0.09754465884237018,-0.07229384876947043
2021-06-10,-0.09806532470909535,-0.09754465884237018,-0.07229384876947043
2021-06-11,-0.09806532470909535,-0.09754465884237018,-0.07229384876947043
2021-06-14,-0.09806532470909535,-0.09754465884237018,-0.07229384876947043
2021-06-15,-0.09806532470909535,-0.09754465884237018,-0.07229384876947043
2021-06-16,-0.09806532470909535,-0.09754465884237018,-0.07229384876947043
2021-06-17,-0.09806532470909535,-0.09754465884237018,-0.07229384876947043
2021-06-18,-0.09806532470909535,-0.09754465884237018,-0.07229384876947043
2021-06-21,-0.09806532470909535,-0.09754465884237018,-0.07229384876947043
2021-06-22,-0.09806532470909535,-0.09754465884237018,-0.07229384876947043
2021-06-23,-0.09806532470909535,-0.09754465884237018,-0.07229384876947043
2021-06-24,-0.09806532470909535,-0.09754465884237018,-0.07229384876947043
2021-06-25,-0.09806532470909535,-0.09754465884237018,-0.07229384876947043
2021-06-28,-0.09806532470909535,-0.09754465884237018,-0.07229384876947043
2021-06-29,-0.09806532470909535,-0.09754465884237018,-0.07229384876947043
2021-06-30,-0.09806532470909535,-0.09754465884237018,-0.07229384876947043
2021-07-01,-0.09806532470909535,-0.09754465884237018,-0.07229384876947043
2021-07-02,-0.09806532470909535,-0.09754465884237018,-0.07229384876947043
2021-07-05,-0.09806532470909535,-0.09754465884237018,-0.07229384876947043
2021-07-06,-0.09806532470909535,-0.09754465884237018,-0.07229384876947043
2021-07-07,-0.09806532470909535,-0.09754465884237018,-0.07229384876947043
2021-07-08,-0.09806532470909535,-0.09754465884237018,-0.07229384876947043
2021-07-09,-0.09806532470909535,-0.09754465884237018,-0.07229384876947043
2021-07-12,-0.09806532470909535,-0.09754465884237018,-0.07229384876947043
2021-07-13,-0.09806532470909535,-0.09754465884237018,-0.07229384876947043
2021-07-14,-0.09806532470909535,-0.09754465884237018,-0.07229384876947043
2021-07-15,-0.09806532470909535,-0.09754465884237018,-0.07229384876947043
2021-07-16,-0.09806532470909535,-0.09754465884237018,-0.07229384876947043
2021-07-19,-0.09806532470909535,-0.09754465884237018,-0.07229384876947043
2021-07-20,-0.09806532470909535,-0.09754465884237018,-0.07229384876947043
2021-07-22,-0.09806532470909535,-0.09754465884237018,-0.07229384876947043
2021-07-23,-0.09806532470909535,-0.09754465884237018,-0.07229384876947043
2021-07-26,-0.09806532470909535,-0.09754465884237018,-0.07229384876947043
2021-07-27,-0.09806532470909535,-0.09754465884237018,-0.07229384876947043
2021-07-28,-0.09806532470909535,-0.09754465884237018,-0.07229384876947043
2021-07-29,-0.09806532470909535,-0.09754465884237018,-0.07229384876947043
2021-07-30,-0.09806532470909535,-0.09754465884237018,-0.07229384876947043
2021-08-02,-0.09806532470909535,-0.09754465884237018,-0.07229384876947043
2021-08-03,-0.09806532470909535,-0.09754465884237018,-0.07229384876947043
2021-08-04,-0.09806532470909535,-0.09754465884237018,-0.07229384876947043
2021-08-05,-0.09806532470909535,-0.09754465884237018,-0.07229384876947043
2021-08-06,-0.09806532470909535,-0.09754465884237018,-0.07229384876947043
2021-08-09,-0.09806532470909535,-0.09754465884237018,-0.07229384876947043
2021-08-10,-0.09806532470909535,-0.09754465884237018,-0.07229384876947043
2021-08-11,-0.09806532470909535,-0.09754465884237018,-0.07229384876947043
2021-08-12,-0.09806532470909535,-0.09754465884237018,-0.07229384876947043
2021-08-13,-0.09806532470909535,-0.09754465884237018,-0.07229384876947043
2021-08-16,-0.09806532470909535,-0.09754465884237018,-0.07229384876947043
2021-08-17,-0.09806532470909535,-0.09754465884237018,-0.07229384876947043
2021-08-18,-0.09806532470909535,-0.09754465884237018,-0.07229384876947043
2021-08-20,-0.09806532470909535,-0.09754465884237018,-0.07229384876947043
2021-08-23,-0.09806532470909535,-0.09754465884237018,-0.07229384876947043
2021-08-24,-0.09806532470909535,-0.09754465884237018,-0.07229384876947043
2021-08-25,-0.09806532470909535,-0.09754465884237018,-0.07229384876947043
2021-08-26,-0.09806532470909535,-0.09754465884237018,-0.07229384876947043
2021-08-27,-0.09806532470909535,-0.09754465884237018,-0.07229384876947043
2021-08-30,-0.09806532470909535,-0.09754465884237018,-0.07229384876947043
2021-08-31,-0.09806532470909535,-0.09754465884237018,-0.07229384876947043
2021-09-01,-0.09806532470909535,-0.09754465884237018,-0.07229384876947043
2021-09-02,-0.09806532470909535,-0.09754465884237018,-0.06897379751487265
2021-09-03,-0.09806532470909535,-0.09754465884237018,-0.06897379751487265
2021-09-06,-0.09806532470909535,-0.09754465884237018,-0.06897379751487265
2021-09-07,-0.09676122719790714,-0.09754465884237018,-0.06897379751487265
2021-09-08,-0.08898638884150989,-0.09754465884237018,-0.06897379751487265
2021-09-09,-0.08898638884150989,-0.09754465884237018,-0.06897379751487265
2021-09-13,-0.08898638884150989,-0.09754465884237018,-0.06897379751487265
2021-09-14,-0.08898638884150989,-0.09754465884237018,-0.06897379751487265
2021-09-15,-0.08898638884150989,-0.09754465884237018,-0.06897379751487265
2021-09-16,-0.08898638884150989,-0.09754465884237018,-0.06897379751487265
2021-09-17,-0.08898638884150989,-0.09754465884237018,-0.06897379751487265
2021-09-20,-0.08898638884150989,-0.09754465884237018,-0.06897379751487265
2021-09-21,-0.08898638884150989,-0.09754465884237018,-0.06897379751487265
2021-09-22,-0.08079226226013636,-0.07901492993270276,-0.06897379751487265
2021-09-23,-0.08079226226013636,-0.07901492993270276,-0.06897379751487265
2021-09-24,-0.07276527443684888,-0.07901492993270276,-0.06897379751487265
2021-09-27,-0.07276527443684888,-0.07901492993270276,-0.06897379751487265
2021-09-28,-0.07276527443684888,-0.07901492993270276,-0.06897379751487265
2021-09-29,-0.07276527443684888,-0.07901492993270276,-0.06897379751487265
2021-09-30,-0.07276527443684888,-0.07901492993270276,-0.06897379751487265
2021-10-01,-0.07276527443684888,-0.07901492993270276,-0.06897379751487265
2021-10-04,-0.07276527443684888,-0.07901492993270276,-0.06897379751487265
2021-10-05,-0.07276527443684888,-0.07901492993270276,-0.06897379751487265
2021-10-06,-0.07276527443684888,-0.07901492993270276,-0.06897379751487265
2021-10-07,-0.07276527443684888,-0.07901492993270276,-0.06897379751487265
2021-10-08,-0.07276527443684888,-0.07901492993270276,-0.06897379751487265
2021-10-11,-0.07276527443684888,-0.07901492993270276,-0.06897379751487265
2021-10-12,-0.07276527443684888,-0.07901492993270276,-0.06897379751487265
2021-10-13,-0.07276527443684888,-0.07901492993270276,-0.06897379751487265
2021-10-14,-0.07276527443684888,-0.07901492993270276,-0.06897379751487265
2021-10-18,-0.07276527443684888,-0.07901492993270276,-0.06897379751487265
2021-10-19,-0.07276527443684888,-0.07901492993270276,-0.06897379751487265
2021-10-20,-0.07276527443684888,-0.07901492993270276,-0.06897379751487265
2021-10-21,-0.07276527443684888,-0.07901492993270276,-0.06897379751487265
2021-10-22,-0.07276527443684888,-0.07901492993270276,-0.06897379751487265
2021-10-25,-0.07276527443684888,-0.07901492993270276,-0.06897379751487265
2021-10-26,-0.07276527443684888,-0.07901492993270276,-0.06897379751487265
2021-10-27,-0.07276527443684888,-0.07901492993270276,-0.06897379751487265
2021-10-28,-0.07276527443684888,-0.07901492993270276,-0.06897379751487265
2021-10-29,-0.07276527443684888,-0.07901492993270276,-0.06897379751487265
2021-11-01,-0.07276527443684888,-0.07901492993270276,-0.06897379751487265
2021-11-02,-0.07276527443684888,-0.07901492993270276,-0.06897379751487265
2021-11-03,-0.07276527443684888,-0.07901492993270276,-0.06897379751487265
2021-11-04,-0.07276527443684888,-0.07901492993270276,-0.06897379751487265
2021-11-08,-0.07276527443684888,-0.07901492993270276,-0.06897379751487265
2021-11-09,-0.07276527443684888,-0.07901492993270276,-0.06897379751487265
2021-11-10,-0.07276527443684888,-0.07901492993270276,-0.06897379751487265
2021-11-11,-0.07276527443684888,-0.07901492993270276,-0.06897379751487265
2021-11-12,-0.07276527443684888,-0.07901492993270276,-0.06897379751487265
2021-11-15,-0.07276527443684888,-0.07901492993270276,-0.06897379751487265
2021-11-16,-0.07276527443684888,-0.07901492993270276,-0.06897379751487265
2021-11-17,-0.07276527443684888,-0.07901492993270276,-0.06897379751487265
2021-11-18,-0.07276527443684888,-0.07901492993270276,-0.06897379751487265
2021-11-22,-0.07276527443684888,-0.07901492993270276,-0.06897379751487265
2021-11-23,-0.07276527443684888,-0.07901492993270276,-0.06897379751487265
2021-11-24,-0.07276527443684888,-0.07901492993270276,-0.06897379751487265
2021-11-25,-0.07276527443684888,-0.07901492993270276,-0.06897379751487265
2021-11-26,-0.07276527443684888,-0.07901492993270276,-0.07850828466478155
2021-11-29,-0.07276527443684888,-0.07901492993270276,-0.07850828466478155
2021-11-30,-0.07276527443684888,-0.07901492993270276,-0.08084902618852563
2021-12-01,-0.07276527443684888,-0.07901492993270276,-0.08084902618852563
2021-12-02,-0.07276527443684888,-0.07901492993270276,-0.08084902618852563
2021-12-03,-0.07276527443684888,-0.07901492993270276,-0.08084902618852563
2021-12-06,-0.07276527443684888,-0.07901492993270276,-0.08468888242911132
2021-12-07,-0.07276527443684888,-0.07901492993270276,-0.08468888242911132
2021-12-08,-0.07276527443684888,-0.07901492993270276,-0.08468888242911132
2021-12-09,-0.07276527443684888,-0.07901492993270276,-0.08468888242911132
2021-12-10,-0.07276527443684888,-0.07901492993270276,-0.08468888242911132
2021-12-13,-0.07276527443684888,-0.07901492993270276,-0.08468888242911132
2021-12-14,-0.07276527443684888,-0.07901492993270276,-0.08468888242911132
2021-12-15,-0.07276527443684888,-0.07901492993270276,-0.08468888242911132
2021-12-16,-0.07276527443684888,-0.07901492993270276,-0.08468888242911132
2021-12-17,-0.07276527443684888,-0.07901492993270276,-0.08468888242911132
2021-12-20,-0.08554210069617763,-0.08243360618523687,-0.10081974577838848
2021-12-21,-0.08554210069617763,-0.08243360618523687,-0.10081974577838848
2021-12-22,-0.08554210069617763,-0.08243360618523687,-0.10081974577838848
2021-12-23,-0.08554210069617763,-0.08243360618523687,-0.10081974577838848
2021-12-24,-0.08554210069617763,-0.08243360618523687,-0.10081974577838848
2021-12-27,-0.08554210069617763,-0.08243360618523687,-0.10081974577838848
2021-12-28,-0.08554210069617763,-0.08243360618523687,-0.10081974577838848
2021-12-29,-0.08554210069617763,-0.08243360618523687,-0.10081974577838848
2021-12-30,-0.08554210069617763,-0.08243360618523687,-0.10081974577838848
2021-12-31,-0.08554210069617763,-0.08243360618523687,-0.10081974577838848
2022-01-03,-0.08554210069617763,-0.08243360618523687,-0.10081974577838848
2022-01-04,-0.08554210069617763,-0.08243360618523687,-0.10081974577838848
2022-01-05,-0.08554210069617763,-0.08243360618523687,-0.10081974577838848
2022-01-06,-0.08554210069617763,-0.08243360618523687,-0.10081974577838848
2022-01-07,-0.08554210069617763,-0.08243360618523687,-0.10081974577838848
2022-01-10,-0.08554210069617763,-0.08243360618523687,-0.10081974577838848
2022-01-11,-0.08554210069617763,-0.08243360618523687,-0.10081974577838848
2022-01-12,-0.08554210069617763,-0.08243360618523687,-0.10081974577838848
2022-01-13,-0.08554210069617763,-0.08243360618523687,-0.10081974577838848
2022-01-14,-0.08554210069617763,-0.08243360618523687,-0.10081974577838848
2022-01-17,-0.08554210069617763,-0.08243360618523687,-0.10081974577838848
2022-01-18,-0.08554210069617763,-0.08243360618523687,-0.10081974577838848
2022-01-19,-0.08554210069617763,-0.08243360618523687,-0.10081974577838848
2022-01-20,-0.08554210069617763,-0.08243360618523687,-0.10081974577838848
2022-01-21,-0.08554210069617763,-0.08243360618523687,-0.10081974577838848
2022-01-24,-0.08554210069617763,-0.08243360618523687,-0.10081974577838848
2022-01-25,-0.08554210069617763,-0.08243360618523687,-0.10081974577838848
2022-01-27,-0.08554210069617763,-0.08243360618523687,-0.10081974577838848
2022-01-28,-0.08554210069617763,-0.08243360618523687,-0.10081974577838848
2022-01-31,-0.08554210069617763,-0.08243360618523687,-0.10081974577838848
2022-02-01,-0.08554210069617763,-0.08243360618523687,-0.10081974577838848
2022-02-02,-0.08554210069617763,-0.08243360618523687,-0.10081974577838848
2022-02-03,-0.08554210069617763,-0.08243360618523687,-0.10081974577838848
2022-02-04,-0.08554210069617763,-0.08243360618523687,-0.10081974577838848
2022-02-07,-0.08554210069617763,-0.08243360618523687,-0.10081974577838848
2022-02-08,-0.08554210069617763,-0.08243360618523687,-0.10081974577838848
2022-02-09,-0.08554210069617763,-0.08243360618523687,-0.10081974577838848
2022-02-10,-0.08554210069617763,-0.08243360618523687,-0.10081974577838848
2022-02-11,-0.08554210069617763,-0.08243360618523687,-0.10081974577838848
2022-02-14,-0.08554210069617763,-0.08243360618523687,-0.10081974577838848
2022-02-15,-0.08554210069617763,-0.08243360618523687,-0.10081974577838848
2022-02-16,-0.08554210069617763,-0.08243360618523687,-0.10081974577838848
2022-02-17,-0.08554210069617763,-0.08243360618523687,-0.10081974577838848
2022-02-18,-0.08554210069617763,-0.08243360618523687,-0.10081974577838848
2022-02-21,-0.08554210069617763,-0.08243360618523687,-0.10081974577838848
2022-02-22,-0.08554210069617763,-0.08243360618523687,-0.10081974577838848
2022-02-23,-0.08554210069617763,-0.08243360618523687,-0.10081974577838848
2022-02-24,-0.10206597724427391,-0.10561268046941641,-0.12064157923944918
2022-02-25,-0.10206597724427391,-0.10561268046941641,-0.12064157923944918
2022-02-28,-0.10206597724427391,-0.10561268046941641,-0.12064157923944918
2022-03-02,-0.10206597724427391,-0.10561268046941641,-0.12064157923944918
2022-03-03,-0.10206597724427391,-0.10561268046941641,-0.12064157923944918
2022-03-04,-0.10206597724427391,-0.10561268046941641,-0.12078232604846595
2022-03-07,-0.10206597724427391,-0.10561268046941641,-0.1414674030813139
2022-03-08,-0.10206597724427391,-0.10561268046941641,-0.1414674030813139
2022-03-09,-0.10206597724427391,-0.10561268046941641,-0.1414674030813139
2022-03-10,-0.10206597724427391,-0.10561268046941641,-0.1414674030813139
2022-03-11,-0.10206597724427391,-0.10561268046941641,-0.1414674030813139
2022-03-14,-0.10206597724427391,-0.10561268046941641,-0.1414674030813139
2022-03-15,-0.10206597724427391,-0.10561268046941641,-0.1414674030813139
2022-03-16,-0.10206597724427391,-0.10561268046941641,-0.1414674030813139
2022-03-17,-0.10206597724427391,-0.10561268046941641,-0.1414674030813139
2022-03-21,-0.10206597724427391,-0.10561268046941641,-0.1414674030813139
2022-03-22,-0.10206597724427391,-0.10561268046941641,-0.1414674030813139
2022-03-23,-0.10206597724427391,-0.10561268046941641,-0.1414674030813139
2022-03-24,-0.10206597724427391,-0.10561268046941641,-0.1414674030813139
2022-03-25,-0.10206597724427391,-0.10561268046941641,-0.1414674030813139
2022-03-28,-0.10206597724427391,-0.10561268046941641,-0.1414674030813139
2022-03-29,-0.10206597724427391,-0.10561268046941641,-0.1414674030813139
2022-03-30,-0.10206597724427391,-0.10561268046941641,-0.1414674030813139
2022-03-31,-0.10206597724427391,-0.10561268046941641,-0.1414674030813139
2022-04-01,-0.10206597724427391,-0.10561268046941641,-0.1414674030813139
2022-04-04,-0.10206597724427391,-0.10561268046941641,-0.1414674030813139
2022-04-05,-0.10206597724427391,-0.10561268046941641,-0.1414674030813139
2022-04-06,-0.10206597724427391,-0.10561268046941641,-0.1414674030813139
2022-04-07,-0.10206597724427391,-0.10561268046941641,-0.1414674030813139
2022-04-08,-0.10206597724427391,-0.10561268046941641,-0.1414674030813139
2022-04-11,-0.10206597724427391,-0.10561268046941641,-0.1414674030813139
2022-04-12,-0.10206597724427391,-0.10561268046941641,-0.1414674030813139
2022-04-13,-0.10206597724427391,-0.10561268046941641,-0.1414674030813139
2022-04-18,-0.10206597724427391,-0.10561268046941641,-0.1414674030813139
2022-04-19,-0.10206597724427391,-0.10561268046941641,-0.1414674030813139
2022-04-20,-0.10206597724427391,-0.10561268046941641,-0.1414674030813139
2022-04-21,-0.10206597724427391,-0.10561268046941641,-0.1414674030813139
2022-04-22,-0.10206597724427391,-0.10561268046941641,-0.1414674030813139
2022-04-25,-0.10206597724427391,-0.10561268046941641,-0.1414674030813139
2022-04-26,-0.10206597724427391,-0.10561268046941641,-0.1414674030813139
2022-04-27,-0.10206597724427391,-0.10561268046941641,-0.1414674030813139
2022-04-28,-0.10206597724427391,-0.10561268046941641,-0.1414674030813139
2022-04-29,-0.10206597724427391,-0.10561268046941641,-0.1414674030813139
2022-05-02,-0.10206597724427391,-0.10561268046941641,-0.1414674030813139
2022-05-04,-0.10206597724427391,-0.10561268046941641,-0.1414674030813139
2022-05-05,-0.10206597724427391,-0.10561268046941641,-0.1414674030813139
2022-05-06,-0.10206597724427391,-0.10561268046941641,-0.1414674030813139
2022-05-09,-0.10206597724427391,-0.10561268046941641,-0.1414674030813139
2022-05-10,-0.10206597724427391,-0.10561268046941641,-0.1414674030813139
2022-05-11,-0.10206597724427391,-0.10561268046941641,-0.1414674030813139
2022-05-12,-0.10206597724427391,-0.10984288409852672,-0.1444522079226236
2022-05-13,-0.10206597724427391,-0.10984288409852672,-0.1458512195766496
2022-05-16,-0.10206597724427391,-0.10984288409852672,-0.1458512195766496
2022-05-17,-0.10206597724427391,-0.10984288409852672,-0.1458512195766496
2022-05-18,-0.10206597724427391,-0.10984288409852672,-0.1458512195766496
2022-05-19,-0.10206597724427391,-0.10984288409852672,-0.1458512195766496
2022-05-20,-0.10206597724427391,-0.10984288409852672,-0.1458512195766496
2022-05-23,-0.10206597724427391,-0.10984288409852672,-0.1458512195766496
2022-05-24,-0.10206597724427391,-0.10984288409852672,-0.1458512195766496
2022-05-25,-0.10206597724427391,-0.10984288409852672,-0.1458512195766496
2022-05-26,-0.10206597724427391,-0.10984288409852672,-0.1458512195766496
2022-05-27,-0.10206597724427391,-0.10984288409852672,-0.1458512195766496
2022-05-30,-0.10206597724427391,-0.10984288409852672,-0.1458512195766496
2022-05-31,-0.10206597724427391,-0.10984288409852672,-0.1458512195766496
2022-06-01,-0.10206597724427391,-0.10984288409852672,-0.1458512195766496
2022-06-02,-0.10206597724427391,-0.10984288409852672,-0.1458512195766496
2022-06-03,-0.10206597724427391,-0.10984288409852672,-0.1458512195766496
2022-06-06,-0.10206597724427391,-0.10984288409852672,-0.1458512195766496
2022-06-07,-0.10206597724427391,-0.10984288409852672,-0.1458512195766496
2022-06-08,-0.10206597724427391,-0.10984288409852672,-0.1458512195766496
2022-06-09,-0.10206597724427391,-0.10984288409852672,-0.1458512195766496
2022-06-10,-0.10206597724427391,-0.10984288409852672,-0.1458512195766496
2022-06-13,-0.10206597724427391,-0.10984288409852672,-0.14627065880922807
2022-06-14,-0.10206597724427391,-0.10984288409852672,-0.14856002748341746
2022-06-15,-0.10206597724427391,-0.10984288409852672,-0.15072212679368935
2022-06-16,-0.10206597724427391,-0.10984288409852672,-0.16866605005153146
2022-06-17,-0.10206597724427391,-0.12281651301137886,-0.17229756084670067
2022-06-20,-0.10206597724427391,-0.12281651301137886,-0.17229756084670067
2022-06-21,-0.10206597724427391,-0.12281651301137886,-0.17229756084670067
2022-06-22,-0.10206597724427391,-0.12281651301137886,-0.17229756084670067
2022-06-23,-0.10206597724427391,-0.12281651301137886,-0.17229756084670067
2022-06-24,-0.10206597724427391,-0.12281651301137886,-0.17229756084670067
2022-06-27,-0.10206597724427391,-0.12281651301137886,-0.17229756084670067
2022-06-28,-0.10206597724427391,-0.12281651301137886,-0.17229756084670067
2022-06-29,-0.10206597724427391,-0.12281651301137886,-0.17229756084670067
2022-06-30,-0.10206597724427391,-0.12281651301137886,-0.17229756084670067
2022-07-01,-0.10206597724427391,-0.12281651301137886,-0.17229756084670067
2022-07-04,-0.10206597724427391,-0.12281651301137886,-0.17229756084670067
2022-07-05,-0.10206597724427391,-0.12281651301137886,-0.17229756084670067
2022-07-06,-0.10206597724427391,-0.12281651301137886,-0.17229756084670067
2022-07-07,-0.10206597724427391,-0.12281651301137886,-0.17229756084670067
2022-07-08,-0.10206597724427391,-0.12281651301137886,-0.17229756084670067
2022-07-11,-0.10206597724427391,-0.12281651301137886,-0.17229756084670067
2022-07-12,-0.10206597724427391,-0.12281651301137886,-0.17229756084670067
2022-07-13,-0.10206597724427391,-0.12281651301137886,-0.17229756084670067
2022-07-14,-0.10206597724427391,-0.12281651301137886,-0.17229756084670067
2022-07-15,-0.10206597724427391,-0.12281651301137886,-0.17229756084670067
2022-07-18,-0.10206597724427391,-0.12281651301137886,-0.17229756084670067
2022-07-19,-0.10206597724427391,-0.12281651301137886,-0.17229756084670067
2022-07-20,-0.10206597724427391,-0.12281651301137886,-0.17229756084670067
2022-07-21,-0.10206597724427391,-0.12281651301137886,-0.17229756084670067
2022-07-22,-0.10206597724427391,-0.12281651301137886,-0.17229756084670067
2022-07-25,-0.10206597724427391,-0.12281651301137886,-0.17229756084670067
2022-07-26,-0.10206597724427391,-0.12281651301137886,-0.17229756084670067
2022-07-27,-0.10206597724427391,-0.12281651301137886,-0.17229756084670067
2022-07-28,-0.10206597724427391,-0.12281651301137886,-0.17229756084670067
2022-07-29,-0.10206597724427391,-0.12281651301137886,-0.17229756084670067
2022-08-01,-0.10206597724427391,-0.12281651301137886,-0.17229756084670067
2022-08-02,-0.10206597724427391,-0.12281651301137886,-0.17229756084670067
2022-08-03,-0.10206597724427391,-0.12281651301137886,-0.17229756084670067
2022-08-04,-0.10206597724427391,-0.12281651301137886,-0.17229756084670067
2022-08-05,-0.10206597724427391,-0.12281651301137886,-0.17229756084670067
2022-08-08,-0.10206597724427391,-0.12281651301137886,-0.17229756084670067
2022-08-10,-0.10206597724427391,-0.12281651301137886,-0.17229756084670067
2022-08-11,-0.10206597724427391,-0.12281651301137886,-0.17229756084670067
2022-08-12,-0.10206597724427391,-0.12281651301137886,-0.17229756084670067
2022-08-16,-0.10206597724427391,-0.12281651301137886,-0.17229756084670067
2022-08-17,-0.10206597724427391,-0.12281651301137886,-0.17229756084670067
2022-08-18,-0.10206597724427391,-0.12281651301137886,-0.17229756084670067
2022-08-19,-0.10206597724427391,-0.12281651301137886,-0.17229756084670067
2022-08-22,-0.10206597724427391,-0.12281651301137886,-0.17229756084670067
2022-08-23,-0.10206597724427391,-0.12281651301137886,-0.17229756084670067
2022-08-24,-0.10206597724427391,-0.12281651301137886,-0.17229756084670067
2022-08-25,-0.10206597724427391,-0.12281651301137886,-0.17229756084670067
2022-08-26,-0.10206597724427391,-0.12281651301137886,-0.17229756084670067
2022-08-29,-0.10206597724427391,-0.12281651301137886,-0.17229756084670067
2022-08-30,-0.10206597724427391,-0.12281651301137886,-0.17229756084670067
2022-09-01,-0.10206597724427391,-0.12281651301137886,-0.17229756084670067
2022-09-02,-0.10206597724427391,-0.12281651301137886,-0.17229756084670067
2022-09-05,-0.10206597724427391,-0.12281651301137886,-0.17229756084670067
2022-09-06,-0.10206597724427391,-0.12281651301137886,-0.17229756084670067
2022-09-07,-0.10206597724427391,-0.12281651301137886,-0.17229756084670067
2022-09-08,-0.10206597724427391,-0.12281651301137886,-0.17229756084670067
2022-09-09,-0.10206597724427391,-0.12281651301137886,-0.17229756084670067
2022-09-12,-0.10206597724427391,-0.12281651301137886,-0.17229756084670067
2022-09-13,-0.10206597724427391,-0.12281651301137886,-0.17229756084670067
2022-09-14,-0.10206597724427391,-0.12281651301137886,-0.17229756084670067
2022-09-15,-0.10206597724427391,-0.12281651301137886,-0.17229756084670067
2022-09-16,-0.10206597724427391,-0.12281651301137886,-0.17229756084670067
2022-09-19,-0.10206597724427391,-0.12281651301137886,-0.17229756084670067
2022-09-20,-0.10206597724427391,-0.12281651301137886,-0.17229756084670067
2022-09-21,-0.10206597724427391,-0.12281651301137886,-0.17229756084670067
2022-09-22,-0.10206597724427391,-0.12281651301137886,-0.17229756084670067
2022-09-23,-0.10206597724427391,-0.12281651301137886,-0.17229756084670067
2022-09-26,-0.10206597724427391,-0.12281651301137886,-0.17229756084670067
2022-09-27,-0.10206597724427391,-0.12281651301137886,-0.17229756084670067
2022-09-28,-0.10206597724427391,-0.12281651301137886,-0.17229756084670067
2022-09-29,-0.10206597724427391,-0.12281651301137886,-0.17229756084670067
2022-09-30,-0.10206597724427391,-0.12281651301137886,-0.17229756084670067
2022-10-03,-0.10206597724427391,-0.12281651301137886,-0.17229756084670067
2022-10-04,-0.10206597724427391,-0.12281651301137886,-0.17229756084670067
2022-10-06,-0.10206597724427391,-0.12281651301137886,-0.17229756084670067
2022-10-07,-0.10206597724427391,-0.12281651301137886,-0.17229756084670067
2022-10-10,-0.10206597724427391,-0.12281651301137886,-0.17229756084670067
2022-10-11,-0.10206597724427391,-0.12281651301137886,-0.17229756084670067
2022-10-12,-0.10206597724427391,-0.12281651301137886,-0.17229756084670067
2022-10-13,-0.10206597724427391,-0.12281651301137886,-0.17229756084670067
2022-10-14,-0.10206597724427391,-0.12281651301137886,-0.17229756084670067
2022-10-17,-0.10206597724427391,-0.12281651301137886,-0.17229756084670067
2022-10-18,-0.10206597724427391,-0.12281651301137886,-0.17229756084670067
2022-10-19,-0.10206597724427391,-0.12281651301137886,-0.17229756084670067
2022-10-20,-0.10206597724427391,-0.12281651301137886,-0.17229756084670067
2022-10-21,-0.10206597724427391,-0.12281651301137886,-0.16967763827621307
2022-10-24,-0.10206597724427391,-0.12281651301137886,-0.16465934060306942
2022-10-25,-0.10206597724427391,-0.12281651301137886,-0.16465934060306942
2022-10-27,-0.10206597724427391,-0.12281651301137886,-0.16465934060306942
2022-10-28,-0.10206597724427391,-0.12281651301137886,-0.16465934060306942
2022-10-31,-0.10206597724427391,-0.12281651301137886,-0.16465934060306942
2022-11-01,-0.10206597724427391,-0.12281651301137886,-0.16465934060306942
2022-11-02,-0.10206597724427391,-0.12281651301137886,-0.16465934060306942
2022-11-03,-0.10206597724427391,-0.12281651301137886,-0.16465934060306942
2022-11-04,-0.10206597724427391,-0.12281651301137886,-0.16465934060306942
2022-11-07,-0.10206597724427391,-0.12281651301137886,-0.16465934060306942
2022-11-09,-0.10206597724427391,-0.12281651301137886,-0.16465934060306942
2022-11-10,-0.10206597724427391,-0.12281651301137886,-0.16465934060306942
2022-11-11,-0.10206597724427391,-0.12281651301137886,-0.16465934060306942
2022-11-14,-0.10206597724427391,-0.12281651301137886,-0.16465934060306942
2022-11-15,-0.10206597724427391,-0.12281651301137886,-0.16465934060306942
2022-11-16,-0.10206597724427391,-0.12281651301137886,-0.16465934060306942
2022-11-17,-0.10206597724427391,-0.12281651301137886,-0.16465934060306942
2022-11-18,-0.10206597724427391,-0.12281651301137886,-0.16465934060306942
2022-11-21,-0.10206597724427391,-0.12281651301137886,-0.16465934060306942
2022-11-22,-0.10206597724427391,-0.12281651301137886,-0.16465934060306942
2022-11-23,-0.10206597724427391,-0.12281651301137886,-0.16465934060306942
2022-11-24,-0.10206597724427391,-0.12281651301137886,-0.16465934060306942
2022-11-25,-0.10206597724427391,-0.12281651301137886,-0.16465934060306942
2022-11-28,-0.10206597724427391,-0.12281651301137886,-0.16465934060306942
2022-11-29,-0.10206597724427391,-0.12281651301137886,-0.16465934060306942
2022-11-30,-0.10206597724427391,-0.12281651301137886,-0.16465934060306942
2022-12-01,-0.10206597724427391,-0.12281651301137886,-0.16465934060306942
2022-12-02,-0.10206597724427391,-0.12281651301137886,-0.16465934060306942
2022-12-05,-0.10206597724427391,-0.12281651301137886,-0.16465934060306942
2022-12-06,-0.10206597724427391,-0.12281651301137886,-0.16465934060306942
2022-12-07,-0.10206597724427391,-0.12281651301137886,-0.16465934060306942
2022-12-08,-0.10206597724427391,-0.12281651301137886,-0.16465934060306942
2022-12-09,-0.10206597724427391,-0.12281651301137886,-0.16465934060306942
2022-12-12,-0.10206597724427391,-0.12281651301137886,-0.16465934060306942
2022-12-13,-0.10206597724427391,-0.12281651301137886,-0.16465934060306942
2022-12-14,-0.10206597724427391,-0.12281651301137886,-0.16465934060306942
2022-12-15,-0.10206597724427391,-0.12281651301137886,-0.16465934060306942
2022-12-16,-0.10206597724427391,-0.12281651301137886,-0.16465934060306942
2022-12-19,-0.10206597724427391,-0.12281651301137886,-0.16465934060306942
2022-12-20,-0.10206597724427391,-0.12281651301137886,-0.16465934060306942
2022-12-21,-0.10206597724427391,-0.12281651301137886,-0.16465934060306942
2022-12-22,-0.10206597724427391,-0.12281651301137886,-0.16465934060306942
2022-12-23,-0.10206597724427391,-0.12281651301137886,-0.16465934060306942
2022-12-26,-0.10206597724427391,-0.12281651301137886,-0.16465934060306942
2022-12-27,-0.10206597724427391,-0.12281651301137886,-0.16465934060306942
2022-12-28,-0.10206597724427391,-0.12281651301137886,-0.16465934060306942
2022-12-29,-0.10206597724427391,-0.12281651301137886,-0.16465934060306942
2022-12-30,-0.10206597724427391,-0.12281651301137886,-0.16465934060306942
2023-01-02,-0.10206597724427391,-0.12281651301137886,-0.16465934060306942
2023-01-03,-0.10206597724427391,-0.12281651301137886,-0.16465934060306942
2023-01-04,-0.10206597724427391,-0.12281651301137886,-0.16465934060306942
2023-01-05,-0.10206597724427391,-0.12281651301137886,-0.16465934060306942
2023-01-06,-0.10206597724427391,-0.12281651301137886,-0.16465934060306942
2023-01-09,-0.10206597724427391,-0.12281651301137886,-0.16465934060306942
2023-01-10,-0.10206597724427391,-0.12281651301137886,-0.16465934060306942
2023-01-11,-0.10206597724427391,-0.12281651301137886,-0.16465934060306942
2023-01-12,-0.10206597724427391,-0.12281651301137886,-0.16465934060306942
2023-01-13,-0.10206597724427391,-0.12281651301137886,-0.16465934060306942
2023-01-16,-0.10206597724427391,-0.12281651301137886,-0.16465934060306942
2023-01-17,-0.10206597724427391,-0.12281651301137886,-0.16465934060306942
2023-01-18,-0.10206597724427391,-0.12281651301137886,-0.16465934060306942
2023-01-19,-0.10206597724427391,-0.12281651301137886,-0.16465934060306942
2023-01-20,-0.09074793548565374,-0.12281651301137886,-0.15566404662039046
2023-01-23,-0.08550238489354589,-0.12281651301137886,-0.15287426916306557
2023-01-24,-0.08550238489354589,-0.12281651301137886,-0.15287426916306557
2023-01-25,-0.08550238489354589,-0.12281651301137886,-0.15287426916306557
2023-01-27,-0.08550238489354589,-0.12281651301137886,-0.15287426916306557
2023-01-30,-0.08550238489354589,-0.12281651301137886,-0.15287426916306557
2023-01-31,-0.08550238489354589,-0.12281651301137886,-0.15287426916306557
2023-02-01,-0.08550238489354589,-0.12281651301137886,-0.15287426916306557
2023-02-02,-0.08550238489354589,-0.12281651301137886,-0.15287426916306557
2023-02-03,-0.08550238489354589,-0.12281651301137886,-0.15287426916306557
2023-02-06,-0.08550238489354589,-0.12281651301137886,-0.15287426916306557
2023-02-07,-0.08361205528245574,-0.12281651301137886,-0.15287426916306557
2023-02-08,-0.08361205528245574,-0.12281651301137886,-0.15287426916306557
2023-02-09,-0.08361205528245574,-0.12281651301137886,-0.15287426916306557
2023-02-10,-0.08361205528245574,-0.12281651301137886,-0.15287426916306557
2023-02-13,-0.08361205528245574,-0.12281651301137886,-0.15287426916306557
2023-02-14,-0.08361205528245574,-0.12281651301137886,-0.15287426916306557
2023-02-15,-0.08361205528245574,-0.12281651301137886,-0.15287426916306557
2023-02-16,-0.08361205528245574,-0.12281651301137886,-0.15287426916306557
2023-02-17,-0.08361205528245574,-0.12281651301137886,-0.15287426916306557
2023-02-20,-0.08361205528245574,-0.12281651301137886,-0.15287426916306557
2023-02-21,-0.08361205528245574,-0.12281651301137886,-0.15287426916306557
2023-02-22,-0.08361205528245574,-0.12281651301137886,-0.15287426916306557
2023-02-23,-0.08361205528245574,-0.12281651301137886,-0.15287426916306557
2023-02-24,-0.08361205528245574,-0.12281651301137886,-0.15287426916306557
2023-02-27,-0.08361205528245574,-0.12281651301137886,-0.15287426916306557
2023-02-28,-0.08361205528245574,-0.12281651301137886,-0.15287426916306557
2023-03-01,-0.08361205528245574,-0.12281651301137886,-0.15287426916306557
2023-03-02,-0.08361205528245574,-0.12281651301137886,-0.15287426916306557
2023-03-03,-0.08361205528245574,-0.12281651301137886,-0.15287426916306557
2023-03-06,-0.08361205528245574,-0.12281651301137886,-0.15287426916306557
2023-03-08,-0.08361205528245574,-0.12281651301137886,-0.15287426916306557
2023-03-09,-0.08361205528245574,-0.12281651301137886,-0.15287426916306557
2023-03-10,-0.08361205528245574,-0.12281651301137886,-0.15287426916306557
2023-03-13,-0.08361205528245574,-0.12281651301137886,-0.15287426916306557
2023-03-14,-0.08361205528245574,-0.12281651301137886,-0.15287426916306557
2023-03-15,-0.08361205528245574,-0.12281651301137886,-0.15287426916306557
2023-03-16,-0.08361205528245574,-0.12281651301137886,-0.15287426916306557
2023-03-17,-0.08361205528245574,-0.12281651301137886,-0.15287426916306557
2023-03-20,-0.08361205528245574,-0.12281651301137886,-0.15287426916306557
2023-03-21,-0.08361205528245574,-0.12281651301137886,-0.15287426916306557
2023-03-22,-0.08361205528245574,-0.12281651301137886,-0.15287426916306557
2023-03-23,-0.08361205528245574,-0.12281651301137886,-0.15287426916306557
2023-03-24,-0.08361205528245574,-0.12281651301137886,-0.15287426916306557
2023-03-27,-0.08361205528245574,-0.12281651301137886,-0.15287426916306557
2023-03-28,-0.08361205528245574,-0.12281651301137886,-0.15287426916306557
2023-03-29,-0.08361205528245574,-0.12281651301137886,-0.15287426916306557
2023-03-31,-0.08361205528245574,-0.12281651301137886,-0.15287426916306557
2023-04-03,-0.08361205528245574,-0.12281651301137886,-0.15287426916306557
2023-04-05,-0.08361205528245574,-0.12281651301137886,-0.15287426916306557
2023-04-06,-0.08361205528245574,-0.12281651301137886,-0.15287426916306557
2023-04-10,-0.08361205528245574,-0.12281651301137886,-0.15287426916306557
2023-04-11,-0.08361205528245574,-0.12281651301137886,-0.1483455473886821
2023-04-12,-0.08334929391040924,-0.12236019136072229,-0.1411837235949217
2023-04-13,-0.07788901209155785,-0.11677533892119252,-0.14005851572227024
2023-04-17,-0.07788901209155785,-0.1142939642523374,-0.14005851572227024
2023-04-18,-0.07442754416817887,-0.11318772698004131,-0.13473584502430724
2023-04-19,-0.0686844196430002,-0.10715272950911992,-0.127596257997035
2023-04-20,-0.0686844196430002,-0.10715272950911992,-0.12486805022121739
2023-04-21,-0.0686844196430002,-0.10715272950911992,-0.1206892389015578
2023-04-24,-0.0686844196430002,-0.10715272950911992,-0.1206892389015578
2023-04-25,-0.0686844196430002,-0.10715272950911992,-0.1206892389015578
2023-04-26,-0.0686844196430002,-0.10715272950911992,-0.1206892389015578
2023-04-27,-0.0686844196430002,-0.10427373295894982,-0.1131658471758088
2023-04-28,-0.0686844196430002,-0.10427373295894982,-0.1131658471758088
2023-05-02,-0.0686844196430002,-0.10427373295894982,-0.1131658471758088
2023-05-03,-0.0686844196430002,-0.09926137998220441,-0.1131658471758088
2023-05-04,-0.0686844196430002,-0.09926137998220441,-0.1131658471758088
2023-05-05,-0.0686844196430002,-0.09202639112056488,-0.1057766648021482
2023-05-08,-0.0686844196430002,-0.09192790501165227,-0.10402421041586585
2023-05-09,-0.0686844196430002,-0.08102840786597088,-0.09926640365448491
2023-05-10,-0.0686844196430002,-0.08102840786597088,-0.09926640365448491
2023-05-11,-0.0686844196430002,-0.08102840786597088,-0.09926640365448491
2023-05-12,-0.0686844196430002,-0.08102840786597088,-0.09926640365448491
2023-05-15,-0.0686844196430002,-0.08102840786597088,-0.09926640365448491
2023-05-16,-0.0686844196430002,-0.08102840786597088,-0.09926640365448491
2023-05-17,-0.0686844196430002,-0.08102840786597088,-0.09926640365448491
2023-05-18,-0.0686844196430002,-0.08102840786597088,-0.09926640365448491
2023-05-19,-0.0686844196430002,-0.08102840786597088,-0.09926640365448491
2023-05-22,-0.0686844196430002,-0.08102840786597088,-0.09926640365448491
2023-05-23,-0.0686844196430002,-0.08102840786597088,-0.09926640365448491
2023-05-24,-0.0686844196430002,-0.08102840786597088,-0.09926640365448491
2023-05-25,-0.0686844196430002,-0.08102840786597088,-0.09926640365448491
2023-05-26,-0.0686844196430002,-0.08102840786597088,-0.09926640365448491
2023-05-29,-0.0686844196430002,-0.08102840786597088,-0.09926640365448491
2023-05-30,-0.0686844196430002,-0.08102840786597088,-0.09926640365448491
2023-05-31,-0.0686844196430002,-0.08102840786597088,-0.09926640365448491
2023-06-01,-0.0686844196430002,-0.08102840786597088,-0.09926640365448491
2023-06-02,-0.0686844196430002,-0.08102840786597088,-0.09926640365448491
2023-06-05,-0.0686844196430002,-0.08102840786597088,-0.09926640365448491
2023-06-06,-0.0686844196430002,-0.08102840786597088,-0.09926640365448491
2023-06-07,-0.0686844196430002,-0.08102840786597088,-0.09926640365448491
2023-06-08,-0.0686844196430002,-0.08102840786597088,-0.09926640365448491
2023-06-09,-0.0686844196430002,-0.08102840786597088,-0.09926640365448491
2023-06-12,-0.0686844196430002,-0.08102840786597088,-0.09926640365448491
2023-06-13,-0.0686844196430002,-0.08102840786597088,-0.09926640365448491
2023-06-14,-0.0686844196430002,-0.08102840786597088,-0.09926640365448491
2023-06-15,-0.0686844196430002,-0.08102840786597088,-0.09926640365448491
2023-06-16,-0.0686844196430002,-0.08102840786597088,-0.09926640365448491
2023-06-19,-0.0686844196430002,-0.08102840786597088,-0.09926640365448491
2023-06-20,-0.0686844196430002,-0.08102840786597088,-0.09926640365448491
2023-06-21,-0.0686844196430002,-0.08102840786597088,-0.09926640365448491
2023-06-22,-0.0686844196430002,-0.08102840786597088,-0.09926640365448491
2023-06-23,-0.0686844196430002,-0.08102840786597088,-0.09926640365448491
2023-06-26,-0.0686844196430002,-0.08102840786597088,-0.09926640365448491
2023-06-27,-0.0686844196430002,-0.08102840786597088,-0.09926640365448491
2023-06-28,-0.0686844196430002,-0.08102840786597088,-0.09926640365448491
2023-06-30,-0.0686844196430002,-0.08102840786597088,-0.09926640365448491
2023-07-03,-0.0686844196430002,-0.08102840786597088,-0.09926640365448491
2023-07-04,-0.0686844196430002,-0.08102840786597088,-0.09926640365448491
2023-07-05,-0.0686844196430002,-0.08102840786597088,-0.09926640365448491
2023-07-06,-0.0686844196430002,-0.08102840786597088,-0.09926640365448491
2023-07-07,-0.0686844196430002,-0.08102840786597088,-0.09926640365448491
2023-07-10,-0.0686844196430002,-0.08102840786597088,-0.09926640365448491
2023-07-11,-0.0686844196430002,-0.08102840786597088,-0.09926640365448491
2023-07-12,-0.0686844196430002,-0.08102840786597088,-0.09926640365448491
2023-07-13,-0.0686844196430002,-0.08102840786597088,-0.09926640365448491
2023-07-14,-0.0686844196430002,-0.08102840786597088,-0.09926640365448491
2023-07-17,-0.0686844196430002,-0.08102840786597088,-0.09926640365448491
2023-07-18,-0.0686844196430002,-0.08102840786597088,-0.09926640365448491
2023-07-19,-0.0686844196430002,-0.08102840786597088,-0.09926640365448491
2023-07-20,-0.0686844196430002,-0.08102840786597088,-0.09926640365448491
2023-07-21,-0.0686844196430002,-0.08102840786597088,-0.09926640365448491
2023-07-24,-0.0686844196430002,-0.08102840786597088,-0.09926640365448491
2023-07-25,-0.0686844196430002,-0.08102840786597088,-0.09926640365448491
2023-07-26,-0.0686844196430002,-0.08102840786597088,-0.09926640365448491
2023-07-27,-0.0686844196430002,-0.08102840786597088,-0.09926640365448491
2023-07-28,-0.0686844196430002,-0.08102840786597088,-0.09926640365448491
2023-07-31,-0.0686844196430002,-0.08102840786597088,-0.09926640365448491
2023-08-01,-0.0686844196430002,-0.08102840786597088,-0.09926640365448491
2023-08-02,-0.0686844196430002,-0.08102840786597088,-0.09926640365448491
2023-08-03,-0.0686844196430002,-0.08102840786597088,-0.09926640365448491
2023-08-04,-0.0686844196430002,-0.08102840786597088,-0.09926640365448491
2023-08-07,-0.0686844196430002,-0.08102840786597088,-0.09926640365448491
2023-08-08,-0.0686844196430002,-0.08102840786597088,-0.09926640365448491
2023-08-09,-0.0686844196430002,-0.08102840786597088,-0.09926640365448491
2023-08-10,-0.0686844196430002,-0.08102840786597088,-0.09926640365448491
2023-08-11,-0.0686844196430002,-0.08102840786597088,-0.09926640365448491
2023-08-14,-0.0686844196430002,-0.08102840786597088,-0.09926640365448491
2023-08-16,-0.0686844196430002,-0.08102840786597088,-0.09926640365448491
2023-08-17,-0.0686844196430002,-0.08102840786597088,-0.09926640365448491
2023-08-18,-0.0686844196430002,-0.08102840786597088,-0.09926640365448491
2023-08-21,-0.0686844196430002,-0.08102840786597088,-0.09926640365448491
2023-08-22,-0.0686844196430002,-0.08102840786597088,-0.09926640365448491
2023-08-23,-0.0686844196430002,-0.08102840786597088,-0.09926640365448491
2023-08-24,-0.0686844196430002,-0.08102840786597088,-0.09926640365448491
2023-08-25,-0.0686844196430002,-0.08102840786597088,-0.09926640365448491
2023-08-28,-0.0686844196430002,-0.08102840786597088,-0.09926640365448491
2023-08-29,-0.0686844196430002,-0.08102840786597088,-0.09926640365448491
2023-08-30,-0.0686844196430002,-0.08102840786597088,-0.09926640365448491
2023-08-31,-0.0686844196430002,-0.08102840786597088,-0.09926640365448491
2023-09-01,-0.0686844196430002,-0.08102840786597088,-0.09926640365448491
2023-09-04,-0.0686844196430002,-0.08102840786597088,-0.09926640365448491
2023-09-05,-0.0686844196430002,-0.08102840786597088,-0.09926640365448491
2023-09-06,-0.0686844196430002,-0.08102840786597088,-0.09926640365448491
2023-09-07,-0.0686844196430002,-0.08102840786597088,-0.09926640365448491
2023-09-08,-0.0686844196430002,-0.08102840786597088,-0.09926640365448491
2023-09-11,-0.0686844196430002,-0.08102840786597088,-0.09926640365448491
2023-09-12,-0.0686844196430002,-0.08102840786597088,-0.09926640365448491
2023-09-13,-0.0686844196430002,-0.08102840786597088,-0.09926640365448491
2023-09-14,-0.0686844196430002,-0.08102840786597088,-0.09926640365448491
2023-09-15,-0.0686844196430002,-0.08102840786597088,-0.09926640365448491
2023-09-18,-0.0686844196430002,-0.08102840786597088,-0.09926640365448491
2023-09-20,-0.0686844196430002,-0.08102840786597088,-0.09926640365448491
2023-09-21,-0.0686844196430002,-0.08102840786597088,-0.09926640365448491
2023-09-22,-0.0686844196430002,-0.08102840786597088,-0.09926640365448491
2023-09-25,-0.0686844196430002,-0.08102840786597088,-0.09926640365448491
2023-09-26,-0.0686844196430002,-0.08102840786597088,-0.09926640365448491
2023-09-27,-0.0686844196430002,-0.08102840786597088,-0.09926640365448491
2023-09-28,-0.0686844196430002,-0.08102840786597088,-0.09926640365448491
2023-09-29,-0.0686844196430002,-0.08102840786597088,-0.09926640365448491
2023-10-03,-0.0686844196430002,-0.08102840786597088,-0.09926640365448491
2023-10-04,-0.0686844196430002,-0.08102840786597088,-0.09926640365448491
2023-10-05,-0.0686844196430002,-0.08102840786597088,-0.09926640365448491
2023-10-06,-0.0686844196430002,-0.08102840786597088,-0.09926640365448491
2023-10-09,-0.0686844196430002,-0.08102840786597088,-0.09926640365448491
2023-10-10,-0.0686844196430002,-0.08102840786597088,-0.09926640365448491
2023-10-11,-0.0686844196430002,-0.08102840786597088,-0.09926640365448491
2023-10-12,-0.0686844196430002,-0.08102840786597088,-0.09926640365448491
2023-10-13,-0.0686844196430002,-0.08102840786597088,-0.09926640365448491
2023-10-16,-0.0686844196430002,-0.08102840786597088,-0.09926640365448491
2023-10-17,-0.0686844196430002,-0.08102840786597088,-0.09926640365448491
2023-10-18,-0.0686844196430002,-0.08102840786597088,-0.09926640365448491
2023-10-19,-0.0686844196430002,-0.08102840786597088,-0.09926640365448491
2023-10-20,-0.0686844196430002,-0.08102840786597088,-0.09926640365448491
2023-10-23,-0.0686844196430002,-0.08102840786597088,-0.09926640365448491
2023-10-25,-0.0686844196430002,-0.08102840786597088,-0.09926640365448491
2023-10-26,-0.0686844196430002,-0.08102840786597088,-0.09926640365448491
2023-10-27,-0.0686844196430002,-0.08102840786597088,-0.09926640365448491
2023-10-30,-0.0686844196430002,-0.08102840786597088,-0.09926640365448491
2023-10-31,-0.0686844196430002,-0.08102840786597088,-0.09926640365448491
2023-11-01,-0.0686844196430002,-0.08102840786597088,-0.09926640365448491
2023-11-02,-0.0686844196430002,-0.08102840786597088,-0.09926640365448491
2023-11-03,-0.0686844196430002,-0.08102840786597088,-0.09926640365448491
2023-11-06,-0.0686844196430002,-0.08102840786597088,-0.09926640365448491
2023-11-07,-0.0686844196430002,-0.07813470238533915,-0.09926640365448491
2023-11-08,-0.0686844196430002,-0.07813470238533915,-0.09926640365448491
2023-11-09,-0.0686844196430002,-0.07813470238533915,-0.09926640365448491
2023-11-10,-0.0686844196430002,-0.07813470238533915,-0.09926640365448491
2023-11-13,-0.0686844196430002,-0.07813470238533915,-0.09926640365448491
2023-11-15,-0.0686844196430002,-0.07813470238533915,-0.09926640365448491
2023-11-16,-0.0686844196430002,-0.07813470238533915,-0.09926640365448491
2023-11-17,-0.0686844196430002,-0.07813470238533915,-0.09926640365448491
2023-11-20,-0.0686844196430002,-0.07813470238533915,-0.09926640365448491
2023-11-21,-0.0686844196430002,-0.07813470238533915,-0.09926640365448491
2023-11-22,-0.0686844196430002,-0.07813470238533915,-0.09926640365448491
2023-11-23,-0.0686844196430002,-0.07813470238533915,-0.09926640365448491
2023-11-24,-0.0686844196430002,-0.07813470238533915,-0.09926640365448491
2023-11-28,-0.0686844196430002,-0.07813470238533915,-0.09926640365448491
2023-11-29,-0.0686844196430002,-0.07813470238533915,-0.09926640365448491
2023-11-30,-0.0686844196430002,-0.07813470238533915,-0.09926640365448491
2023-12-01,-0.0686844196430002,-0.07813470238533915,-0.09926640365448491
2023-12-04,-0.0686844196430002,-0.07813470238533915,-0.09926640365448491
2023-12-05,-0.0686844196430002,-0.07813470238533915,-0.09926640365448491
2023-12-06,-0.0686844196430002,-0.07813470238533915,-0.09926640365448491
2023-12-07,-0.0686844196430002,-0.07800440802508302,-0.09926640365448491
2023-12-08,-0.0655835313349874,-0.0761689062703419,-0.09389846701879423
2023-12-11,-0.0655835313349874,-0.0761689062703419,-0.09389846701879423
2023-12-12,-0.0655835313349874,-0.07500686370425869,-0.09191974020716187
2023-12-13,-0.0655835313349874,-0.07500686370425869,-0.09191974020716187
2023-12-14,-0.0655835313349874,-0.07500686370425869,-0.09191974020716187
2023-12-15,-0.0655835313349874,-0.07500686370425869,-0.09191974020716187
2023-12-18,-0.0655835313349874,-0.07500686370425869,-0.09191974020716187
2023-12-19,-0.0655835313349874,-0.07500686370425869,-0.09191974020716187
2023-12-20,-0.0655835313349874,-0.07500686370425869,-0.09191974020716187
2023-12-21,-0.05722585954171633,-0.06499255454529096,-0.08009568170564507
2023-12-22,-0.05722585954171633,-0.061792488233682,-0.08009568170564507
2023-12-26,-0.05722585954171633,-0.061792488233682,-0.08009568170564507
2023-12-27,-0.05722585954171633,-0.057282573113457746,-0.07833703767679556
2023-12-28,-0.05722585954171633,-0.05550067834940564,-0.07061546217241521
2023-12-29,-0.05722585954171633,-0.05550067834940564,-0.07061546217241521
2024-01-01,-0.05722585954171633,-0.05550067834940564,-0.07061546217241521
2024-01-02,-0.05722585954171633,-0.05550067834940564,-0.07061546217241521
2024-01-03,-0.05722585954171633,-0.05550067834940564,-0.07061546217241521
2024-01-04,-0.05722585954171633,-0.05550067834940564,-0.07061546217241521
2024-01-05,-0.05722585954171633,-0.05550067834940564,-0.07061546217241521
2024-01-08,-0.05722585954171633,-0.05550067834940564,-0.07061546217241521
2024-01-09,-0.05722585954171633,-0.05550067834940564,-0.07061546217241521
2024-01-10,-0.05722585954171633,-0.05550067834940564,-0.07061546217241521
2024-01-11,-0.05722585954171633,-0.05550067834940564,-0.06717728281404578
2024-01-12,-0.05722585954171633,-0.05550067834940564,-0.06717728281404578
2024-01-15,-0.05722585954171633,-0.05550067834940564,-0.06717728281404578
2024-01-16,-0.05722585954171633,-0.05550067834940564,-0.06717728281404578
2024-01-17,-0.05722585954171633,-0.05550067834940564,-0.06717728281404578
2024-01-18,-0.05722585954171633,-0.05550067834940564,-0.06717728281404578
2024-01-19,-0.05722585954171633,-0.05550067834940564,-0.06717728281404578
2024-01-23,-0.05722585954171633,-0.05550067834940564,-0.06717728281404578
2024-01-24,-0.05722585954171633,-0.05550067834940564,-0.06717728281404578
2024-01-25,-0.05722585954171633,-0.05550067834940564,-0.06717728281404578
2024-01-29,-0.05722585954171633,-0.05550067834940564,-0.06717728281404578
2024-01-30,-0.05500816076833548,-0.05550067834940564,-0.06611908149387113
2024-01-31,-0.053629338728542586,-0.05550067834940564,-0.06611908149387113
2024-02-01,-0.053629338728542586,-0.05550067834940564,-0.06611908149387113
2024-02-02,-0.052057172281076536,-0.05550067834940564,-0.06611908149387113
2024-02-05,-0.047369891363140515,-0.05550067834940564,-0.06611908149387113
2024-02-06,-0.047369891363140515,-0.05550067834940564,-0.06611908149387113
2024-02-07,-0.047369891363140515,-0.05550067834940564,-0.06611908149387113
2024-02-08,-0.047369891363140515,-0.05550067834940564,-0.06611908149387113
2024-02-09,-0.047369891363140515,-0.05550067834940564,-0.06611908149387113
2024-02-12,-0.047369891363140515,-0.05550067834940564,-0.06611908149387113
2024-02-13,-0.047369891363140515,-0.05550067834940564,-0.06611908149387113
2024-02-14,-0.047369891363140515,-0.05550067834940564,-0.06611908149387113
2024-02-15,-0.047369891363140515,-0.05550067834940564,-0.06611908149387113
2024-02-16,-0.047369891363140515,-0.05550067834940564,-0.06611908149387113
2024-02-19,-0.047369891363140515,-0.05550067834940564,-0.06611908149387113
2024-02-20,-0.047369891363140515,-0.05550067834940564,-0.06611908149387113
2024-02-21,-0.047369891363140515,-0.05550067834940564,-0.06611908149387113
2024-02-22,-0.047369891363140515,-0.05550067834940564,-0.06611908149387113
2024-02-23,-0.047369891363140515,-0.05550067834940564,-0.06611908149387113
2024-02-26,-0.047369891363140515,-0.05550067834940564,-0.06611908149387113
2024-02-27,-0.04488781473037895,-0.050092044111450296,-0.06611908149387113
2024-02-28,-0.04488781473037895,-0.04572332382248012,-0.06611908149387113
2024-02-29,-0.04488781473037895,-0.0451279706004869,-0.06611908149387113
2024-03-01,-0.04488781473037895,-0.04371361657924733,-0.06611908149387113
2024-03-04,-0.04488781473037895,-0.04371361657924733,-0.06611908149387113
2024-03-05,-0.04488781473037895,-0.04371361657924733,-0.06611908149387113
2024-03-06,-0.04488781473037895,-0.04371361657924733,-0.06611908149387113
2024-03-07,-0.04488781473037895,-0.04371361657924733,-0.06611908149387113
2024-03-11,-0.04488781473037895,-0.04371361657924733,-0.06611908149387113
2024-03-12,-0.04488781473037895,-0.04371361657924733,-0.06611908149387113
2024-03-13,-0.04488781473037895,-0.04371361657924733,-0.06611908149387113
2024-03-14,-0.04488781473037895,-0.04371361657924733,-0.06611908149387113
2024-03-15,-0.04488781473037895,-0.04371361657924733,-0.06611908149387113
2024-03-18,-0.04488781473037895,-0.04371361657924733,-0.06611908149387113
2024-03-19,-0.04488781473037895,-0.04371361657924733,-0.06611908149387113
2024-03-20,-0.04488781473037895,-0.04371361657924733,-0.06611908149387113
2024-03-21,-0.04488781473037895,-0.04371361657924733,-0.06611908149387113
2024-03-22,-0.04488781473037895,-0.04371361657924733,-0.06611908149387113
2024-03-26,-0.04488781473037895,-0.04371361657924733,-0.06611908149387113
2024-03-27,-0.04488781473037895,-0.04371361657924733,-0.06611908149387113
2024-03-28,-0.04488781473037895,-0.04371361657924733,-0.06611908149387113
2024-04-01,-0.04488781473037895,-0.04371361657924733,-0.06611908149387113
2024-04-02,-0.04488781473037895,-0.04371361657924733,-0.06611908149387113
2024-04-03,-0.04488781473037895,-0.04371361657924733,-0.06611908149387113
2024-04-04,-0.04488781473037895,-0.04371361657924733,-0.06611908149387113
2024-04-05,-0.04488781473037895,-0.04371361657924733,-0.06611908149387113
2024-04-08,-0.04488781473037895,-0.04371361657924733,-0.06611908149387113
2024-04-09,-0.04488781473037895,-0.04371361657924733,-0.06611908149387113
2024-04-10,-0.04488781473037895,-0.04371361657924733,-0.06611908149387113
2024-04-12,-0.04488781473037895,-0.04371361657924733,-0.06611908149387113
2024-04-15,-0.04488781473037895,-0.04371361657924733,-0.06611908149387113
2024-04-16,-0.04488781473037895,-0.04371361657924733,-0.06611908149387113
2024-04-18,-0.04488781473037895,-0.04371361657924733,-0.06611908149387113
2024-04-19,-0.04488781473037895,-0.04371361657924733,-0.06611908149387113
2024-04-22,-0.04488781473037895,-0.04371361657924733,-0.06611908149387113
2024-04-23,-0.04488781473037895,-0.04371361657924733,-0.06611908149387113
2024-04-24,-0.04488781473037895,-0.04371361657924733,-0.06611908149387113
2024-04-25,-0.04488781473037895,-0.04371361657924733,-0.06611908149387113
2024-04-26,-0.04488781473037895,-0.04371361657924733,-0.06611908149387113
2024-04-29,-0.04488781473037895,-0.04371361657924733,-0.06611908149387113
2024-04-30,-0.04488781473037895,-0.04371361657924733,-0.06611908149387113
2024-05-02,-0.04488781473037895,-0.04371361657924733,-0.06611908149387113
2024-05-03,-0.04488781473037895,-0.04371361657924733,-0.06611908149387113
2024-05-06,-0.04488781473037895,-0.04371361657924733,-0.06611908149387113
2024-05-07,-0.04488781473037895,-0.04371361657924733,-0.06611908149387113
2024-05-08,-0.04488781473037895,-0.04371361657924733,-0.06611908149387113
2024-05-09,-0.04488781473037895,-0.04371361657924733,-0.06611908149387113
2024-05-10,-0.04488781473037895,-0.04371361657924733,-0.06611908149387113
2024-05-13,-0.04488781473037895,-0.04371361657924733,-0.06611908149387113
2024-05-14,-0.04488781473037895,-0.04371361657924733,-0.06611908149387113
2024-05-15,-0.04488781473037895,-0.04371361657924733,-0.06611908149387113
2024-05-16,-0.04488781473037895,-0.04371361657924733,-0.06611908149387113
2024-05-17,-0.04488781473037895,-0.04371361657924733,-0.06611908149387113
2024-05-21,-0.04488781473037895,-0.04371361657924733,-0.06611908149387113
2024-05-22,-0.04488781473037895,-0.04371361657924733,-0.06611908149387113
2024-05-23,-0.04488781473037895,-0.04371361657924733,-0.06611908149387113
2024-05-24,-0.04488781473037895,-0.04371361657924733,-0.06611908149387113
2024-05-27,-0.04488781473037895,-0.04371361657924733,-0.06611908149387113
2024-05-28,-0.04488781473037895,-0.04371361657924733,-0.06611908149387113
2024-05-29,-0.04488781473037895,-0.04371361657924733,-0.06611908149387113
2024-05-30,-0.04488781473037895,-0.04371361657924733,-0.06611908149387113
2024-05-31,-0.04488781473037895,-0.04371361657924733,-0.06611908149387113
2024-06-03,-0.04488781473037895,-0.04371361657924733,-0.06611908149387113
2024-06-04,-0.05472498367904999,-0.0646963229446309,-0.06611908149387113
2024-06-05,-0.05472498367904999,-0.0646963229446309,-0.06611908149387113
2024-06-06,-0.05472498367904999,-0.0646963229446309,-0.06611908149387113
2024-06-07,-0.05472498367904999,-0.0646963229446309,-0.06611908149387113
2024-06-10,-0.05472498367904999,-0.0646963229446309,-0.06611908149387113
2024-06-11,-0.05472498367904999,-0.0646963229446309,-0.06611908149387113
2024-06-12,-0.05472498367904999,-0.0646963229446309,-0.06611908149387113
2024-06-13,-0.05472498367904999,-0.0646963229446309,-0.06611908149387113
2024-06-14,-0.05472498367904999,-0.0646963229446309,-0.06611908149387113
2024-06-18,-0.05472498367904999,-0.0646963229446309,-0.06611908149387113
2024-06-19,-0.05472498367904999,-0.0646963229446309,-0.06611908149387113
2024-06-20,-0.05472498367904999,-0.0646963229446309,-0.06611908149387113
2024-06-21,-0.05472498367904999,-0.0646963229446309,-0.06611908149387113
2024-06-24,-0.05472498367904999,-0.0646963229446309,-0.06611908149387113
2024-06-25,-0.05472498367904999,-0.0646963229446309,-0.06611908149387113
2024-06-26,-0.05472498367904999,-0.0646963229446309,-0.06611908149387113
2024-06-27,-0.05472498367904999,-0.0646963229446309,-0.06611908149387113
2024-06-28,-0.05472498367904999,-0.0646963229446309,-0.06611908149387113
2024-07-01,-0.05472498367904999,-0.0646963229446309,-0.06611908149387113
2024-07-02,-0.05472498367904999,-0.0646963229446309,-0.06611908149387113
2024-07-03,-0.05472498367904999,-0.0646963229446309,-0.06611908149387113
2024-07-04,-0.05472498367904999,-0.0646963229446309,-0.06611908149387113
2024-07-05,-0.05472498367904999,-0.0646963229446309,-0.06611908149387113
2024-07-08,-0.05472498367904999,-0.0646963229446309,-0.06611908149387113
2024-07-09,-0.05472498367904999,-0.0646963229446309,-0.06611908149387113
2024-07-10,-0.05472498367904999,-0.0646963229446309,-0.06611908149387113
2024-07-11,-0.05472498367904999,-0.0646963229446309,-0.06611908149387113
2024-07-12,-0.05472498367904999,-0.0646963229446309,-0.06611908149387113
2024-07-15,-0.05472498367904999,-0.0646963229446309,-0.06611908149387113
2024-07-16,-0.05472498367904999,-0.0646963229446309,-0.06611908149387113
2024-07-18,-0.05472498367904999,-0.0646963229446309,-0.06611908149387113
2024-07-19,-0.05472498367904999,-0.0646963229446309,-0.06611908149387113
2024-07-22,-0.05472498367904999,-0.0646963229446309,-0.06611908149387113
2024-07-23,-0.05472498367904999,-0.0646963229446309,-0.06611908149387113
2024-07-24,-0.05472498367904999,-0.0646963229446309,-0.06611908149387113
2024-07-25,-0.05472498367904999,-0.0646963229446309,-0.06611908149387113
2024-07-26,-0.05472498367904999,-0.0646963229446309,-0.06611908149387113
2024-07-29,-0.05472498367904999,-0.0646963229446309,-0.06611908149387113
2024-07-30,-0.05472498367904999,-0.0646963229446309,-0.06611908149387113
2024-07-31,-0.05472498367904999,-0.0646963229446309,-0.06611908149387113
2024-08-01,-0.05472498367904999,-0.0646963229446309,-0.06611908149387113
2024-08-02,-0.05472498367904999,-0.0646963229446309,-0.06611908149387113
2024-08-05,-0.05472498367904999,-0.0646963229446309,-0.06611908149387113
2024-08-06,-0.05472498367904999,-0.07223827543261607,-0.06611908149387113
2024-08-07,-0.05472498367904999,-0.07223827543261607,-0.06611908149387113
2024-08-08,-0.05472498367904999,-0.07223827543261607,-0.06611908149387113
2024-08-09,-0.05472498367904999,-0.07223827543261607,-0.06611908149387113
2024-08-12,-0.05472498367904999,-0.07223827543261607,-0.06611908149387113
2024-08-13,-0.05472498367904999,-0.07223827543261607,-0.06611908149387113
2024-08-14,-0.05472498367904999,-0.07223827543261607,-0.06611908149387113
2024-08-16,-0.05472498367904999,-0.07223827543261607,-0.06611908149387113
2024-08-19,-0.05472498367904999,-0.07223827543261607,-0.06611908149387113
2024-08-20,-0.05472498367904999,-0.07223827543261607,-0.06611908149387113
2024-08-21,-0.05472498367904999,-0.07223827543261607,-0.06611908149387113
2024-08-22,-0.05472498367904999,-0.07223827543261607,-0.06611908149387113
2024-08-23,-0.05472498367904999,-0.07223827543261607,-0.06611908149387113
2024-08-26,-0.05472498367904999,-0.07223827543261607,-0.06611908149387113
2024-08-27,-0.05472498367904999,-0.07223827543261607,-0.06611908149387113
2024-08-28,-0.05472498367904999,-0.07223827543261607,-0.06611908149387113
2024-08-29,-0.05472498367904999,-0.07223827543261607,-0.06611908149387113
2024-08-30,-0.05472498367904999,-0.07223827543261607,-0.06611908149387113
2024-09-02,-0.05472498367904999,-0.07223827543261607,-0.06611908149387113
2024-09-03,-0.05472498367904999,-0.07223827543261607,-0.06611908149387113
2024-09-04,-0.05472498367904999,-0.07223827543261607,-0.06611908149387113
2024-09-05,-0.05472498367904999,-0.07223827543261607,-0.06611908149387113
2024-09-06,-0.05472498367904999,-0.07223827543261607,-0.06611908149387113
2024-09-09,-0.05472498367904999,-0.07223827543261607,-0.06611908149387113
2024-09-10,-0.05472498367904999,-0.07223827543261607,-0.06611908149387113
2024-09-11,-0.05472498367904999,-0.07223827543261607,-0.06611908149387113
2024-09-12,-0.05472498367904999,-0.07223827543261607,-0.06611908149387113
2024-09-13,-0.05472498367904999,-0.07223827543261607,-0.06611908149387113
2024-09-16,-0.05472498367904999,-0.07223827543261607,-0.06611908149387113
2024-09-17,-0.05472498367904999,-0.07223827543261607,-0.06611908149387113
2024-09-18,-0.05472498367904999,-0.07223827543261607,-0.06611908149387113
2024-09-19,-0.05472498367904999,-0.07223827543261607,-0.06611908149387113
2024-09-20,-0.05472498367904999,-0.07223827543261607,-0.06611908149387113
2024-09-23,-0.05472498367904999,-0.07223827543261607,-0.06611908149387113
2024-09-24,-0.05472498367904999,-0.07223827543261607,-0.06611908149387113
2024-09-25,-0.05472498367904999,-0.07223827543261607,-0.06611908149387113
2024-09-26,-0.05472498367904999,-0.07223827543261607,-0.06611908149387113
2024-09-27,-0.05472498367904999,-0.07223827543261607,-0.06338010816578965
2024-09-30,-0.05472498367904999,-0.07223827543261607,-0.05929359941641077
2024-10-01,-0.05472498367904999,-0.07223827543261607,-0.05929359941641077
2024-10-03,-0.05472498367904999,-0.07223827543261607,-0.05929359941641077
2024-10-04,-0.05472498367904999,-0.07223827543261607,-0.05929359941641077
2024-10-07,-0.05472498367904999,-0.07223827543261607,-0.05929359941641077
2024-10-08,-0.05472498367904999,-0.07223827543261607,-0.05929359941641077
2024-10-09,-0.05472498367904999,-0.07223827543261607,-0.05929359941641077
2024-10-10,-0.05472498367904999,-0.07223827543261607,-0.05929359941641077
2024-10-11,-0.05472498367904999,-0.07223827543261607,-0.05929359941641077
2024-10-14,-0.05472498367904999,-0.07223827543261607,-0.05929359941641077
2024-10-15,-0.05472498367904999,-0.07223827543261607,-0.05929359941641077
2024-10-16,-0.05472498367904999,-0.07223827543261607,-0.05929359941641077
2024-10-17,-0.05472498367904999,-0.07223827543261607,-0.05929359941641077
2024-10-18,-0.05472498367904999,-0.07223827543261607,-0.05929359941641077
2024-10-21,-0.05472498367904999,-0.07223827543261607,-0.05929359941641077
2024-10-22,-0.06142361344458447,-0.07223827543261607,-0.06652226860661603
2024-10-23,-0.06990019949327364,-0.07223827543261607,-0.06791834499052274
2024-10-24,-0.07296018694263462,-0.07223827543261607,-0.06929534908912716
2024-10-25,-0.08048252728361716,-0.07557857616768748,-0.07763373732307666
2024-10-28,-0.08048252728361716,-0.07622315459366913,-0.07763373732307666
2024-10-29,-0.08048252728361716,-0.07622315459366913,-0.07763373732307666
2024-10-30,-0.08048252728361716,-0.07622315459366913,-0.07763373732307666
2024-10-31,-0.08048252728361716,-0.08378388749029464,-0.07763373732307666
2024-11-01,-0.08048252728361716,-0.08378388749029464,-0.07763373732307666
2024-11-04,-0.08211790175610967,-0.08867658698516867,-0.08470769264237432
2024-11-05,-0.08211790175610967,-0.09288301465396465,-0.08470769264237432
2024-11-06,-0.08211790175610967,-0.09288301465396465,-0.08470769264237432
2024-11-07,-0.08299287156757917,-0.11442419611014798,-0.08470769264237432
2024-11-08,-0.08299287156757917,-0.12471121394748574,-0.08470769264237432
2024-11-11,-0.08299287156757917,-0.12471121394748574,-0.08470769264237432
2024-11-12,-0.08504771237881392,-0.12471121394748574,-0.08897608499325538
2024-11-13,-0.09794212368869559,-0.12659844453351365,-0.10135012409650646
2024-11-14,-0.1017456429496767,-0.1305707431485703,-0.10235529313282998
2024-11-18,-0.1068292207339473,-0.14198304390370564,-0.10536484015264391
2024-11-19,-0.1068292207339473,-0.14198304390370564,-0.10536484015264391
2024-11-21,-0.1068292207339473,-0.14198304390370564,-0.10932807593868799
2024-11-22,-0.1068292207339473,-0.14198304390370564,-0.10932807593868799
2024-11-25,-0.1068292207339473,-0.14198304390370564,-0.10932807593868799
2024-11-26,-0.1068292207339473,-0.14198304390370564,-0.10932807593868799
2024-11-27,-0.1068292207339473,-0.14198304390370564,-0.10932807593868799
2024-11-28,-0.1068292207339473,-0.14198304390370564,-0.10932807593868799
2024-11-29,-0.1068292207339473,-0.14198304390370564,-0.10932807593868799
2024-12-02,-0.1068292207339473,-0.14198304390370564,-0.10932807593868799
2024-12-03,-0.1068292207339473,-0.14198304390370564,-0.10932807593868799
2024-12-04,-0.1068292207339473,-0.14198304390370564,-0.10932807593868799
2024-12-05,-0.1068292207339473,-0.14198304390370564,-0.10932807593868799
2024-12-06,-0.1068292207339473,-0.14198304390370564,-0.10932807593868799
2024-12-09,-0.1068292207339473,-0.14198304390370564,-0.10932807593868799
2024-12-10,-0.1068292207339473,-0.14198304390370564,-0.10932807593868799
2024-12-11,-0.1068292207339473,-0.14198304390370564,-0.10932807593868799
2024-12-12,-0.1068292207339473,-0.14198304390370564,-0.10932807593868799
2024-12-13,-0.1068292207339473,-0.14198304390370564,-0.10932807593868799
2024-12-16,-0.1068292207339473,-0.14198304390370564,-0.10932807593868799
2024-12-17,-0.1068292207339473,-0.14198304390370564,-0.10932807593868799
2024-12-18,-0.1068292207339473,-0.14198304390370564,-0.10932807593868799
2024-12-19,-0.1068292207339473,-0.14198304390370564,-0.10932807593868799
2024-12-20,-0.1068292207339473,-0.14198304390370564,-0.10932807593868799
2024-12-23,-0.1068292207339473,-0.14198304390370564,-0.10932807593868799
2024-12-24,-0.1068292207339473,-0.14198304390370564,-0.10932807593868799
2024-12-26,-0.1068292207339473,-0.14198304390370564,-0.10932807593868799
2024-12-27,-0.1068292207339473,-0.14198304390370564,-0.10932807593868799
2024-12-30,-0.1068292207339473,-0.14198304390370564,-0.10932807593868799
2024-12-31,-0.1068292207339473,-0.14198304390370564,-0.10932807593868799
2025-01-01,-0.1068292207339473,-0.14198304390370564,-0.10932807593868799
2025-01-02,-0.1068292207339473,-0.14198304390370564,-0.10932807593868799
2025-01-03,-0.1068292207339473,-0.14198304390370564,-0.10932807593868799
2025-01-06,-0.1068292207339473,-0.14198304390370564,-0.10932807593868799
2025-01-07,-0.1068292207339473,-0.14198304390370564,-0.10932807593868799
2025-01-08,-0.1068292207339473,-0.14198304390370564,-0.10932807593868799
2025-01-09,-0.1068292207339473,-0.14198304390370564,-0.10932807593868799
2025-01-10,-0.1068292207339473,-0.14198304390370564,-0.10932807593868799
2025-01-13,-0.1068292207339473,-0.15096849817826508,-0.11939638005044917
2025-01-14,-0.1068292207339473,-0.15096849817826508,-0.11939638005044917
2025-01-15,-0.1068292207339473,-0.15096849817826508,-0.11939638005044917
2025-01-16,-0.1068292207339473,-0.15096849817826508,-0.11939638005044917
2025-01-17,-0.1068292207339473,-0.15096849817826508,-0.11939638005044917
2025-01-20,-0.1068292207339473,-0.15096849817826508,-0.11939638005044917
2025-01-21,-0.1068292207339473,-0.1754664124766644,-0.12173459752784455
2025-01-22,-0.1068292207339473,-0.18347943329925853,-0.12173459752784455
2025-01-23,-0.1068292207339473,-0.18347943329925853,-0.12173459752784455
2025-01-24,-0.1068292207339473,-0.19239510615004451,-0.12173459752784455
2025-01-27,-0.10766916888183886,-0.20414654019544864,-0.12919186108104996
2025-01-28,-0.10951234977050628,-0.20414654019544864,-0.12919186108104996
2025-01-29,-0.10951234977050628,-0.20414654019544864,-0.12919186108104996
2025-01-30,-0.10951234977050628,-0.20414654019544864,-0.12919186108104996
2025-01-31,-0.10951234977050628,-0.20414654019544864,-0.12919186108104996
2025-02-01,-0.10951234977050628,-0.20414654019544864,-0.12919186108104996
2025-02-03,-0.10951234977050628,-0.20414654019544864,-0.12919186108104996
2025-02-04,-0.10951234977050628,-0.20414654019544864,-0.12919186108104996
2025-02-05,-0.10951234977050628,-0.20414654019544864,-0.12919186108104996
2025-02-06,-0.10951234977050628,-0.20414654019544864,-0.12919186108104996
2025-02-07,-0.10951234977050628,-0.20414654019544864,-0.12919186108104996
2025-02-10,-0.10951234977050628,-0.2079662527499765,-0.12919186108104996
2025-02-11,-0.10951234977050628,-0.21491561818227212,-0.12919186108104996
2025-02-12,-0.10951234977050628,-0.21774962690126332,-0.12919186108104996
2025-02-13,-0.10951234977050628,-0.21774962690126332,-0.12919186108104996
2025-02-14,-0.11212091864928053,-0.2299588098738422,-0.12919186108104996
2025-02-17,-0.11583919301075796,-0.23448083376478068,-0.12919186108104996
2025-02-18,-0.11953466928394763,-0.24329416392745773,-0.12919186108104996
2025-02-19,-0.12422671982537414,-0.24431461128376164,-0.12919186108104996
2025-02-20,-0.12422671982537414,-0.24431461128376164,-0.12919186108104996
2025-02-21,-0.1286312910067925,-0.24431461128376164,-0.130460168053654
2025-02-24,-0.13351004099029296,-0.24566331541126385,-0.1397121634542532
2025-02-25,-0.13351004099029296,-0.25055223288399076,-0.1399333572630913
2025-02-27,-0.13351004099029296,-0.2616168528827886,-0.14002871868960298
2025-02-28,-0.1478786234935603,-0.2716135233822071,-0.1560628485441513
2025-03-03,-0.1478786234935603,-0.2716135233822071,-0.15626876962452485
2025-03-04,-0.1478786234935603,-0.2716135233822071,-0.15766678303740755
2025-03-05,-0.1478786234935603,-0.2716135233822071,-0.15766678303740755
2025-03-06,-0.1478786234935603,-0.2716135233822071,-0.15766678303740755
2025-03-07,-0.1478786234935603,-0.2716135233822071,-0.15766678303740755
2025-03-10,-0.1478786234935603,-0.2716135233822071,-0.15766678303740755
2025-03-11,-0.1478786234935603,-0.2716135233822071,-0.15766678303740755
2025-03-12,-0.1478786234935603,-0.2716135233822071,-0.15766678303740755
2025-03-13,-0.1478786234935603,-0.2716135233822071,-0.15766678303740755
2025-03-17,-0.1478786234935603,-0.2716135233822071,-0.15766678303740755
2025-03-18,-0.1478786234935603,-0.2716135233822071,-0.15766678303740755
2025-03-19,-0.1478786234935603,-0.2716135233822071,-0.15766678303740755
2025-03-20,-0.1478786234935603,-0.2716135233822071,-0.15766678303740755
2025-03-21,-0.1478786234935603,-0.2716135233822071,-0.15766678303740755
2025-03-24,-0.1478786234935603,-0.2716135233822071,-0.15766678303740755
2025-03-25,-0.1478786234935603,-0.2716135233822071,-0.15766678303740755
2025-03-26,-0.1478786234935603,-0.2716135233822071,-0.15766678303740755
2025-03-27,-0.1478786234935603,-0.2716135233822071,-0.15766678303740755
2025-03-28,-0.1478786234935603,-0.2716135233822071,-0.15766678303740755
2025-04-01,-0.1478786234935603,-0.2716135233822071,-0.15766678303740755
2025-04-02,-0.1478786234935603,-0.2716135233822071,-0.15766678303740755
2025-04-03,-0.1478786234935603,-0.2716135233822071,-0.15766678303740755
2025-04-04,-0.1478786234935603,-0.2716135233822071,-0.15766678303740755
2025-04-07,-0.1478786234935603,-0.2716135233822071,-0.15766678303740755
2025-04-08,-0.1478786234935603,-0.2716135233822071,-0.15766678303740755
2025-04-09,-0.1478786234935603,-0.2716135233822071,-0.15766678303740755
2025-04-11,-0.1478786234935603,-0.2716135233822071,-0.15766678303740755
2025-04-15,-0.1478786234935603,-0.2716135233822071,-0.15766678303740755
2025-04-16,-0.1478786234935603,-0.2716135233822071,-0.15766678303740755
2025-04-17,-0.1478786234935603,-0.2716135233822071,-0.15766678303740755
2025-04-21,-0.1478786234935603,-0.2716135233822071,-0.15766678303740755
2025-04-22,-0.1478786234935603,-0.2716135233822071,-0.15766678303740755
2025-04-23,-0.1478786234935603,-0.2716135233822071,-0.15766678303740755
2025-04-24,-0.1478786234935603,-0.2716135233822071,-0.15766678303740755
2025-04-25,-0.1478786234935603,-0.2716135233822071,-0.15766678303740755
2025-04-28,-0.1478786234935603,-0.2716135233822071,-0.15766678303740755
2025-04-29,-0.1478786234935603,-0.2716135233822071,-0.15766678303740755
2025-04-30,-0.1478786234935603,-0.2716135233822071,-0.15766678303740755
2025-05-02,-0.1478786234935603,-0.2716135233822071,-0.15766678303740755
2025-05-05,-0.1478786234935603,-0.2716135233822071,-0.15766678303740755
2025-05-06,-0.1478786234935603,-0.2716135233822071,-0.15766678303740755
2025-05-07,-0.1478786234935603,-0.2716135233822071,-0.15766678303740755
2025-05-08,-0.1478786234935603,-0.2716135233822071,-0.15766678303740755
2025-05-09,-0.1478786234935603,-0.2716135233822071,-0.15766678303740755
2025-05-12,-0.1478786234935603,-0.2716135233822071,-0.15766678303740755
2025-05-13,-0.1478786234935603,-0.2716135233822071,-0.15766678303740755
2025-05-14,-0.1478786234935603,-0.2716135233822071,-0.15766678303740755
2025-05-15,-0.1478786234935603,-0.2716135233822071,-0.15766678303740755
2025-05-16,-0.1478786234935603,-0.2716135233822071,-0.15766678303740755
2025-05-19,-0.1478786234935603,-0.2716135233822071,-0.15766678303740755
2025-05-20,-0.1478786234935603,-0.2716135233822071,-0.15766678303740755
2025-05-21,-0.1478786234935603,-0.2716135233822071,-0.15766678303740755
2025-05-22,-0.1478786234935603,-0.2716135233822071,-0.15766678303740755
2025-05-23,-0.1478786234935603,-0.2716135233822071,-0.15766678303740755
2025-05-26,-0.1478786234935603,-0.2716135233822071,-0.15766678303740755
2025-05-27,-0.1478786234935603,-0.2716135233822071,-0.15766678303740755
2025-05-28,-0.1478786234935603,-0.2716135233822071,-0.15766678303740755
2025-05-29,-0.1478786234935603,-0.2716135233822071,-0.15766678303740755
2025-05-30,-0.1478786234935603,-0.2716135233822071,-0.15766678303740755
2025-06-02,-0.1478786234935603,-0.2716135233822071,-0.15766678303740755
2025-06-03,-0.1478786234935603,-0.2716135233822071,-0.15766678303740755
2025-06-04,-0.1478786234935603,-0.2716135233822071,-0.15766678303740755
2025-06-05,-0.1478786234935603,-0.2716135233822071,-0.15766678303740755
2025-06-06,-0.1478786234935603,-0.2716135233822071,-0.15766678303740755
2025-06-09,-0.1478786234935603,-0.2716135233822071,-0.15766678303740755
2025-06-10,-0.1478786234935603,-0.2716135233822071,-0.15766678303740755
2025-06-11,-0.1478786234935603,-0.2716135233822071,-0.15766678303740755
2025-06-12,-0.1478786234935603,-0.2716135233822071,-0.15766678303740755
2025-06-13,-0.1478786234935603,-0.2716135233822071,-0.15766678303740755
2025-06-16,-0.1478786234935603,-0.2716135233822071,-0.15766678303740755
2025-06-17,-0.1478786234935603,-0.2716135233822071,-0.15766678303740755
2025-06-18,-0.1478786234935603,-0.2716135233822071,-0.15766678303740755
2025-06-19,-0.1478786234935603,-0.2716135233822071,-0.15766678303740755
2025-06-20,-0.1478786234935603,-0.2716135233822071,-0.15766678303740755
2025-06-23,-0.1478786234935603,-0.2716135233822071,-0.15766678303740755
2025-06-24,-0.1478786234935603,-0.2716135233822071,-0.15766678303740755
2025-06-25,-0.1478786234935603,-0.2716135233822071,-0.15766678303740755
2025-06-26,-0.1478786234935603,-0.2716135233822071,-0.15766678303740755
2025-06-27,-0.1478786234935603,-0.2716135233822071,-0.15766678303740755
2025-06-30,-0.1478786234935603,-0.2716135233822071,-0.15766678303740755
2025-07-01,-0.1478786234935603,-0.2716135233822071,-0.15766678303740755
2025-07-02,-0.1478786234935603,-0.2716135233822071,-0.15766678303740755
2025-07-03,-0.1478786234935603,-0.2716135233822071,-0.15766678303740755
2025-07-04,-0.1478786234935603,-0.2716135233822071,-0.15766678303740755
2025-07-07,-0.1478786234935603,-0.2716135233822071,-0.15766678303740755
2025-07-08,-0.1478786234935603,-0.2716135233822071,-0.15766678303740755
2025-07-09,-0.1478786234935603,-0.2716135233822071,-0.15766678303740755
2025-07-10,-0.1478786234935603,-0.2716135233822071,-0.15766678303740755
2025-07-11,-0.1478786234935603,-0.2716135233822071,-0.15766678303740755
2025-07-14,-0.1478786234935603,-0.2716135233822071,-0.15766678303740755
2025-07-15,-0.1478786234935603,-0.2716135233822071,-0.15766678303740755
2025-07-16,-0.1478786234935603,-0.2716135233822071,-0.15766678303740755
2025-07-17,-0.1478786234935603,-0.2716135233822071,-0.15766678303740755
2025-07-18,-0.1478786234935603,-0.2716135233822071,-0.15766678303740755
2025-07-21,-0.1478786234935603,-0.2716135233822071,-0.15766678303740755
2025-07-22,-0.1478786234935603,-0.2716135233822071,-0.15766678303740755
2025-07-23,-0.1478786234935603,-0.2716135233822071,-0.15766678303740755
2025-07-24,-0.1478786234935603,-0.2716135233822071,-0.15766678303740755
2025-07-25,-0.1478786234935603,-0.2716135233822071,-0.15766678303740755
2025-07-28,-0.1478786234935603,-0.2716135233822071,-0.15766678303740755
2025-07-29,-0.1478786234935603,-0.2716135233822071,-0.15766678303740755
2025-07-30,-0.1478786234935603,-0.2716135233822071,-0.15766678303740755
2025-07-31,-0.1478786234935603,-0.2716135233822071,-0.15766678303740755
2025-08-01,-0.1478786234935603,-0.2716135233822071,-0.15766678303740755
2025-08-04,-0.1478786234935603,-0.2716135233822071,-0.15766678303740755
2025-08-05,-0.1478786234935603,-0.2716135233822071,-0.15766678303740755
2025-08-06,-0.1478786234935603,-0.2716135233822071,-0.15766678303740755
2025-08-07,-0.1478786234935603,-0.2716135233822071,-0.15766678303740755
2025-08-08,-0.1478786234935603,-0.2716135233822071,-0.15766678303740755
2025-08-11,-0.1478786234935603,-0.2716135233822071,-0.15766678303740755
2025-08-12,-0.1478786234935603,-0.2716135233822071,-0.15766678303740755
2025-08-13,-0.1478786234935603,-0.2716135233822071,-0.15766678303740755
2025-08-14,-0.1478786234935603,-0.2716135233822071,-0.15766678303740755
2025-08-18,-0.1478786234935603,-0.2716135233822071,-0.15766678303740755
2025-08-19,-0.1478786234935603,-0.2716135233822071,-0.15766678303740755
2025-08-20,-0.1478786234935603,-0.2716135233822071,-0.15766678303740755
2025-08-21,-0.1478786234935603,-0.2716135233822071,-0.15766678303740755
2025-08-22,-0.1478786234935603,-0.2716135233822071,-0.15766678303740755
2025-08-25,-0.1478786234935603,-0.2716135233822071,-0.15766678303740755
2025-08-26,-0.1478786234935603,-0.2716135233822071,-0.15766678303740755
2025-08-28,-0.1478786234935603,-0.2716135233822071,-0.15766678303740755
2025-08-29,-0.1478786234935603,-0.2716135233822071,-0.15766678303740755
2025-09-01,-0.1478786234935603,-0.2716135233822071,-0.15766678303740755
2025-09-02,-0.1478786234935603,-0.2716135233822071,-0.15766678303740755
2025-09-03,-0.1478786234935603,-0.2716135233822071,-0.15766678303740755
2025-09-04,-0.1478786234935603,-0.2716135233822071,-0.15766678303740755
2025-09-05,-0.1478786234935603,-0.2716135233822071,-0.15766678303740755
2025-09-08,-0.1478786234935603,-0.2716135233822071,-0.15766678303740755
2025-09-09,-0.1478786234935603,-0.2716135233822071,-0.15766678303740755
2025-09-10,-0.1478786234935603,-0.2716135233822071,-0.15766678303740755
2025-09-11,-0.1478786234935603,-0.2716135233822071,-0.15766678303740755
2025-09-12,-0.1478786234935603,-0.2716135233822071,-0.15766678303740755
2025-09-15,-0.1478786234935603,-0.2716135233822071,-0.15766678303740755
2025-09-16,-0.1478786234935603,-0.2716135233822071,-0.15766678303740755
2025-09-17,-0.1478786234935603,-0.2716135233822071,-0.15766678303740755
2025-09-18,-0.1478786234935603,-0.2716135233822071,-0.15766678303740755
2025-09-19,-0.1478786234935603,-0.2716135233822071,-0.15766678303740755
2025-09-22,-0.1478786234935603,-0.2716135233822071,-0.15766678303740755
2025-09-23,-0.1478786234935603,-0.2716135233822071,-0.15766678303740755
2025-09-24,-0.1478786234935603,-0.2716135233822071,-0.15766678303740755
2025-09-25,-0.1478786234935603,-0.2716135233822071,-0.15766678303740755
2025-09-26,-0.1478786234935603,-0.2716135233822071,-0.15766678303740755
2025-09-29,-0.1478786234935603,-0.2716135233822071,-0.15766678303740755
2025-09-30,-0.1478786234935603,-0.2716135233822071,-0.15766678303740755
2025-10-01,-0.14569184467740892,-0.2713755371713492,-0.15647300408799958
2025-10-03,-0.1312881205633768,-0.2713755371713492,-0.1444431033915229
2025-10-06,-0.13094778085687864,-0.2713755371713492,-0.14398047609432252
2025-10-07,-0.12438890438346972,-0.2713755371713492,-0.1254430385523697
2025-10-08,-0.12438890438346972,-0.2713755371713492,-0.12119169780288552
2025-10-09,-0.12438890438346972,-0.2713755371713492,-0.12119169780288552
2025-10-10,-0.12438890438346972,-0.2713755371713492,-0.12119169780288552
2025-10-13,-0.12438890438346972,-0.2713755371713492,-0.12119169780288552
2025-10-14,-0.12438890438346972,-0.2713755371713492,-0.12119169780288552
2025-10-15,-0.12438890438346972,-0.2713755371713492,-0.12119169780288552
2025-10-16,-0.12438890438346972,-0.2713755371713492,-0.12119169780288552
2025-10-17,-0.12381072182181774,-0.269301274329112,-0.11871563693380571
2025-10-20,-0.11751102848662709,-0.25278133126497226,-0.11567881128539281
2025-10-21,-0.11751102848662709,-0.2495630602659069,-0.11150698994772135
2025-10-23,-0.11751102848662709,-0.2495630602659069,-0.11150698994772135
2025-10-24,-0.11751102848662709,-0.2404063553580741,-0.10889142375785232
2025-10-27,-0.11751102848662709,-0.2287837566736386,-0.10843095028376282
2025-10-28,-0.11751102848662709,-0.2287837566736386,-0.10843095028376282
2025-10-29,-0.11751102848662709,-0.2287837566736386,-0.10843095028376282
2025-10-30,-0.11751102848662709,-0.2287837566736386,-0.10843095028376282
2025-10-31,-0.11751102848662709,-0.2287837566736386,-0.10843095028376282
2025-11-03,-0.11751102848662709,-0.2287837566736386,-0.10843095028376282
2025-11-04,-0.11751102848662709,-0.2287837566736386,-0.10843095028376282
2025-11-06,-0.11751102848662709,-0.2287837566736386,-0.10843095028376282
2025-11-07,-0.11751102848662709,-0.2287837566736386,-0.10843095028376282
2025-11-10,-0.11751102848662709,-0.2287837566736386,-0.10843095028376282
2025-11-11,-0.11751102848662709,-0.2287837566736386,-0.10843095028376282
2025-11-12,-0.11751102848662709,-0.2287837566736386,-0.10843095028376282
2025-11-13,-0.11751102848662709,-0.2287837566736386,-0.10843095028376282
2025-11-14,-0.11751102848662709,-0.2287837566736386,-0.10843095028376282
2025-11-17,-0.11751102848662709,-0.2287837566736386,-0.10843095028376282
2025-11-18,-0.11751102848662709,-0.2287837566736386,-0.10843095028376282
2025-11-19,-0.11751102848662709,-0.2287837566736386,-0.10843095028376282
2025-11-20,-0.11751102848662709,-0.2287837566736386,-0.10843095028376282
2025-11-21,-0.11751102848662709,-0.2287837566736386,-0.10843095028376282
2025-11-24,-0.11751102848662709,-0.2287837566736386,-0.10843095028376282
2025-11-25,-0.11751102848662709,-0.2287837566736386,-0.10843095028376282
2025-11-26,-0.11751102848662709,-0.2287837566736386,-0.10843095028376282
2025-11-27,-0.11751102848662709,-0.2287837566736386,-0.10843095028376282
2025-11-28,-0.11751102848662709,-0.2287837566736386,-0.10843095028376282
2025-12-01,-0.11751102848662709,-0.2287837566736386,-0.10843095028376282
2025-12-02,-0.11751102848662709,-0.2287837566736386,-0.10843095028376282
2025-12-03,-0.11751102848662709,-0.2287837566736386,-0.10843095028376282
2025-12-04,-0.11751102848662709,-0.2287837566736386,-0.10843095028376282
2025-12-05,-0.11751102848662709,-0.2287837566736386,-0.10843095028376282
2025-12-08,-0.11751102848662709,-0.2287837566736386,-0.10843095028376282
2025-12-09,-0.11751102848662709,-0.2287837566736386,-0.10843095028376282
2025-12-10,-0.11751102848662709,-0.2287837566736386,-0.10843095028376282
2025-12-11,-0.11751102848662709,-0.2287837566736386,-0.10843095028376282
2025-12-12,-0.11751102848662709,-0.2287837566736386,-0.10843095028376282
2025-12-15,-0.11751102848662709,-0.2287837566736386,-0.10843095028376282
2025-12-16,-0.11751102848662709,-0.2287837566736386,-0.10843095028376282
2025-12-17,-0.11751102848662709,-0.2287837566736386,-0.10843095028376282
2025-12-18,-0.11384326244850684,-0.2287837566736386,-0.10481487780345189
2025-12-19,-0.09987504272831338,-0.2287837566736386,-0.09259326139772361
2025-12-22,-0.09777293999967962,-0.2287837566736386,-0.0874504058213641
2025-12-23,-0.09728089313087696,-0.2287837566736386,-0.0870656264814279
2025-12-24,-0.09728089313087696,-0.2287837566736386,-0.0870656264814279
2025-12-26,-0.09728089313087696,-0.2287837566736386,-0.0870656264814279
2025-12-29,-0.09728089313087696,-0.2287837566736386,-0.0870656264814279
2025-12-30,-0.09728089313087696,-0.2287837566736386,-0.0870656264814279
2025-12-31,-0.09728089313087696,-0.2287837566736386,-0.0870656264814279
2026-01-01,-0.09728089313087696,-0.2287837566736386,-0.0870656264814279
2026-01-02,-0.09728089313087696,-0.2287837566736386,-0.0870656264814279
2026-01-05,-0.09728089313087696,-0.2287837566736386,-0.0870656264814279
2026-01-06,-0.09728089313087696,-0.2287837566736386,-0.0870656264814279
2026-01-07,-0.09219675024982554,-0.22413498130494147,-0.08007163621262459
2026-01-08,-0.08030506093487633,-0.22104596775410834,-0.06978314855671519
2026-01-09,-0.0798891474829524,-0.2248960761680222,-0.06978314855671519
2026-01-12,-0.07716517075306606,-0.2248960761680222,-0.06978314855671519
2026-01-13,-0.07460284950549478,-0.23026066756989494,-0.06978314855671519
2026-01-14,-0.07355384910558294,-0.2318587739610486,-0.06978314855671519
2026-01-15,-0.06931387346650275,-0.2318587739610486,-0.06978314855671519
2026-01-16,-0.06931387346650275,-0.23581649298870644,-0.06978314855671519
2026-01-19,-0.06931387346650275,-0.23581649298870644,-0.06978314855671519
2026-01-20,-0.07053586929557731,-0.2454185447333811,-0.06978314855671519
2026-01-21,-0.07445652932139735,-0.25190770710747645,-0.06978314855671519
2026-01-22,-0.07445652932139735,-0.25190770710747645,-0.06978314855671519
2026-01-23,-0.07445652932139735,-0.25190770710747645,-0.06978314855671519
2026-01-27,-0.07497718982041335,-0.25190770710747645,-0.06978314855671519
2026-01-28,-0.07497718982041335,-0.25190770710747645,-0.06978314855671519
2026-01-29,-0.07497718982041335,-0.25190770710747645,-0.06978314855671519
2026-01-30,-0.07497718982041335,-0.25190770710747645,-0.06978314855671519
2026-02-02,-0.07497718982041335,-0.25190770710747645,-0.06978314855671519
2026-02-03,-0.07497718982041335,-0.25190770710747645,-0.06978314855671519
2026-02-04,-0.07497718982041335,-0.25190770710747645,-0.06978314855671519
2026-02-05,-0.07497718982041335,-0.25190770710747645,-0.06978314855671519
2026-02-06,-0.07497718982041335,-0.25190770710747645,-0.06978314855671519
2026-02-09,-0.07497718982041335,-0.25190770710747645,-0.06978314855671519
2026-02-10,-0.07497718982041335,-0.25190770710747645,-0.06978314855671519
2026-02-11,-0.07497718982041335,-0.25190770710747645,-0.06809714332719063
2026-02-12,-0.07497718982041335,-0.25190770710747645,-0.06442726324512849
2026-02-13,-0.07497718982041335,-0.25190770710747645,-0.06367286500826141
2026-02-16,-0.07497718982041335,-0.25190770710747645,-0.06367286500826141
2026-02-17,-0.07497718982041335,-0.25190770710747645,-0.06367286500826141
2026-02-18,-0.07497718982041335,-0.25190770710747645,-0.06367286500826141
2026-02-19,-0.07497718982041335,-0.25190770710747645,-0.06367286500826141
2026-02-20,-0.07497718982041335,-0.25190770710747645,-0.06367286500826141
2026-02-23,-0.07497718982041335,-0.25190770710747645,-0.06367286500826141
2026-02-24,-0.07497718982041335,-0.25190770710747645,-0.06367286500826141
2026-02-25,-0.07497718982041335,-0.25190770710747645,-0.06367286500826141
2026-02-26,-0.07497718982041335,-0.25190770710747645,-0.06367286500826141
2026-02-27,-0.07497718982041335,-0.25190770710747645,-0.06367286500826141
2026-03-02,-0.07497718982041335,-0.25190770710747645,-0.06367286500826141
2026-03-04,-0.07497718982041335,-0.25190770710747645,-0.0701918915554629
2026-03-05,-0.07497718982041335,-0.25190770710747645,-0.0701918915554629
2026-03-06,-0.07497718982041335,-0.25190770710747645,-0.07133326775575877
2026-03-09,-0.07800245607230893,-0.25190770710747645,-0.08737662847885685
2026-03-10,-0.07800245607230893,-0.25190770710747645,-0.08737662847885685
2026-03-11,-0.0827735364972565,-0.2559832797992717,-0.09349930394300743
2026-03-12,-0.08900247473573442,-0.26503681347480634,-0.10214768040101418
2026-03-13,-0.1027808611488702,-0.28038586315949054,-0.12068462097571409
2026-03-16,-0.1027808611488702,-0.28038586315949054,-0.12068462097571409
2026-03-17,-0.1027808611488702,-0.28038586315949054,-0.12068462097571409
2026-03-18,-0.1027808611488702,-0.28038586315949054,-0.12068462097571409
2026-03-19,-0.10960466907621336,-0.2854504283272208,-0.12634194788244524
2026-03-20,-0.10960466907621336,-0.2854504283272208,-0.12634194788244524
2026-03-23,-0.12441138925752604,-0.30645306694338126,-0.1449339320773596
2026-03-24,-0.12441138925752604,-0.30645306694338126,-0.1449339320773596
2026-03-25,-0.12441138925752604,-0.30645306694338126,-0.1449339320773596
2026-03-27,-0.12441138925752604,-0.30645306694338126,-0.1449339320773596
2026-03-30,-0.12550896604586692,-0.31126445705487416,-0.15181809374299426
2026-04-01,-0.12550896604586692,-0.31126445705487416,-0.15181809374299426
2026-04-02,-0.12550896604586692,-0.31126445705487416,-0.15181809374299426
2026-04-06,-0.12550896604586692,-0.31126445705487416,-0.15181809374299426
2026-04-07,-0.12550896604586692,-0.31126445705487416,-0.15181809374299426
2026-04-08,-0.12550896604586692,-0.31126445705487416,-0.15181809374299426
2026-04-09,-0.12550896604586692,-0.31126445705487416,-0.15181809374299426
2026-04-10,-0.12550896604586692,-0.31126445705487416,-0.15181809374299426
2026-04-13,-0.12550896604586692,-0.31126445705487416,-0.15181809374299426
2026-04-15,-0.12550896604586692,-0.31126445705487416,-0.15181809374299426
2026-04-16,-0.12550896604586692,-0.31126445705487416,-0.15181809374299426
2026-04-17,-0.12550896604586692,-0.31126445705487416,-0.15181809374299426
2026-04-20,-0.12550896604586692,-0.31126445705487416,-0.15181809374299426
2026-04-21,-0.12550896604586692,-0.31126445705487416,-0.15181809374299426
2026-04-22,-0.12550896604586692,-0.31126445705487416,-0.15181809374299426
2026-04-23,-0.12550896604586692,-0.31126445705487416,-0.15181809374299426
2026-04-24,-0.12550896604586692,-0.31126445705487416,-0.15181809374299426
2026-04-27,-0.12550896604586692,-0.31126445705487416,-0.15181809374299426
2026-04-28,-0.12550896604586692,-0.31126445705487416,-0.15181809374299426
2026-04-29,-0.12550896604586692,-0.31126445705487416,-0.15181809374299426
2026-04-30,-0.12550896604586692,-0.31126445705487416,-0.15181809374299426
2026-05-01,-0.12550896604586692,-0.31126445705487416,-0.15181809374299426
2026-05-04,-0.12550896604586692,-0.31126445705487416,-0.15181809374299426
2026-05-05,-0.12550896604586692,-0.31126445705487416,-0.15181809374299426
2026-05-06,-0.12550896604586692,-0.31126445705487416,-0.15181809374299426
2026-05-07,-0.12550896604586692,-0.31126445705487416,-0.15181809374299426
2026-05-08,-0.12550896604586692,-0.31126445705487416,-0.15181809374299426
2026-05-11,-0.12550896604586692,-0.31126445705487416,-0.15181809374299426
2026-05-12,-0.12550896604586692,-0.31126445705487416,-0.15181809374299426
2026-05-13,-0.12550896604586692,-0.31126445705487416,-0.15181809374299426
2026-05-14,-0.12550896604586692,-0.31126445705487416,-0.15181809374299426
2026-05-15,-0.12550896604586692,-0.31126445705487416,-0.15181809374299426
2026-05-18,-0.12550896604586692,-0.31126445705487416,-0.15181809374299426
2026-05-19,-0.12550896604586692,-0.31126445705487416,-0.15181809374299426
2026-05-20,-0.12550896604586692,-0.31126445705487416,-0.15181809374299426
2026-05-21,-0.12550896604586692,-0.31126445705487416,-0.15181809374299426
2026-05-22,-0.12550896604586692,-0.31126445705487416,-0.15181809374299426
2026-05-25,-0.12550896604586692,-0.31126445705487416,-0.15181809374299426
2026-05-26,-0.12550896604586692,-0.31126445705487416,-0.15181809374299426
2026-05-27,-0.12550896604586692,-0.31126445705487416,-0.15181809374299426
2026-05-28,-0.12550896604586692,-0.31126445705487416,-0.15181809374299426
2026-05-29,-0.12550896604586692,-0.31126445705487416,-0.15181809374299426
2026-06-01,-0.12550896604586692,-0.31126445705487416,-0.15181809374299426
2026-06-02,-0.12550896604586692,-0.31126445705487416,-0.15181809374299426
2026-06-03,-0.12550896604586692,-0.31126445705487416,-0.15181809374299426
2026-06-04,-0.12550896604586692,-0.31126445705487416,-0.15181809374299426
2026-06-05,-0.12550896604586692,-0.31126445705487416,-0.15181809374299426
2026-06-08,-0.12550896604586692,-0.31126445705487416,-0.15181809374299426
2026-06-09,-0.12550896604586692,-0.31126445705487416,-0.15181809374299426
2026-06-10,-0.12550896604586692,-0.31126445705487416,-0.15181809374299426
2026-06-11,-0.12550896604586692,-0.31126445705487416,-0.15181809374299426
2026-06-12,-0.12550896604586692,-0.31126445705487416,-0.15181809374299426
2026-06-15,-0.12550896604586692,-0.31126445705487416,-0.15181809374299426
2026-06-16,-0.12550896604586692,-0.31126445705487416,-0.15181809374299426
2026-06-17,-0.12550896604586692,-0.31126445705487416,-0.15181809374299426
2026-06-18,-0.12550896604586692,-0.31126445705487416,-0.15181809374299426
2026-06-19,-0.12550896604586692,-0.31126445705487416,-0.15181809374299426
2026-06-22,-0.12550896604586692,-0.31126445705487416,-0.15181809374299426
2026-06-23,-0.12550896604586692,-0.31126445705487416,-0.15181809374299426
2026-06-24,-0.12550896604586692,-0.31126445705487416,-0.15181809374299426
2026-06-25,-0.12550896604586692,-0.31126445705487416,-0.15181809374299426
2026-06-26,-0.12550896604586692,-0.31126445705487416,-0.15181809374299426
2026-06-29,-0.12550896604586692,-0.31126445705487416,-0.15181809374299426
2026-06-30,-0.12550896604586692,-0.31126445705487416,-0.15181809374299426
2026-07-01,-0.12550896604586692,-0.31126445705487416,-0.15181809374299426
2026-07-02,-0.12550896604586692,-0.31126445705487416,-0.15181809374299426
2026-07-03,-0.12550896604586692,-0.31126445705487416,-0.15181809374299426
2026-07-06,-0.12550896604586692,-0.31126445705487416,-0.15181809374299426
2026-07-07,-0.12550896604586692,-0.30897041911332357,-0.15181809374299426
2026-07-08,-0.12550896604586692,-0.27618554546710894,-0.15181809374299426
2026-07-09,-0.12550896604586692,-0.27618554546710894,-0.15181809374299426
2026-07-10,-0.12550896604586692,-0.2749208686777115,-0.15181809374299426
2026-07-13,-0.12550896604586692,-0.2722771885398768,-0.15181809374299426
2026-07-14,-0.12550896604586692,-0.26947154476458945,-0.15181809374299426
2026-07-15,-0.12550896604586692,-0.26433141942964644,-0.15181809374299426
2026-07-16,-0.12550896604586692,-0.26433141942964644,-0.15181809374299426
2026-07-17,-0.12550896604586692,-0.26433141942964644,-0.15181809374299426
2026-07-20,-0.12550896604586692,-0.2640345976971148,-0.15181809374299426
2026-07-21,-0.12550896604586692,-0.2640345976971148,-0.15181809374299426
2026-07-22,-0.12550896604586692,-0.2640345976971148,-0.15181809374299426
2026-07-23,-0.12550896604586692,-0.2640345976971148,-0.15181809374299426
2026-07-24,-0.12550896604586692,-0.2640345976971148,-0.15181809374299426
2026-07-27,-0.12550896604586692,-0.2640345976971148,-0.15181809374299426
2026-07-28,-0.12550896604586692,-0.2640345976971148,-0.15181809374299426
2026-07-29,-0.12550896604586692,-0.2640345976971148,-0.15181809374299426
2026-07-30,-0.12550896604586692,-0.2640345976971148,-0.15181809374299426
