Date,Adaptive Barbell Strategy,Fixed India 10 Portfolio,Nifty 50
2016-10-28,,,
2016-11-01,,,
2016-11-02,,,
2016-11-03,,,
2016-11-04,,,
2016-11-07,,,
2016-11-08,,,
2016-11-09,,,
2016-11-10,,,
2016-11-11,,,
2016-11-15,,,
2016-11-16,,,
2016-11-17,,,
2016-11-18,,,
2016-11-21,,,
2016-11-22,,,
2016-11-23,,,
2016-11-24,,,
2016-11-25,,,
2016-11-28,,,
2016-11-29,,,
2016-11-30,,,
2016-12-01,,,
2016-12-02,,,
2016-12-05,,,
2016-12-06,,,
2016-12-07,,,
2016-12-08,,,
2016-12-09,,,
2016-12-12,,,
2016-12-13,,,
2016-12-14,,,
2016-12-15,,,
2016-12-16,,,
2016-12-19,,,
2016-12-20,,,
2016-12-21,,,
2016-12-22,,,
2016-12-23,,,
2016-12-26,,,
2016-12-27,,,
2016-12-28,,,
2016-12-29,,,
2016-12-30,,,
2017-01-02,,,
2017-01-03,,,
2017-01-04,,,
2017-01-05,,,
2017-01-06,,,
2017-01-09,,,
2017-01-10,,,
2017-01-11,,,
2017-01-12,,,
2017-01-13,,,
2017-01-16,,,
2017-01-17,,,
2017-01-18,,,
2017-01-19,,,
2017-01-20,,,
2017-01-23,,,
2017-01-24,,,
2017-01-25,,,
2017-01-27,,,
2017-01-30,,,
2017-01-31,,,
2017-02-01,,,
2017-02-02,,,
2017-02-03,,,
2017-02-06,,,
2017-02-07,,,
2017-02-08,,,
2017-02-09,,,
2017-02-10,,,
2017-02-13,,,
2017-02-14,,,
2017-02-15,,,
2017-02-16,,,
2017-02-17,,,
2017-02-20,,,
2017-02-21,,,
2017-02-22,,,
2017-02-23,,,
2017-02-27,,,
2017-02-28,,,
2017-03-01,,,
2017-03-02,,,
2017-03-03,,,
2017-03-06,,,
2017-03-07,,,
2017-03-08,,,
2017-03-09,,,
2017-03-10,,,
2017-03-14,,,
2017-03-15,,,
2017-03-16,,,
2017-03-17,,,
2017-03-20,,,
2017-03-21,,,
2017-03-22,,,
2017-03-23,,,
2017-03-24,,,
2017-03-27,,,
2017-03-28,,,
2017-03-29,,,
2017-03-30,,,
2017-03-31,,,
2017-04-03,,,
2017-04-05,,,
2017-04-06,,,
2017-04-07,,,
2017-04-10,,,
2017-04-11,,,
2017-04-12,,,
2017-04-13,,,
2017-04-17,,,
2017-04-18,,,
2017-04-19,,,
2017-04-20,,,
2017-04-21,,,
2017-04-24,,,
2017-04-25,,,
2017-04-26,,,
2017-04-27,,,
2017-04-28,,,
2017-05-02,,,
2017-05-03,,,
2017-05-04,,,
2017-05-05,,,
2017-05-08,,,
2017-05-09,,,
2017-05-10,,,
2017-05-11,,,
2017-05-12,,,
2017-05-15,,,
2017-05-16,,,
2017-05-17,,,
2017-05-18,,,
2017-05-19,,,
2017-05-22,,,
2017-05-23,,,
2017-05-24,,,
2017-05-25,,,
2017-05-26,,,
2017-05-29,,,
2017-05-30,,,
2017-05-31,,,
2017-06-01,,,
2017-06-02,,,
2017-06-05,,,
2017-06-06,,,
2017-06-07,,,
2017-06-08,,,
2017-06-09,,,
2017-06-12,,,
2017-06-13,,,
2017-06-14,,,
2017-06-15,,,
2017-06-16,,,
2017-06-19,,,
2017-06-20,,,
2017-06-21,,,
2017-06-22,,,
2017-06-23,,,
2017-06-27,,,
2017-06-28,,,
2017-06-29,,,
2017-06-30,,,
2017-07-03,,,
2017-07-04,,,
2017-07-05,,,
2017-07-06,,,
2017-07-07,,,
2017-07-10,,,
2017-07-11,,,
2017-07-12,,,
2017-07-13,,,
2017-07-14,,,
2017-07-17,,,
2017-07-18,,,
2017-07-19,,,
2017-07-20,,,
2017-07-21,,,
2017-07-24,,,
2017-07-25,,,
2017-07-26,,,
2017-07-27,,,
2017-07-28,,,
2017-07-31,,,
2017-08-01,,,
2017-08-02,,,
2017-08-03,,,
2017-08-04,,,
2017-08-07,,,
2017-08-08,,,
2017-08-09,,,
2017-08-10,,,
2017-08-11,,,
2017-08-14,,,
2017-08-16,,,
2017-08-17,,,
2017-08-18,,,
2017-08-21,,,
2017-08-22,,,
2017-08-23,,,
2017-08-24,,,
2017-08-28,,,
2017-08-29,,,
2017-08-30,,,
2017-08-31,,,
2017-09-01,,,
2017-09-04,,,
2017-09-05,,,
2017-09-06,,,
2017-09-07,,,
2017-09-08,,,
2017-09-11,,,
2017-09-12,,,
2017-09-13,,,
2017-09-14,,,
2017-09-15,,,
2017-09-18,,,
2017-09-19,,,
2017-09-20,,,
2017-09-21,,,
2017-09-22,,,
2017-09-25,,,
2017-09-26,,,
2017-09-27,,,
2017-09-28,,,
2017-09-29,,,
2017-10-03,,,
2017-10-04,,,
2017-10-05,,,
2017-10-06,,,
2017-10-09,,,
2017-10-10,,,
2017-10-11,,,
2017-10-12,,,
2017-10-13,,,
2017-10-16,,,
2017-10-17,,,
2017-10-18,,,
2017-10-19,,,
2017-10-23,,,
2017-10-24,,,
2017-10-25,,,
2017-10-26,,,
2017-10-27,,,
2017-10-30,,,
2017-10-31,,,
2017-11-01,,,
2017-11-02,,,
2017-11-03,0.8368291609852385,0.8584456748689996,0.9999999999999997
2017-11-06,0.8376449492429325,0.8592521181043462,0.9999999999999997
2017-11-07,0.8393879286951722,0.8628755627632475,0.9999999999999996
2017-11-08,0.837324404904303,0.8602231309219256,0.9999999999999997
2017-11-09,0.8319449994608225,0.855269657976029,0.9999999999999996
2017-11-10,0.8386414089191914,0.8622393043981562,0.9999999999999996
2017-11-13,0.835145579636901,0.8607931427689691,0.9999999999999993
2017-11-14,0.8380966306964411,0.8633833461804786,0.9999999999999996
2017-11-15,0.8355234213262787,0.8611144012344103,0.9999999999999996
2017-11-16,0.8346298251658567,0.8612141065517087,0.9999999999999994
2017-11-17,0.8689152774351164,0.9008156462975806,0.9999999999999998
2017-11-20,0.8691022889896376,0.9010779838558358,0.9999999999999994
2017-11-21,0.868905917492976,0.9002528889196487,0.9999999999999997
2017-11-22,0.8686887551813791,0.9005063597275449,0.9999999999999997
2017-11-23,0.8671994473328716,0.9001097553016953,0.9999999999999998
2017-11-24,0.8685319975389499,0.9011105318184418,1.0
2017-11-27,0.8697281566695081,0.9025941399679154,0.9999999999999998
2017-11-28,0.8719073295255422,0.9060869415702462,1.0
2017-11-29,0.8721356031940917,0.9074572886845075,0.9999999999999998
2017-11-30,0.8641486671583745,0.8986999137804904,0.9999999999999997
2017-12-01,0.8715126376192612,0.9060917451930103,0.9999999999999998
2017-12-04,0.8703458147998202,0.9065186074899511,0.9999999999999994
2017-12-05,0.8683178772250075,0.9035816912457375,0.9999999999999994
2017-12-06,0.8705758497985342,0.9075654196364316,0.9999999999999996
2017-12-07,0.8696578675675167,0.9080752813099833,0.9999999999999994
2017-12-08,0.870072351351002,0.9088563090967972,0.9999999999999994
2017-12-11,0.8675235051544962,0.9051005674160334,0.9999999999999994
2017-12-12,0.8720022529102754,0.9094638932936819,0.9999999999999994
2017-12-13,0.8723988760933679,0.9102730825757811,0.9999999999999994
2017-12-14,0.8742451531145579,0.9129927262103509,0.9999999999999998
2017-12-15,0.8769062565650408,0.9149822436780665,0.9999999999999996
2017-12-18,0.8717856612025859,0.9107455362081811,0.9999999999999998
2017-12-19,0.8738781373710804,0.9126768754656569,0.9999999999999996
2017-12-20,0.8742512511689859,0.9124492928616715,0.9999999999999996
2017-12-21,0.873449019782817,0.9115097082244938,0.9999999999999996
2017-12-22,0.8741618077598211,0.9122331840208333,0.9999999999999996
2017-12-26,0.8725775689167156,0.9105843232791965,0.9999999999999996
2017-12-27,0.8670725290954757,0.9053303167774656,0.9999999999999994
2017-12-28,0.8675124037335387,0.905908465745092,0.9999999999999992
2017-12-29,0.8709729669734771,0.908774024860064,0.9999999999999993
2018-01-01,0.8748422720186347,0.9131873651828397,0.9999999999999993
2018-01-02,0.8709567967779861,0.9092286072124319,0.9999999999999993
2018-01-03,0.8739285671093043,0.9128036680370046,0.9999999999999998
2018-01-04,0.8768102963165806,0.9146409486843061,0.9999999999999998
2018-01-05,0.8818700340373683,0.9202411674464898,0.9999999999999993
2018-01-08,0.8773286695976498,0.9151433855087009,0.9999999999999993
2018-01-09,0.8773365641466553,0.9152966360097611,0.9999999999999993
2018-01-10,0.8820521531821963,0.9182966745706652,0.9999999999999991
2018-01-11,0.8818382861088562,0.9167195677993811,0.9999999999999989
2018-01-12,0.8805902693511372,0.9151889660040293,0.9999999999999996
2018-01-15,0.8771699540888782,0.9098102424865033,0.9999999999999998
2018-01-16,0.8803673496216835,0.9097971121029953,0.9999999999999993
2018-01-17,0.8768689046073004,0.9056576341739123,0.9999999999999998
2018-01-18,0.8767321804247077,0.9052098376053106,1.0
2018-01-19,0.875593922093652,0.9039886047170972,0.9999999999999996
2018-01-22,0.8763070871098068,0.9034018771335615,1.0000000000000002
2018-01-23,0.8668228972332793,0.8942339054226525,0.9999999999999998
2018-01-24,0.8679263207773363,0.8956357265461057,1.0
2018-01-25,0.8721811144342629,0.8971022178358006,0.9999999999999998
2018-01-29,0.8733977734148558,0.8974250833633274,0.9999999999999996
2018-01-30,0.8572703776978194,0.8746174850206884,0.9999999999999998
2018-01-31,0.8697192500036905,0.8855683538536991,0.9999999999999998
2018-02-01,0.870915551378808,0.887119098785436,0.9999999999999996
2018-02-02,0.8676962499849732,0.8870459180438396,1.0
2018-02-05,0.8730505937220701,0.8861332309836445,1.0
2018-02-06,0.8846480380582301,0.8980088226807281,1.0
2018-02-07,0.8861007649713628,0.8986701510744005,0.9999999999999998
2018-02-08,0.8906136935222816,0.9026650814333055,0.9999999999999998
2018-02-09,0.8878232820338819,0.8988747354118833,1.0000000000000002
2018-02-12,0.8968638453626887,0.9062606970242985,0.9999999999999998
2018-02-14,0.8969802571438201,0.9055232005744471,1.0
2018-02-15,0.8956848193000646,0.90349825286499,0.9999999999999998
2018-02-16,0.8950281898856788,0.9024712382390274,0.9999999999999996
2018-02-19,0.8997538503694054,0.9064534699307466,0.9999999999999998
2018-02-20,0.8999160214807548,0.9063896714316888,0.9999999999999998
2018-02-21,0.9009032110057557,0.906724168099506,0.9999999999999996
2018-02-22,0.9012365647832753,0.9067544597762237,0.9999999999999996
2018-02-23,0.8995456823357357,0.9066975935433791,0.9999999999999998
2018-02-26,0.8945467616622673,0.8999706106957451,0.9999999999999998
2018-02-27,0.8948116092902312,0.9004885540389158,0.9999999999999998
2018-02-28,0.8992761230614027,0.9039208647141351,0.9999999999999998
2018-03-01,0.8984765052027276,0.9031906487072949,0.9999999999999998
2018-03-05,0.8883730943819552,0.8907232673605706,0.9999999999999997
2018-03-06,0.8971136504275247,0.9001389979150719,0.9999999999999997
2018-03-07,0.9001916513428985,0.9040337838006351,0.9999999999999994
2018-03-08,0.9019927209016394,0.902773536332914,0.9999999999999994
2018-03-09,0.901783948366009,0.9023440668031187,0.9999999999999997
2018-03-12,0.8935483254324403,0.8967567039534253,0.9999999999999994
2018-03-13,0.8947322279692624,0.8978363123944277,0.9999999999999994
2018-03-14,0.894973737319716,0.8981452025855838,0.9999999999999994
2018-03-15,0.8921556696513213,0.8955415473080831,0.9999999999999994
2018-03-16,0.8841478942607932,0.8873223684050846,0.9999999999999993
2018-03-19,0.8728074603529347,0.8804639874838065,0.9999999999999994
2018-03-20,0.8726713575896478,0.8803387091440805,0.9999999999999993
2018-03-21,0.8693433569065043,0.8779126952310392,0.9999999999999993
2018-03-22,0.871431609135239,0.8805037300581152,0.9999999999999993
2018-03-23,0.8689223057842829,0.8785544963115752,0.9999999999999993
2018-03-26,0.8748423381007451,0.8843934942584551,0.9999999999999993
2018-03-27,0.8682529102081008,0.8770819318098532,0.9999999999999994
2018-03-28,0.8700173813153017,0.8800901076697274,0.9999999999999993
2018-04-02,0.870635786561117,0.8845454282053093,0.9999999999999991
2018-04-03,0.8739801917888984,0.8879189367412434,0.9999999999999994
2018-04-04,0.8712098448662554,0.8892005651473878,0.9999999999999994
2018-04-05,0.8567932787728989,0.879792273262567,0.9999999999999996
2018-04-06,0.8556508253863246,0.878871982396724,0.9999999999999993
2018-04-09,0.8555713794983867,0.8785352739208114,0.9999999999999992
2018-04-10,0.8540422260317839,0.8772713550533936,0.9999999999999993
2018-04-11,0.8538136016930494,0.8772416708568274,0.9999999999999993
2018-04-12,0.8534066328020714,0.8776287828347172,0.9999999999999997
2018-04-13,0.8552553974339753,0.8790548222173163,0.9999999999999993
2018-04-16,0.8567600475288756,0.8803269630217039,0.9999999999999993
2018-04-17,0.8559167252339727,0.8796767704572438,0.9999999999999994
2018-04-18,0.8564627855222217,0.8804019942150679,0.9999999999999993
2018-04-19,0.8557853357898897,0.8800547920374674,0.9999999999999993
2018-04-20,0.8549501989859263,0.8790006975733619,0.9999999999999993
2018-04-23,0.8552792909514084,0.8793973156653044,0.9999999999999994
2018-04-24,0.8560896203725886,0.8801439996454775,0.9999999999999997
2018-04-25,0.8536909412291174,0.8773174109656656,0.9999999999999997
2018-04-26,0.8530935855901234,0.8761285560297825,0.9999999999999997
2018-04-27,0.8535412402616521,0.8768559595790314,0.9999999999999997
2018-04-30,0.8555611531656657,0.8794249686527231,0.9999999999999997
2018-05-02,0.8571046301063627,0.8807494946903509,0.9999999999999994
2018-05-03,0.858262268965757,0.8824997726297288,0.9999999999999994
2018-05-04,0.8571936895170961,0.8811355783825092,0.9999999999999997
2018-05-07,0.8596869814588962,0.8815939731431229,0.9999999999999997
2018-05-08,0.8600031455281328,0.8818972876037128,0.9999999999999998
2018-05-09,0.8595542975623038,0.8821910233763574,0.9999999999999997
2018-05-10,0.8635779262176012,0.8863443040647455,0.9999999999999998
2018-05-11,0.8574960315168816,0.8778150936279,0.9999999999999997
2018-05-14,0.8577041337107141,0.8780372728766636,0.9999999999999997
2018-05-15,0.850983282973855,0.8701335503704599,0.9999999999999994
2018-05-16,0.8455563171752187,0.864238440890913,0.9999999999999994
2018-05-17,0.8442607281206407,0.8623048943275311,0.9999999999999998
2018-05-18,0.847886531972597,0.8657089596129733,0.9999999999999997
2018-05-21,0.8481835907764692,0.8660303228436782,0.9999999999999994
2018-05-22,0.8476122560681382,0.8653003524049167,0.9999999999999994
2018-05-23,0.8413097668497387,0.8602086948654976,0.9999999999999997
2018-05-24,0.8432588510116965,0.8624672041257889,0.9999999999999997
2018-05-25,0.8442348666292614,0.863345382919105,0.9999999999999996
2018-05-28,0.8415100435825199,0.8618465976087041,0.9999999999999993
2018-05-29,0.8344427735978338,0.8554166275896824,0.9999999999999993
2018-05-30,0.8264071121506555,0.8507911861641198,0.999999999999999
2018-05-31,0.8302190186277946,0.8503200472103672,0.9999999999999991
2018-06-01,0.8328497278808075,0.8524995728934417,0.9999999999999991
2018-06-04,0.8382743224782102,0.8584403142618844,0.9999999999999993
2018-06-05,0.8399403340193109,0.85941142433302,0.9999999999999991
2018-06-06,0.8433102622140018,0.8624412907883543,0.9999999999999993
2018-06-07,0.842981341146504,0.8628616118371781,0.9999999999999993
2018-06-08,0.8426239212386382,0.8628369181892093,0.9999999999999992
2018-06-11,0.8425331397667187,0.8626691531806211,0.9999999999999992
2018-06-12,0.8420792124469181,0.8620162120019775,0.9999999999999992
2018-06-13,0.8410275508786695,0.8609034489747472,0.9999999999999992
2018-06-14,0.8401977723367909,0.8611307091158643,0.9999999999999992
2018-06-15,0.8416649237063062,0.8620003765868515,0.9999999999999993
2018-06-18,0.8428056355929807,0.8634666450007049,0.9999999999999992
2018-06-19,0.8442009602929084,0.8635216392251029,0.9999999999999992
2018-06-20,0.8412524940418374,0.8605921530407717,0.9999999999999993
2018-06-21,0.8441463657395415,0.8627624677546323,0.9999999999999996
2018-06-22,0.8490006334769561,0.8662123875233234,0.9999999999999992
2018-06-25,0.8500897918178496,0.8660376648737653,0.9999999999999993
2018-06-26,0.8504398338094826,0.8667558644485892,0.9999999999999996
2018-06-27,0.851054069428259,0.8661806638626873,0.9999999999999996
2018-06-28,0.848695728030765,0.8652328411673755,0.9999999999999997
2018-06-29,0.8435924302688999,0.8626577194731186,0.9999999999999996
2018-07-02,0.8451797143767935,0.8644539059315669,0.9999999999999999
2018-07-03,0.84478455138491,0.864312613071627,0.9999999999999997
2018-07-04,0.8441963516160975,0.8631523022466951,1.0
2018-07-05,0.8463875022285995,0.8650376243296446,0.9999999999999999
2018-07-06,0.8466226627917253,0.8655884274355715,0.9999999999999999
2018-07-09,0.8482609032526124,0.8649295949613093,1.0
2018-07-10,0.8484720224364931,0.8667184421884884,0.9999999999999999
2018-07-11,0.8487542291859183,0.8668783558712353,0.9999999999999996
2018-07-12,0.8383880500266812,0.8581326146071115,0.9999999999999999
2018-07-13,0.8389021616231346,0.8586193923432255,0.9999999999999999
2018-07-16,0.8419172224006188,0.8616860411081739,1.0
2018-07-17,0.8361743364905436,0.855037717983571,0.9999999999999997
2018-07-18,0.8392168912201883,0.85854468012836,0.9999999999999997
2018-07-19,0.8391084500409978,0.8582143156376418,0.9999999999999999
2018-07-20,0.844441418506769,0.8639256555504903,1.0
2018-07-23,0.8416460695063614,0.8622797421665404,0.9999999999999997
2018-07-24,0.8453424557192584,0.8653623918030864,0.9999999999999999
2018-07-25,0.8488799090917905,0.8689245297802748,0.9999999999999997
2018-07-26,0.8469725064324339,0.8672687122624899,0.9999999999999999
2018-07-27,0.8414550377692513,0.8624030852410607,1.0
2018-07-30,0.8435603728477162,0.8649144943640833,0.9999999999999999
2018-07-31,0.8447220420825073,0.8670652418955372,0.9999999999999997
2018-08-01,0.8428677027107779,0.8652134281441669,0.9999999999999999
2018-08-02,0.8405378910556343,0.8627692989865866,0.9999999999999999
2018-08-03,0.8366395411185175,0.8586819986575006,0.9999999999999999
2018-08-06,0.8354100692709521,0.85778690577464,0.9999999999999997
2018-08-07,0.8398799038179602,0.8626466271934521,0.9999999999999996
2018-08-08,0.8411026831379516,0.864648788966855,0.9999999999999997
2018-08-09,0.8408028258350616,0.8642757085676758,0.9999999999999999
2018-08-10,0.8434699579518926,0.8664483674896043,0.9999999999999997
2018-08-13,0.8371970850881418,0.8613833621474741,0.9999999999999996
2018-08-14,0.8318807233743194,0.8540177309096557,0.9999999999999997
2018-08-16,0.8302230019260343,0.8532861052851018,0.9999999999999997
2018-08-17,0.828463520287274,0.8504181969305485,0.9999999999999997
2018-08-20,0.8333430475683509,0.8551969828846195,0.9999999999999997
2018-08-21,0.8331993816715606,0.8550745947616257,0.9999999999999996
2018-08-23,0.83818616306125,0.8595751471010319,0.9999999999999999
2018-08-24,0.8388316047744588,0.8609256840171211,0.9999999999999999
2018-08-27,0.8392350673040725,0.8595607515036503,0.9999999999999997
2018-08-28,0.8376553519312211,0.8573924403523506,0.9999999999999997
2018-08-29,0.8394195131532194,0.8591096456639231,0.9999999999999996
2018-08-30,0.8388703088109825,0.8576677776140528,0.9999999999999997
2018-08-31,0.8386705330267876,0.8578837981537303,0.9999999999999997
2018-09-03,0.8447033341968216,0.8646956005057964,0.9999999999999996
2018-09-04,0.8470285193999152,0.8674034269018435,0.9999999999999997
2018-09-05,0.8534862358824689,0.8764353942632909,0.9999999999999997
2018-09-06,0.850660383647843,0.8725038847532317,0.9999999999999996
2018-09-07,0.8542060350339268,0.8755652373870609,0.9999999999999997
2018-09-10,0.8561459899179286,0.8749530565160233,0.9999999999999997
2018-09-11,0.856552187001858,0.8764661052245875,0.9999999999999997
2018-09-12,0.8576450680436325,0.8777667303974781,0.9999999999999996
2018-09-14,0.8544337317635279,0.8737723357104779,0.9999999999999996
2018-09-17,0.8440628556719145,0.8635585670126845,0.9999999999999992
2018-09-18,0.8422995540093812,0.8605926802711614,0.9999999999999992
2018-09-19,0.8421890530650044,0.8607126409313678,0.9999999999999993
2018-09-21,0.8362675336067819,0.856474760702313,0.9999999999999993
2018-09-24,0.8405440136177558,0.8540743306774914,0.9999999999999996
2018-09-25,0.8344041246375445,0.8484016017529122,0.9999999999999994
2018-09-26,0.8335624138496188,0.8473333619726371,0.9999999999999992
2018-09-27,0.8323527222040402,0.8455693451323362,0.9999999999999994
2018-09-28,0.8317867711090642,0.8454387252827651,0.9999999999999992
2018-10-01,0.8287920693488889,0.844513022269928,0.9999999999999991
2018-10-03,0.8406240073492102,0.8535173374469545,0.9999999999999992
2018-10-04,0.823741143218586,0.8411722333480502,0.9999999999999992
2018-10-05,0.8029753990013834,0.8161982799017686,0.9999999999999992
2018-10-08,0.8002495973530229,0.8130957571491596,0.9999999999999993
2018-10-09,0.8059896262748765,0.8196042995091786,0.9999999999999993
2018-10-10,0.8021252674529464,0.8159207590842531,0.9999999999999994
2018-10-11,0.8059744052119248,0.8137863245892234,0.9999999999999993
2018-10-12,0.7962234264178993,0.7994760787665752,0.9999999999999992
2018-10-15,0.7939606649647903,0.7971784759272528,0.9999999999999992
2018-10-16,0.7979283273226666,0.8014738614635089,0.9999999999999991
2018-10-17,0.8001740437173104,0.8025634517465247,0.9999999999999993
2018-10-19,0.7909451193522393,0.7922505394509856,0.9999999999999996
2018-10-22,0.7843277444204227,0.7857569658295436,0.9999999999999992
2018-10-23,0.7807828422973577,0.7823704294223702,0.9999999999999993
2018-10-24,0.7832221264336066,0.7852886737526442,0.9999999999999993
2018-10-25,0.7865262772300557,0.7884645710051894,0.9999999999999994
2018-10-26,0.7860652047403182,0.7874403505742582,0.9999999999999992
2018-10-29,0.7814859093835173,0.7779357839357659,0.9999999999999993
2018-10-30,0.7797435867371166,0.7750931192389473,0.9999999999999992
2018-10-31,0.7841865156866291,0.7782461584583819,0.9999999999999993
2018-11-01,0.7869878326076015,0.7808037018029854,0.9999999999999993
2018-11-02,0.7831391540289947,0.7790063219749244,0.9999999999999992
2018-11-05,0.7820735916706908,0.7784005944659734,0.9999999999999992
2018-11-06,0.7830280928116274,0.7794071459409235,0.9999999999999993
2018-11-07,0.7792813080775709,0.776788261729157,0.9999999999999993
2018-11-09,0.7795450761736635,0.7768465543715071,0.9999999999999993
2018-11-12,0.7809307351322623,0.780896275236985,0.9999999999999993
2018-11-13,0.7777252169111228,0.7784775342048043,0.9999999999999993
2018-11-14,0.7753041848454482,0.7750554595193344,0.9999999999999994
2018-11-15,0.7770576245133858,0.776966844049136,0.9999999999999994
2018-11-16,0.7772533324939503,0.7773842802876444,0.9999999999999994
2018-11-19,0.7773992032470198,0.7786039572031868,0.9999999999999996
2018-11-20,0.7772532398660331,0.7792001862870725,0.9999999999999994
2018-11-21,0.776690501009661,0.7796639026634691,0.9999999999999994
2018-11-22,0.775637341789945,0.7799470954740602,0.9999999999999994
2018-11-26,0.7758951414354402,0.7849542449374023,0.9999999999999993
2018-11-27,0.7759621481323499,0.784462990380656,0.9999999999999992
2018-11-28,0.7751308438842168,0.7838111790140008,0.9999999999999994
2018-11-29,0.7710379642582696,0.7799927112852986,0.9999999999999997
2018-11-30,0.7707617541456547,0.7795317071246256,0.9999999999999996
2018-12-03,0.7705087612248008,0.7794189211531974,0.9999999999999994
2018-12-04,0.7712357698324875,0.7802177519214172,0.9999999999999994
2018-12-05,0.7738789107126607,0.780523157698292,0.9999999999999994
2018-12-06,0.7707570166178489,0.7794208009861737,0.9999999999999993
2018-12-07,0.7689237577201734,0.77761256798984,0.9999999999999998
2018-12-10,0.7753705370376907,0.783311965885092,0.9999999999999996
2018-12-11,0.7731994537801516,0.7805891025166414,0.9999999999999996
2018-12-12,0.7826772755779908,0.7895820102277826,0.9999999999999998
2018-12-13,0.7841836484052459,0.7910379749104349,0.9999999999999996
2018-12-14,0.7836521392411685,0.7905264102833025,0.9999999999999993
2018-12-17,0.7796305417868222,0.784904177604564,0.9999999999999996
2018-12-18,0.7793088095205409,0.7839648255912504,0.9999999999999998
2018-12-19,0.7785495210696733,0.7836127334786173,0.9999999999999996
2018-12-20,0.774998913716039,0.7804384932332382,0.9999999999999998
2018-12-21,0.7742055225137403,0.780796860527472,0.9999999999999993
2018-12-24,0.7759995397877899,0.7816609840911252,0.9999999999999993
2018-12-26,0.7761318049254001,0.7815816888065312,0.9999999999999993
2018-12-27,0.7736948691609454,0.7792493217813901,0.9999999999999991
2018-12-28,0.7760817031753658,0.7806157315360441,0.9999999999999993
2018-12-31,0.776247083878257,0.7808221621795054,0.9999999999999993
2019-01-01,0.7761835651225254,0.7807418491121682,0.9999999999999991
2019-01-02,0.7774182315832905,0.7813918612789049,0.9999999999999993
2019-01-03,0.7803685355063412,0.7833026689749293,0.9999999999999993
2019-01-04,0.7804038978482947,0.7833574131194924,0.9999999999999993
2019-01-07,0.7804115885625391,0.7833843252574698,0.9999999999999996
2019-01-08,0.778942564738632,0.7819306594988086,0.9999999999999996
2019-01-09,0.7783722178365396,0.7816244765775243,0.9999999999999996
2019-01-10,0.7790523904338124,0.7821774212405533,0.9999999999999998
2019-01-11,0.7797954230903615,0.7830676251055807,0.9999999999999998
2019-01-14,0.7795035993969571,0.7829480028213717,0.9999999999999996
2019-01-15,0.7729860016081869,0.7779161053398067,0.9999999999999996
2019-01-16,0.7750766690910851,0.7801819052577296,0.9999999999999993
2019-01-17,0.7753223204052679,0.7804411089984064,0.9999999999999993
2019-01-18,0.7754295585496721,0.7805038329164563,0.9999999999999993
2019-01-21,0.7752402852569207,0.7801981769858182,0.9999999999999993
2019-01-22,0.7766541373263642,0.7817299201306087,0.9999999999999993
2019-01-23,0.7788476593819776,0.7838227815245457,0.9999999999999996
2019-01-24,0.7781030131736643,0.7828386651813475,0.9999999999999992
2019-01-25,0.7798987832878662,0.7841594618768571,0.9999999999999993
2019-01-28,0.7758328082992509,0.7801575231951692,0.9999999999999996
2019-01-29,0.7760884852438207,0.7802871918435335,0.9999999999999993
2019-01-30,0.7754016907592276,0.780284587725341,0.9999999999999996
2019-01-31,0.7778800779885585,0.7826889468167999,0.9999999999999996
2019-02-01,0.7781919093181805,0.7843503908739711,0.9999999999999993
2019-02-04,0.7775367033943621,0.7836373604703903,0.9999999999999993
2019-02-05,0.7770117270803163,0.7836709368237011,0.9999999999999996
2019-02-06,0.7748425845350699,0.7834418323495975,0.9999999999999998
2019-02-07,0.77388620260275,0.7824034580806696,0.9999999999999996
2019-02-08,0.7739794614291197,0.7846701601562811,0.9999999999999992
2019-02-11,0.7742390302303646,0.7843973955996314,0.9999999999999991
2019-02-12,0.7709614770813057,0.7828818805452896,0.9999999999999993
2019-02-14,0.7758148671047536,0.7890294677865312,0.9999999999999993
2019-02-15,0.7750543258431031,0.7888697308693102,0.9999999999999993
2019-02-18,0.7725868957983275,0.788950704439331,0.9999999999999991
2019-02-19,0.7740440134891746,0.7910833638745566,0.9999999999999993
2019-02-20,0.7686117028517423,0.7872730174839019,0.9999999999999993
2019-02-21,0.7683569455556506,0.7878376568528146,0.9999999999999993
2019-02-22,0.7690048643111401,0.7889449215670177,0.9999999999999991
2019-02-25,0.7689275395656279,0.7905838001387226,0.9999999999999989
2019-02-26,0.7657513168940279,0.7874976862459312,0.9999999999999989
2019-02-27,0.764312421119347,0.7862450313259923,0.9999999999999989
2019-02-28,0.7662786113283891,0.7883767513783445,0.9999999999999991
2019-03-01,0.7665765615741369,0.7891648394899854,0.9999999999999987
2019-03-05,0.7640841680807733,0.7873063711095415,0.9999999999999991
2019-03-06,0.7606921139711352,0.7849756033275808,0.9999999999999991
2019-03-07,0.7614984600090376,0.7858427538158419,0.9999999999999993
2019-03-08,0.7600234696836836,0.7849327000704733,0.9999999999999993
2019-03-11,0.7634626966841217,0.7911644638504179,0.9999999999999993
2019-03-12,0.7739307107885648,0.8053983757108866,0.9999999999999993
2019-03-13,0.768655160821002,0.8001675420742459,0.9999999999999993
2019-03-14,0.7664280354368346,0.7972838872565781,0.9999999999999993
2019-03-15,0.7631689980805587,0.7965650273952104,0.9999999999999993
2019-03-18,0.7620572817310521,0.795186727909276,0.9999999999999998
2019-03-19,0.7629577855812272,0.7957287121198869,0.9999999999999993
2019-03-20,0.7630643089646102,0.7960541903150523,0.9999999999999996
2019-03-22,0.7621366176763946,0.7959547012847575,0.9999999999999993
2019-03-25,0.7616005422704094,0.7962360524662773,0.9999999999999996
2019-03-26,0.7636769463391002,0.8005212933251549,0.9999999999999993
2019-03-27,0.7687426650748388,0.8042132984868717,0.9999999999999993
2019-03-28,0.7645511407767416,0.8000673122384729,0.9999999999999996
2019-04-01,0.7655129218795201,0.7993898667781765,0.9999999999999993
2019-04-02,0.766588776521243,0.7998810936649742,0.9999999999999996
2019-04-03,0.7723968256289059,0.8042984362427397,0.9999999999999993
2019-04-04,0.7677915857723078,0.8005667971765134,0.9999999999999994
2019-04-05,0.7679394242229601,0.801535091333712,0.9999999999999994
2019-04-08,0.7673811567878919,0.7998256333753779,0.9999999999999994
2019-04-09,0.7667099495693174,0.7967230321399243,0.9999999999999994
2019-04-10,0.7663077561940537,0.7964628462512287,0.9999999999999996
2019-04-11,0.7669430595834253,0.794558806354171,0.9999999999999996
2019-04-12,0.7733969153425649,0.7980139884365519,0.9999999999999996
2019-04-15,0.7745407010166369,0.7994669419448596,0.9999999999999994
2019-04-16,0.7746188371689705,0.8001121534694475,0.9999999999999991
2019-04-18,0.7757796699315934,0.8007450855494743,0.9999999999999992
2019-04-22,0.7715903202211295,0.7938916529469133,0.9999999999999992
2019-04-23,0.7723582646692788,0.7941139849284462,0.9999999999999992
2019-04-24,0.7701246987648355,0.792293168555123,0.9999999999999993
2019-04-25,0.7689630324545869,0.7904763348744476,0.9999999999999992
2019-04-26,0.7665845198139397,0.7875803259835329,0.9999999999999991
2019-04-30,0.7664183448768935,0.7872198119616799,0.9999999999999991
2019-05-02,0.765096042070496,0.7858800113765397,0.999999999999999
2019-05-03,0.7646846590208294,0.7858237497425775,0.9999999999999991
2019-05-06,0.7638459293116102,0.7850889880780368,0.9999999999999989
2019-05-07,0.7616404638873422,0.7823262306177688,0.9999999999999991
2019-05-08,0.7582099068633177,0.7779527405089117,0.9999999999999993
2019-05-09,0.7589400143655912,0.7784286560446562,0.9999999999999993
2019-05-10,0.7602408892798149,0.7802701609322339,0.9999999999999993
2019-05-13,0.7666910836230038,0.7834853708847986,0.9999999999999993
2019-05-14,0.7706892973081144,0.7853261016860102,0.9999999999999993
2019-05-15,0.773597117206325,0.7875455514640654,0.9999999999999989
2019-05-16,0.7732899907010787,0.788373058508065,0.9999999999999993
2019-05-17,0.7735024283830172,0.7891012515474533,0.9999999999999989
2019-05-20,0.7878473903186058,0.7968310346516092,0.9999999999999988
2019-05-21,0.7889900283078013,0.7970981052234282,0.9999999999999992
2019-05-22,0.78892743324538,0.7968309144944022,0.9999999999999992
2019-05-23,0.791206797359748,0.8014496101726921,0.9999999999999992
2019-05-24,0.8010301042694226,0.8071932092911254,0.999999999999999
2019-05-27,0.8027439479088773,0.8087276727023949,0.999999999999999
2019-05-28,0.80615677396755,0.812346783399691,0.999999999999999
2019-05-29,0.8056465647755052,0.811343474896592,0.9999999999999992
2019-05-30,0.804718597946771,0.8107491121061198,0.999999999999999
2019-05-31,0.8036474430550694,0.8094423324461861,0.9999999999999992
2019-06-03,0.809760266652103,0.8158907652018332,0.9999999999999992
2019-06-04,0.812304884856643,0.8183345027438205,0.9999999999999994
2019-06-06,0.8120325601568389,0.8166889503641587,0.9999999999999994
2019-06-07,0.8110816828625202,0.8158560555935898,0.9999999999999994
2019-06-10,0.8122336842789077,0.8167681624516767,0.9999999999999997
2019-06-11,0.8140527343976394,0.8182056636790651,0.9999999999999998
2019-06-12,0.8156544525273312,0.8189440896523347,0.9999999999999997
2019-06-13,0.814878752131778,0.8206374005707486,0.9999999999999998
2019-06-14,0.8117850220871727,0.8180197449128321,0.9999999999999997
2019-06-17,0.8101439382780069,0.8152969395363,0.9999999999999997
2019-06-18,0.8096476651422613,0.8151685905744059,0.9999999999999997
2019-06-19,0.807561735352761,0.8132358636818657,0.9999999999999997
2019-06-20,0.8101345578197323,0.8146779534983061,0.9999999999999994
2019-06-21,0.811126789945272,0.8160687684390818,0.9999999999999997
2019-06-24,0.8092795291568575,0.814295117976129,0.9999999999999997
2019-06-25,0.8079520913852422,0.8125723565542886,0.9999999999999998
2019-06-26,0.8090114362321946,0.8132668760298507,1.0
2019-06-27,0.8090900028967516,0.8128316876313119,1.0000000000000002
2019-06-28,0.8097447294686457,0.8132670924579022,1.0000000000000004
2019-07-01,0.8098782987357942,0.8134111194407597,1.0000000000000004
2019-07-02,0.8094049721446027,0.8136509514988343,1.0000000000000002
2019-07-03,0.8096774176188294,0.8142972431219839,1.0000000000000004
2019-07-04,0.8082088095382608,0.813115739991536,1.0000000000000002
2019-07-05,0.812449400452427,0.8174526690302256,1.0000000000000004
2019-07-08,0.82269926364438,0.825773654911245,1.0
2019-07-09,0.8222823876175033,0.8254642084148915,1.0000000000000004
2019-07-10,0.8235299236596716,0.8273253081439549,1.0000000000000002
2019-07-11,0.8276694574836185,0.8303888277623162,1.0000000000000002
2019-07-12,0.8288483943438818,0.8307314079702245,1.0000000000000004
2019-07-15,0.8270219611303701,0.8289761944981948,1.0000000000000004
2019-07-16,0.8268102647576878,0.8282002631278369,1.0000000000000004
2019-07-17,0.8268928650969959,0.828694053704592,1.0
2019-07-18,0.830651851245312,0.8316880882996371,1.0
2019-07-19,0.8276365230256001,0.829126862938941,1.0000000000000002
2019-07-22,0.8273823174594288,0.8307340078323772,1.0
2019-07-23,0.8267155215306146,0.8290481231005641,1.0000000000000002
2019-07-24,0.826484697998042,0.8284760054731609,1.0000000000000002
2019-07-25,0.8278962510204908,0.8303436987945999,1.0000000000000002
2019-07-26,0.8272943025161632,0.8297229151072535,1.0000000000000007
2019-07-29,0.8296601007483325,0.8307144489579842,1.0000000000000004
2019-07-30,0.8235958682506811,0.8253940176920804,1.0000000000000004
2019-07-31,0.8229977150453396,0.8243140715659326,1.0000000000000004
2019-08-01,0.8200900946126122,0.8184427464380113,1.0000000000000004
2019-08-02,0.8206207493486085,0.8188753568168164,1.0000000000000004
2019-08-05,0.8166314263777859,0.8148728852278935,1.0000000000000004
2019-08-06,0.8152136458288248,0.8131583817667188,1.0000000000000004
2019-08-07,0.8142906041651976,0.8126698506339378,1.0000000000000007
2019-08-08,0.8120679904616391,0.8128994149218245,1.0000000000000004
2019-08-09,0.8152456757849196,0.8172336147920993,1.0000000000000004
2019-08-13,0.8159801721881588,0.8209616136603667,1.0000000000000004
2019-08-14,0.8135173713598394,0.8181199138348542,1.0000000000000004
2019-08-16,0.8141618528214634,0.819059273316428,1.0000000000000004
2019-08-19,0.8135259363313614,0.8184516753826551,1.0000000000000004
2019-08-20,0.8147299018511205,0.81894759613319,1.0000000000000004
2019-08-21,0.8138069208237605,0.8187645403633187,1.0000000000000004
2019-08-22,0.8045768464940183,0.8102142742165076,1.0000000000000004
2019-08-23,0.8056944456783794,0.8105530795105496,1.0000000000000004
2019-08-26,0.7995676672254578,0.8086149881727971,1.0000000000000004
2019-08-27,0.7981047569583892,0.8069090708841609,1.0000000000000002
2019-08-28,0.799810368392731,0.8084147924523946,1.0000000000000004
2019-08-29,0.798161748323743,0.8076722604532457,1.0
2019-08-30,0.7980756147102672,0.8081789052387279,1.0000000000000002
2019-09-03,0.79652512003267,0.8120937747221982,1.0000000000000002
2019-09-04,0.7969512183656295,0.8139718738188433,1.0000000000000002
2019-09-05,0.7970782671019461,0.8140389884270396,1.0000000000000002
2019-09-06,0.7945801340630692,0.811514335342259,1.0000000000000004
2019-09-09,0.7948381558475068,0.811976706039339,1.0000000000000004
2019-09-11,0.7933345255968292,0.8112292454159962,1.0
2019-09-12,0.7934860843668257,0.8119485824920243,1.0
2019-09-13,0.7899727876961028,0.808419050061335,1.0
2019-09-16,0.7893661969646917,0.8083116537371183,1.0
2019-09-17,0.7845583049005114,0.8054124510989806,0.9999999999999999
2019-09-18,0.7814324075105393,0.8019574915636284,0.9999999999999999
2019-09-19,0.7788063363597331,0.8008419062486869,0.9999999999999999
2019-09-20,0.7640234640094754,0.8229776081006877,0.9999999999999999
2019-09-23,0.7536997540576782,0.8190105309625094,1.0000000000000002
2019-09-24,0.752110182363123,0.8176258672522688,1.0
2019-09-25,0.7465330157490769,0.8126200135736674,1.0000000000000002
2019-09-26,0.7435964655345828,0.8089462946955884,1.0
2019-09-27,0.7437336642114525,0.8099167601170427,1.0000000000000002
2019-09-30,0.7424048592608187,0.8099378111007436,1.0
2019-10-01,0.7449818693800682,0.8107025259971207,1.0000000000000002
2019-10-03,0.7445988920723283,0.8108623994265892,1.0000000000000002
2019-10-04,0.7456890406522834,0.8120333832791852,1.0000000000000002
2019-10-07,0.7486300512223084,0.8142778330813907,1.0
2019-10-09,0.7494106265991378,0.8175999025485596,1.0
2019-10-10,0.7498275870041026,0.818934957436414,1.0000000000000002
2019-10-11,0.7501134162834975,0.8193017880425316,1.0000000000000002
2019-10-14,0.7516154847145844,0.8208047389407854,1.0
2019-10-15,0.7492552243962113,0.8188929653471445,1.0
2019-10-16,0.7492173982538647,0.8178440239384024,1.0000000000000002
2019-10-17,0.7410933397837546,0.8111089442824471,1.0000000000000002
2019-10-18,0.7485898635523118,0.8176970059771058,1.0
2019-10-22,0.7563259962995781,0.8287422282007556,0.9999999999999999
2019-10-23,0.757424061379732,0.8301429816039736,1.0
2019-10-24,0.7556036104327543,0.828023799830353,1.0000000000000002
2019-10-25,0.7575569005475878,0.8305014234275826,0.9999999999999999
2019-10-27,0.7539135895967752,0.8315122012284266,1.0
2019-10-29,0.7484342742612788,0.8304813538694006,1.0000000000000002
2019-10-30,0.7509056567765572,0.8327399493210216,1.0
2019-10-31,0.7483639067366451,0.8301280921134507,0.9999999999999999
2019-11-01,0.7471429241417952,0.8301374366607226,1.0
2019-11-04,0.7490545927736443,0.8332886087157848,1.0
2019-11-05,0.7503926401868583,0.8342300765709888,0.9999999999999999
2019-11-06,0.7467480620925965,0.8308923047058742,0.9999999999999999
2019-11-07,0.7447728562240286,0.8285402523097435,0.9999999999999999
2019-11-08,0.7484680901858874,0.8324177164674803,0.9999999999999997
2019-11-11,0.749797239366541,0.8345382326887298,0.9999999999999997
2019-11-13,0.7512413306181702,0.8407886615352377,1.0
2019-11-14,0.7518809229251029,0.8423397270776461,0.9999999999999999
2019-11-15,0.752886786088054,0.8450229587005639,0.9999999999999998
2019-11-18,0.7526385855803847,0.8449964637172676,0.9999999999999998
2019-11-19,0.7556822200285218,0.8471093953669765,1.0
2019-11-20,0.7548388942207805,0.8453358151468336,1.0
2019-11-21,0.7548867043413412,0.8451622650640465,1.0
2019-11-22,0.7547906625364975,0.8449654835362586,0.9999999999999998
2019-11-25,0.7546868962292832,0.8450006810724671,1.0
2019-11-26,0.7565771385904418,0.8446440622940887,1.0
2019-11-27,0.758425520759318,0.84628734791766,1.0
2019-11-28,0.7589356816901776,0.8466222141627956,1.0000000000000002
2019-11-29,0.7593221534191212,0.8468679926633654,1.0
2019-12-02,0.7590118367560186,0.8464899380453845,1.0000000000000002
2019-12-03,0.7599881990028347,0.8465237925110634,1.0
2019-12-04,0.7608680810976142,0.8462054181401035,1.0
2019-12-05,0.7607028945764469,0.8453725086891957,1.0
2019-12-06,0.759640940735138,0.8431871514894281,0.9999999999999998
2019-12-09,0.7573129987276304,0.8376730224680758,1.0
2019-12-10,0.7593787082377349,0.8388223850838774,1.0
2019-12-11,0.7587294479177275,0.8381012961827218,1.0
2019-12-12,0.761266846042979,0.8406369613764061,0.9999999999999998
2019-12-13,0.7603258943251294,0.838966345340168,0.9999999999999998
2019-12-16,0.7597972468896887,0.8385575460265077,0.9999999999999998
2019-12-17,0.759610623774052,0.8385333992184577,1.0
2019-12-18,0.7569331351794156,0.8375543821300552,1.0000000000000002
2019-12-19,0.7593797086262148,0.8396855450550543,1.0
2019-12-20,0.760830788289795,0.8414438393602081,0.9999999999999998
2019-12-23,0.757734334147014,0.8403850178672793,1.0
2019-12-24,0.7556200672532717,0.8389259180048266,0.9999999999999998
2019-12-26,0.7490250989936446,0.8332915709363228,1.0
2019-12-27,0.751081848403388,0.8347443885531044,0.9999999999999998
2019-12-30,0.7510560196513577,0.8346876737720211,1.0000000000000002
2019-12-31,0.7521709218801851,0.8370979572588833,1.0
2020-01-01,0.7519659344348646,0.837065595193499,0.9999999999999997
2020-01-02,0.753587604447012,0.8382810430727027,0.9999999999999998
2020-01-03,0.7546003953685291,0.8389508056752483,0.9999999999999997
2020-01-06,0.7533325117209692,0.8349169103431029,0.9999999999999998
2020-01-07,0.7526367168900574,0.835071518699935,1.0
2020-01-08,0.7522516568511921,0.8347372000018967,0.9999999999999998
2020-01-09,0.7517594954001502,0.8326711837968496,0.9999999999999997
2020-01-10,0.7492555681264702,0.8310019696927544,0.9999999999999998
2020-01-13,0.7503511102076496,0.8313474946746751,0.9999999999999997
2020-01-14,0.7509576262810085,0.8320439877862477,0.9999999999999997
2020-01-15,0.7471848858177731,0.8288279488602192,0.9999999999999993
2020-01-16,0.744776055602475,0.8278643253449997,0.9999999999999997
2020-01-17,0.7445106685901931,0.8278783376711224,0.9999999999999994
2020-01-20,0.7399522623996451,0.8230462079665068,0.9999999999999994
2020-01-21,0.7410063890418715,0.8241464054346181,0.9999999999999997
2020-01-22,0.7419085205459455,0.8243996613972929,0.9999999999999998
2020-01-23,0.7439231705195405,0.82592207073531,0.9999999999999994
2020-01-24,0.7417613215492829,0.8235204212734029,0.9999999999999994
2020-01-27,0.7426611018325033,0.8244889881810588,0.9999999999999993
2020-01-28,0.7458319347232361,0.8259996828022098,0.9999999999999991
2020-01-29,0.745090493362273,0.8247061577326192,0.9999999999999993
2020-01-30,0.7443213469558343,0.8239083460918447,0.9999999999999991
2020-01-31,0.7479067734935883,0.8256371357314128,0.9999999999999991
2020-02-03,0.7345456326481444,0.8054093480697893,0.9999999999999991
2020-02-04,0.7319212183569264,0.7971838456933749,0.9999999999999993
2020-02-05,0.7308503098172248,0.7958287487008133,0.9999999999999994
2020-02-06,0.7312753983892379,0.7959747805848493,0.9999999999999994
2020-02-07,0.7284357130991062,0.7920196663200472,0.9999999999999998
2020-02-10,0.7323063874828876,0.7935622146361053,0.9999999999999994
2020-02-11,0.72922847567565,0.7900394585698177,0.9999999999999994
2020-02-12,0.7327592695004549,0.7946723561491239,0.9999999999999997
2020-02-13,0.7325895562462477,0.7947924438202463,0.9999999999999991
2020-02-14,0.7313636446838822,0.7920282388492701,0.9999999999999993
2020-02-17,0.7321871922327843,0.7928553935999143,0.9999999999999991
2020-02-18,0.7332916888809711,0.7942059096070886,0.9999999999999993
2020-02-19,0.7387207393211449,0.8011677964891218,0.9999999999999991
2020-02-20,0.7388652343717477,0.8015262627200034,0.9999999999999991
2020-02-24,0.7358485461242703,0.7920989948762456,0.9999999999999993
2020-02-25,0.7358299935741384,0.7913709929170124,0.9999999999999994
2020-02-26,0.7396029318249011,0.7952023113924876,0.9999999999999993
2020-02-27,0.7379912515312752,0.7925678016860973,0.9999999999999991
2020-02-28,0.7397679379419074,0.785214703093721,0.9999999999999993
2020-03-02,0.738768500910808,0.782879881313612,0.9999999999999992
2020-03-03,0.73900220771819,0.7809166454999407,0.9999999999999992
2020-03-04,0.7405949262051613,0.7840784257861723,0.9999999999999992
2020-03-05,0.7411268771165701,0.7845815884208521,0.9999999999999993
2020-03-06,0.7307020164877895,0.7736874631124394,0.9999999999999996
2020-03-09,0.715207366835636,0.7814996629846387,0.9999999999999992
2020-03-11,0.7151997072908549,0.7817202003984597,0.9999999999999993
2020-03-12,0.6993713802846772,0.8123485048253298,0.9999999999999993
2020-03-13,0.6929673315553562,0.8020725054369471,0.9999999999999993
2020-03-16,0.6657194711682742,0.7900797177373617,0.9999999999999993
2020-03-17,0.6611116260298825,0.7871036535697241,0.9999999999999998
2020-03-18,0.6635318277824616,0.8066130316299718,0.9999999999999999
2020-03-19,0.6624120928415239,0.8089819450231236,0.9999999999999999
2020-03-20,0.6537629553190717,0.8287401472988084,0.9999999999999997
2020-03-23,0.6361405001672052,0.8557127551300702,0.9999999999999998
2020-03-24,0.6278482074557583,0.8489630239663094,0.9999999999999996
2020-03-25,0.6227953502548894,0.8521538948461127,0.9999999999999998
2020-03-26,0.6294485254560716,0.8694576515648673,0.9999999999999998
2020-03-27,0.6289051716456106,0.868645404554064,1.0
2020-03-30,0.6272425680836553,0.8664199579163958,1.0
2020-03-31,0.627008858445904,0.8700808107911525,0.9999999999999997
2020-04-01,0.6305622138545982,0.8763679928585455,0.9999999999999997
2020-04-03,0.6263150266118258,0.8738570244890377,0.9999999999999997
2020-04-07,0.6215868241713559,0.871516370819776,0.9999999999999999
2020-04-08,0.6216235607641146,0.8716517159274386,0.9999999999999999
2020-04-09,0.6227698990254249,0.8638381683470643,0.9999999999999997
2020-04-13,0.6222501421035854,0.8638668997197795,0.9999999999999999
2020-04-15,0.6219351842698869,0.8632747357395094,1.0
2020-04-16,0.6213699078815481,0.8623281895495288,0.9999999999999999
2020-04-17,0.617950214984663,0.8590267013027482,0.9999999999999997
2020-04-20,0.6177780233507869,0.858797972722603,0.9999999999999996
2020-04-21,0.6155997390883512,0.8558046460587202,0.9999999999999999
2020-04-22,0.612827043145079,0.8527686759519119,0.9999999999999997
2020-04-23,0.612183617431674,0.8523607165721402,0.9999999999999996
2020-04-24,0.6115127912332134,0.852307411039622,0.9999999999999999
2020-04-27,0.6103546935852001,0.8512033894221301,0.9999999999999997
2020-04-28,0.6088739967387219,0.8493378157133458,0.9999999999999997
2020-04-29,0.6080903981748039,0.8471004177369627,0.9999999999999996
2020-04-30,0.6060095938716102,0.8446152211137142,0.9999999999999997
2020-05-04,0.596978315578891,0.8383914015475011,0.9999999999999999
2020-05-05,0.5968775154604135,0.8392694029852877,0.9999999999999999
2020-05-06,0.5969577173144778,0.8389553361913673,0.9999999999999999
2020-05-07,0.597589924596385,0.8402039725274149,0.9999999999999997
2020-05-08,0.5972711564461541,0.8403078328687869,1.0
2020-05-11,0.5975495867059967,0.8409403186679739,1.0
2020-05-12,0.5972091306589188,0.8406688131670789,0.9999999999999996
2020-05-13,0.5966659038351708,0.8392370576902697,1.0
2020-05-14,0.5958864318100597,0.8376404059008367,0.9999999999999999
2020-05-15,0.5957184994825564,0.8376420561469803,1.0
2020-05-18,0.5959523826149868,0.8383723900473395,1.0
2020-05-19,0.5969857288365203,0.8394844930011118,1.0
2020-05-20,0.5969799959289472,0.8396896016492141,1.0
2020-05-21,0.5971495960456888,0.8400823896450826,1.0000000000000002
2020-05-22,0.5953841405105653,0.8390619109611885,1.0000000000000002
2020-05-26,0.5944673645167106,0.8386802598078582,1.0000000000000002
2020-05-27,0.590756853655165,0.8352013960446801,1.0
2020-05-28,0.5905659346580597,0.8343788285062668,1.0
2020-05-29,0.589596871138007,0.8339944492113766,1.0000000000000002
2020-06-01,0.5850215347090826,0.8360413007549066,1.0000000000000002
2020-06-02,0.5849146443825458,0.836403435861085,1.0000000000000002
2020-06-03,0.5854574713897926,0.837574937617549,1.0
2020-06-04,0.5853115659738776,0.8374699866865674,0.9999999999999999
2020-06-05,0.5832272387398993,0.8368573630757012,0.9999999999999999
2020-06-08,0.5826702769735487,0.8364106151273072,0.9999999999999999
2020-06-09,0.5826798934114709,0.8365918057649467,0.9999999999999999
2020-06-10,0.5822246220528213,0.8361663352802828,1.0000000000000002
2020-06-11,0.582441971701736,0.8364798814589774,1.0000000000000002
2020-06-12,0.5822801379956535,0.8360243974346456,1.0
2020-06-15,0.5806876842368168,0.8350511746069843,1.0000000000000002
2020-06-16,0.580225712641036,0.8346833212089574,1.0000000000000002
2020-06-17,0.5793498365119171,0.834499704046195,1.0000000000000002
2020-06-18,0.5784373851488335,0.8327428635653369,1.0000000000000004
2020-06-19,0.5794592927929196,0.8347812238614454,1.0000000000000002
2020-06-22,0.5799749131819295,0.835334736864949,1.0000000000000004
2020-06-23,0.5826050580656842,0.8396717453312069,1.0000000000000004
2020-06-24,0.5830479205742395,0.8394311542931415,1.0000000000000004
2020-06-25,0.5830965368900943,0.8395165883697734,1.0000000000000004
2020-06-26,0.5824484674735126,0.8395072194805207,1.0000000000000004
2020-06-29,0.5824060459365759,0.8395961284448257,1.0000000000000002
2020-06-30,0.5824692187248645,0.8396981116215565,1.0000000000000004
2020-07-01,0.580346141784449,0.8377630916452613,1.0000000000000002
2020-07-02,0.5799072918913837,0.8369881181678065,1.0000000000000002
2020-07-03,0.580738456702188,0.8378819254177228,1.0000000000000002
2020-07-06,0.5813305904975471,0.8386271307599044,1.0000000000000002
2020-07-07,0.5807485169081068,0.8381479223782254,1.0000000000000002
2020-07-08,0.5806396275236173,0.8378449865682669,1.0
2020-07-09,0.5798504412765114,0.8367054789587866,1.0000000000000002
2020-07-10,0.5794310991646231,0.8362256295239552,1.0000000000000002
2020-07-13,0.5791927353464391,0.8359105134050705,1.0000000000000002
2020-07-14,0.578744461585153,0.8345859497414929,1.0000000000000002
2020-07-15,0.5786864573834803,0.8345702239070312,1.0
2020-07-16,0.5764881238600179,0.8323284261742825,0.9999999999999999
2020-07-17,0.5733396578365796,0.8309536760275894,0.9999999999999999
2020-07-20,0.5725337471259768,0.8299179642280302,1.0000000000000002
2020-07-21,0.5716872846569275,0.8285209343731099,1.0
2020-07-22,0.5710816776596889,0.828342435643247,0.9999999999999999
2020-07-23,0.5707546645478819,0.8274614384571152,0.9999999999999997
2020-07-24,0.5710458169678425,0.8278332395133751,1.0
2020-07-27,0.5713129224507726,0.8284810731177836,0.9999999999999999
2020-07-28,0.5712739881196595,0.8283041912483528,0.9999999999999999
2020-07-29,0.5701113079857708,0.8273910574084216,0.9999999999999997
2020-07-30,0.5700978361220259,0.8280149228079587,0.9999999999999997
2020-07-31,0.5695538032861583,0.8274286597487526,0.9999999999999997
2020-08-03,0.5697885858722676,0.826793339192231,0.9999999999999999
2020-08-04,0.5694904624452091,0.8256711808127146,1.0
2020-08-05,0.5695886878010632,0.8257333759219332,0.9999999999999997
2020-08-06,0.5695541326770454,0.8258256156550453,0.9999999999999999
2020-08-07,0.5685813622035878,0.8253295977454577,0.9999999999999999
2020-08-10,0.5705628541454326,0.8271826881360193,0.9999999999999997
2020-08-11,0.5699854177848496,0.8264809277230183,0.9999999999999997
2020-08-12,0.5701129515477499,0.8276350610629164,1.0
2020-08-13,0.5700227405428414,0.8274216421938134,0.9999999999999999
2020-08-14,0.5710572255868239,0.8286352624766955,0.9999999999999996
2020-08-17,0.5707523896059258,0.8284595520410798,0.9999999999999997
2020-08-18,0.5709203380945572,0.8291117958512333,1.0
2020-08-19,0.5708004774848966,0.8292762856830793,0.9999999999999999
2020-08-20,0.5709311890631383,0.8289127896076965,0.9999999999999999
2020-08-21,0.5698829372401704,0.8277976894131317,0.9999999999999999
2020-08-24,0.5699320861956387,0.8281420315844296,0.9999999999999999
2020-08-25,0.5698802552812399,0.8280572410246697,1.0
2020-08-26,0.5693932766172664,0.8275455571663897,1.0
2020-08-27,0.5694396654590571,0.8277272262820119,1.0
2020-08-28,0.5694823908406637,0.8275246007534567,0.9999999999999999
2020-08-31,0.5736829553663375,0.8295834634556709,1.0
2020-09-01,0.574051901286395,0.8298937268104406,0.9999999999999997
2020-09-02,0.5747731854114664,0.8307660775702007,0.9999999999999997
2020-09-03,0.5749535063318727,0.8310366163815578,1.0
2020-09-04,0.5759401931187759,0.830689004243245,0.9999999999999997
2020-09-07,0.5762475967055517,0.8310360172769318,0.9999999999999999
2020-09-08,0.5768280082214371,0.8315169077700236,0.9999999999999999
2020-09-09,0.5760195102019117,0.8303561937876497,0.9999999999999999
2020-09-10,0.5748717076141137,0.8294193630034505,1.0
2020-09-11,0.5748801844145398,0.8294566147775687,1.0
2020-09-14,0.5751515254160753,0.8299913978416225,0.9999999999999999
2020-09-15,0.5754920035449652,0.8310257014122233,0.9999999999999997
2020-09-16,0.5759567511176517,0.8313877282775679,1.0
2020-09-17,0.5766225467907209,0.8325814487521095,1.0
2020-09-18,0.5769970573213793,0.8332781549925443,0.9999999999999999
2020-09-21,0.5821782865596087,0.8363589018909995,0.9999999999999999
2020-09-22,0.5828870573691267,0.8371442679320599,0.9999999999999999
2020-09-23,0.5831162745275998,0.8373515168761358,1.0
2020-09-24,0.5870115486230676,0.8368003247473099,1.0
2020-09-25,0.5874346189119692,0.8326960909102414,1.0000000000000002
2020-09-28,0.5908056596418163,0.8354196992818109,1.0000000000000002
2020-09-29,0.5908498422786771,0.8354672291071664,1.0
2020-09-30,0.5913497923987135,0.8365223520103108,1.0
2020-10-01,0.5918664926845404,0.8369611741874108,1.0
2020-10-05,0.5917750824856364,0.8367440518440581,1.0000000000000002
2020-10-06,0.5918990406663484,0.8362205880179575,1.0000000000000002
2020-10-07,0.5910306157567345,0.8360044108240852,1.0
2020-10-08,0.5916622170025491,0.8368000280941604,1.0
2020-10-09,0.5908493496279105,0.8360449626183959,1.0
2020-10-12,0.5906493704529244,0.8359067123207511,1.0
2020-10-13,0.5891077701016221,0.8350528492137167,1.0
2020-10-14,0.5895055027489834,0.8352453226617865,1.0000000000000002
2020-10-15,0.5911249002855216,0.8356303829119867,1.0000000000000002
2020-10-16,0.5910480348625167,0.8357062082442601,1.0
2020-10-19,0.5898570179137855,0.8340880379969599,0.9999999999999999
2020-10-20,0.5899209364303141,0.8341670919439033,1.0000000000000002
2020-10-21,0.5903535434234727,0.8347338983904643,1.0
2020-10-22,0.5893811746674569,0.8338390139814366,1.0000000000000002
2020-10-23,0.5897006086732496,0.8342401059202117,1.0000000000000002
2020-10-26,0.5898809608755847,0.8332423275356887,1.0
2020-10-27,0.5906053324797441,0.8341754786781321,0.9999999999999999
2020-10-28,0.5895289802602547,0.8325099754460272,1.0000000000000002
2020-10-29,0.5903229840001437,0.8330984053477543,1.0
2020-10-30,0.5915837679773118,0.834993259129759,0.9999999999999999
2020-11-02,0.5914491068180522,0.8350025864449233,1.0000000000000002
2020-11-03,0.5915447659709999,0.834047316325411,1.0000000000000002
2020-11-04,0.5916739784979806,0.8341111809877008,1.0
2020-11-05,0.5932068862248316,0.8347134603005809,1.0
2020-11-06,0.5927102695100495,0.8337751405854772,1.0000000000000002
2020-11-09,0.5938998111363533,0.8346872276526855,1.0
2020-11-10,0.5944710116961301,0.8346990523155944,1.0000000000000002
2020-11-11,0.5937895696112353,0.8337598341621951,1.0000000000000004
2020-11-12,0.5933506494859163,0.8331009858111688,1.0000000000000004
2020-11-13,0.5932904589695452,0.8332963864190411,1.0000000000000004
2020-11-14,0.5933886114304563,0.8333971688120919,1.0000000000000004
2020-11-17,0.5928561384210286,0.8322717193957174,1.0000000000000002
2020-11-18,0.5937113733283289,0.8325204714629605,1.0000000000000002
2020-11-19,0.5925153388116544,0.8318827801915434,1.0000000000000002
2020-11-20,0.593191505607902,0.8326692172919287,1.0000000000000004
2020-11-23,0.5931107389926883,0.8328883109963093,1.0000000000000004
2020-11-24,0.5935861208535637,0.8324944382712519,1.0000000000000004
2020-11-25,0.5948574317685912,0.8341696831880288,1.0000000000000007
2020-11-26,0.5943536550596192,0.8330901298920467,1.0000000000000007
2020-11-27,0.5944273194112935,0.833179446712883,1.0000000000000007
2020-12-01,0.5945057330238734,0.8327768821028935,1.0000000000000009
2020-12-02,0.5943100640514332,0.8327633289586762,1.0000000000000007
2020-12-03,0.5942652603830573,0.8326793189405483,1.0000000000000007
2020-12-04,0.59465047392498,0.8328498244186903,1.0000000000000007
2020-12-07,0.5951016065760195,0.8334882932098587,1.0000000000000007
2020-12-08,0.5948498293688947,0.8333012836475736,1.0000000000000009
2020-12-09,0.5952857185539911,0.833357398130915,1.0000000000000007
2020-12-10,0.5955017511144082,0.8334256377686167,1.0000000000000007
2020-12-11,0.5951387956062795,0.833464688482096,1.0000000000000009
2020-12-14,0.5955872879578953,0.8338450224217133,1.0000000000000007
2020-12-15,0.5954827239937637,0.833815597368926,1.0000000000000007
2020-12-16,0.5961419589235557,0.8347338901157805,1.0000000000000007
2020-12-17,0.5962292821887691,0.8346549445172731,1.0000000000000007
2020-12-18,0.5961223203010739,0.8346079199236632,1.0000000000000009
2020-12-21,0.6032880906964488,0.836159577469418,1.0000000000000007
2020-12-22,0.6038188387814206,0.8363458086249235,1.0000000000000009
2020-12-23,0.6044021831208449,0.8362326208250624,1.0000000000000009
2020-12-24,0.6042850851159542,0.8360317574326327,1.0000000000000009
2020-12-28,0.6041420708223066,0.8357772244775644,1.0000000000000007
2020-12-29,0.6035782038938405,0.835375810883309,1.0000000000000007
2020-12-30,0.6028858123866647,0.8349224065833365,1.0000000000000007
2020-12-31,0.6028362479162505,0.8349110856216736,1.0000000000000004
2021-01-01,0.6025623334896931,0.8345399158438314,1.0000000000000007
2021-01-04,0.6032563426031446,0.8350028329439255,1.0000000000000007
2021-01-05,0.6028312972221521,0.8347833813400923,1.0000000000000007
2021-01-06,0.6023906790376643,0.8345051600989638,1.0000000000000004
2021-01-07,0.6019255858225321,0.8353115482578866,1.0000000000000002
2021-01-08,0.6036813246498047,0.8362841577526264,1.0000000000000004
2021-01-11,0.6038018190580369,0.8364429489582651,1.0000000000000002
2021-01-12,0.6034238938918673,0.8366862105967527,1.0000000000000004
2021-01-13,0.6033502191898386,0.8366537726117137,1.0000000000000004
2021-01-14,0.603235022066228,0.8366470716607605,1.0000000000000007
2021-01-15,0.6037137894886964,0.836468249548453,1.0000000000000002
2021-01-18,0.6046020264455393,0.8363225975783743,1.0000000000000002
2021-01-19,0.6055513343866006,0.8367024720630423,1.0000000000000004
2021-01-20,0.6053948092913275,0.8363435996727021,1.0000000000000002
2021-01-21,0.6065908403243234,0.8377846109116285,1.0000000000000002
2021-01-22,0.6057672256753427,0.836230861965872,1.0000000000000002
2021-01-25,0.6051610739015496,0.8352766483613,0.9999999999999999
2021-01-27,0.6048002421544415,0.8344779959231589,1.0000000000000002
2021-01-28,0.6061934383144219,0.8356169063710899,1.0
2021-01-29,0.606376672789687,0.8365502021653097,1.0000000000000002
2021-02-01,0.6098836452763863,0.8329630017782133,1.0000000000000002
2021-02-02,0.612967483283682,0.8346523184832664,1.0
2021-02-03,0.6141584026189717,0.8355545892010537,1.0000000000000002
2021-02-04,0.6131888976158193,0.834787739061272,1.0000000000000002
2021-02-05,0.6152372737087344,0.8390931808738137,1.0000000000000004
2021-02-08,0.616188359655549,0.841044399016386,1.0000000000000002
2021-02-09,0.6162857529549532,0.8413576280024506,1.0000000000000002
2021-02-10,0.6162211734209407,0.8413240248240951,1.0000000000000002
2021-02-11,0.6165438032103825,0.8421416238574291,1.0000000000000002
2021-02-12,0.6165011877175067,0.842796460072702,1.0000000000000002
2021-02-15,0.6167518401785855,0.8431214214347383,1.0000000000000002
2021-02-16,0.6159480466281354,0.8420918768782146,1.0000000000000002
2021-02-17,0.6158001502028666,0.8419925473555127,1.0000000000000004
2021-02-18,0.616019612401516,0.8422741597589483,1.0000000000000004
2021-02-19,0.6163044249427515,0.8417849839665942,1.0000000000000002
2021-02-22,0.6181820771588987,0.8406363665069632,1.0000000000000004
2021-02-23,0.6175459284416298,0.8395766506290672,1.0000000000000004
2021-02-24,0.6171046162959645,0.8382499800855946,1.0000000000000002
2021-02-25,0.6175128972754057,0.8406310402258369,1.0000000000000004
2021-02-26,0.6228733800791421,0.8408923387501311,1.0000000000000007
2021-03-01,0.6233517271458888,0.8407760868053907,1.0000000000000004
2021-03-02,0.6249705951579742,0.8430079930270681,1.0000000000000004
2021-03-03,0.621756089112973,0.8435295409192275,1.0000000000000004
2021-03-04,0.6218468528158234,0.8428370153309365,1.0000000000000002
2021-03-05,0.6226635770270887,0.8446041528242757,1.0000000000000002
2021-03-08,0.622690545176702,0.8442283830493296,1.0000000000000004
2021-03-09,0.622258532244711,0.8441288498179984,1.0000000000000004
2021-03-10,0.6241117713464728,0.8473730970883915,1.0000000000000004
2021-03-12,0.6258306455998981,0.8478367610007748,1.0000000000000004
2021-03-15,0.6263221253148562,0.8483371506115902,1.0000000000000004
2021-03-16,0.6253019748711921,0.8432798542096656,1.0000000000000002
2021-03-17,0.6275420926034895,0.84781696197276,1.0000000000000007
2021-03-18,0.6362011695582721,0.8568412458370238,1.0000000000000007
2021-03-19,0.6385167053998847,0.8585149747577029,1.0000000000000009
2021-03-22,0.6367603940383748,0.8514719205415471,1.000000000000001
2021-03-23,0.6371777532195547,0.8505508464111674,1.0000000000000009
2021-03-24,0.6423506874023627,0.8410032255534731,1.000000000000001
2021-03-25,0.6613039618699545,0.8186323251340164,1.0000000000000013
2021-03-26,0.6685358799335321,0.8228135739506077,1.0000000000000013
2021-03-30,0.679299685983253,0.816794196979947,1.0000000000000013
2021-03-31,0.6723692134447663,0.794549529018546,1.0000000000000013
2021-04-01,0.6720635105816798,0.7931900045955549,1.0000000000000016
2021-04-05,0.6758076899730256,0.7942567898798685,1.0000000000000016
2021-04-06,0.6775319500247292,0.7871077127666152,1.0000000000000016
2021-04-07,0.6736336292920353,0.7749127762208562,1.0000000000000018
2021-04-08,0.6819293977605922,0.7787842127126215,1.0000000000000018
2021-04-09,0.6999103979494283,0.7637124057904837,1.000000000000002
2021-04-12,0.7099782416879429,0.7671025668000063,1.0000000000000016
2021-04-13,0.7131824638726328,0.7778360967064246,1.0000000000000018
2021-04-15,0.7173807246633133,0.7809606426773466,1.0000000000000018
2021-04-16,0.7177849490158167,0.7835942316736051,1.0000000000000018
2021-04-19,0.722901901517669,0.7872047120750182,1.0000000000000018
2021-04-20,0.7289527903394167,0.789635378428955,1.0000000000000018
2021-04-22,0.7279901273663475,0.7886129387611898,1.0000000000000018
2021-04-23,0.7370379289438049,0.7945112354826281,1.000000000000002
2021-04-26,0.7437685831271492,0.7995951031864509,1.0000000000000018
2021-04-27,0.7459258638148591,0.8003043228621075,1.0000000000000013
2021-04-28,0.7471233000339841,0.797858949354157,1.0000000000000013
2021-04-29,0.7496907824684607,0.7993357321241367,1.0000000000000016
2021-04-30,0.7516465203371288,0.8022090177866289,1.0000000000000013
2021-05-03,0.7533723598961202,0.8050305048994478,1.0000000000000016
2021-05-04,0.7606160238703774,0.8085339918296816,1.0000000000000013
2021-05-05,0.803373118186982,0.8246141098705404,1.0000000000000016
2021-05-06,0.8045388796081769,0.8234860272679491,1.0000000000000016
2021-05-07,0.8037789971119362,0.8227954738506571,1.0000000000000018
2021-05-10,0.8055688406919362,0.8216761029946188,1.0000000000000018
2021-05-11,0.8044875053483496,0.8202043976945266,1.0000000000000016
2021-05-12,0.804995734294091,0.8195069368405491,1.0000000000000016
2021-05-14,0.8071193203662751,0.8208160679481015,1.0000000000000016
2021-05-17,0.8071205346344706,0.8220170403205467,1.0000000000000013
2021-05-18,0.8171320112532938,0.8297876450967707,1.0000000000000016
2021-05-19,0.8169696187578177,0.8303305726927679,1.0000000000000013
2021-05-20,0.824947986920845,0.8296826140943043,1.0000000000000016
2021-05-21,0.8222835336891455,0.8289754585027883,1.0000000000000016
2021-05-24,0.8244459470458467,0.8280731009894795,1.0000000000000013
2021-05-25,0.8245019417488904,0.827444841762425,1.0000000000000013
2021-05-26,0.8261894497190374,0.8283333354208212,1.0000000000000018
2021-05-27,0.8256503223042684,0.8279383648707499,1.0000000000000016
2021-05-28,0.8387367223258273,0.834018510871844,1.0000000000000016
2021-05-31,0.8396041946373913,0.8359086437435413,1.0000000000000016
2021-06-01,0.840621576149326,0.8366137244246962,1.0000000000000013
2021-06-02,0.8435339089006871,0.8289201851327316,1.0000000000000013
2021-06-03,0.8439207874964176,0.8269844829258282,1.0000000000000013
2021-06-04,0.8423198972635159,0.8239129770980101,1.0000000000000013
2021-06-07,0.8437230125784707,0.8246241938391303,1.0000000000000013
2021-06-08,0.8434332008492502,0.8232659562466119,1.0000000000000013
2021-06-09,0.8435302548648077,0.823798709273449,1.0000000000000016
2021-06-10,0.8453528102972367,0.8244002273966576,1.0000000000000016
2021-06-11,0.8467330546182923,0.8257166273813984,1.0000000000000016
2021-06-14,0.8502170303408335,0.8248245677392414,1.0000000000000016
2021-06-15,0.8506352225254428,0.825537522264346,1.0000000000000013
2021-06-16,0.8537547568364449,0.8252515250553925,1.0000000000000016
2021-06-17,0.8557529226597633,0.8255469186155073,1.0000000000000013
2021-06-18,0.8565272555193056,0.8263928893416914,1.0000000000000016
2021-06-21,0.8628880801707554,0.831109894386079,1.0000000000000013
2021-06-22,0.8612153023152419,0.824502354258547,1.0000000000000013
2021-06-23,0.8567118694676475,0.821195684445536,1.0000000000000013
2021-06-24,0.8509142492909837,0.8083125318101594,1.0000000000000013
2021-06-25,0.8523641215705345,0.8094781227203559,1.0000000000000016
2021-06-28,0.8529359826688717,0.8099974441672759,1.0000000000000016
2021-06-29,0.8528374289791695,0.8094133516781936,1.0000000000000016
2021-06-30,0.8535905101655435,0.8095417095726498,1.0000000000000016
2021-07-01,0.8515159231969712,0.807209868768283,1.0000000000000016
2021-07-02,0.8565729461304804,0.8119400022182997,1.0000000000000016
2021-07-05,0.857076529515327,0.8125627083410258,1.0000000000000016
2021-07-06,0.8559765529891863,0.8110297335428699,1.0000000000000016
2021-07-07,0.8564737812494658,0.8096280351025791,1.0000000000000016
2021-07-08,0.8565242043375356,0.8088973318251055,1.0000000000000016
2021-07-09,0.8583491769494344,0.8108998535312256,1.0000000000000018
2021-07-12,0.8609756728922919,0.8137998567883854,1.0000000000000016
2021-07-13,0.8624882517905025,0.8161813694221802,1.0000000000000018
2021-07-14,0.8627907398954097,0.8164939407575267,1.0000000000000016
2021-07-15,0.8680624885779372,0.8213893225468947,1.0000000000000016
2021-07-16,0.8678916005530704,0.8213722915194337,1.0000000000000018
2021-07-19,0.8677068286841217,0.8230540668801697,1.0000000000000018
2021-07-20,0.870926341865366,0.8228469257579941,1.0000000000000018
2021-07-22,0.8772533724272426,0.8296295458082841,1.0000000000000018
2021-07-23,0.8799434019700573,0.8324280952569043,1.0000000000000018
2021-07-26,0.8797310276341462,0.8314264477032403,1.000000000000002
2021-07-27,0.880147408602793,0.8320681985025521,1.0000000000000016
2021-07-28,0.8785613939805614,0.8300432014746081,1.0000000000000018
2021-07-29,0.877079823304076,0.8271173265430306,1.0000000000000018
2021-07-30,0.8786184268725797,0.8270426164929078,1.0000000000000018
2021-08-02,0.881196101635647,0.8297126282786812,1.0000000000000022
2021-08-03,0.8801163363047576,0.8263488982368222,1.0000000000000022
2021-08-04,0.8779874225215405,0.8246306546658672,1.0000000000000018
2021-08-05,0.8806566229949083,0.8273767343367326,1.0000000000000018
2021-08-06,0.884150812738157,0.8300230629600475,1.000000000000002
2021-08-09,0.8842206104534802,0.8299146153093314,1.000000000000002
2021-08-10,0.8852888794825169,0.8298561725260055,1.000000000000002
2021-08-11,0.8854955475681958,0.8303923200483111,1.0000000000000018
2021-08-12,0.8842573239396851,0.8295777984252357,1.0000000000000018
2021-08-13,0.8857880462660881,0.8309509641004125,1.0000000000000018
2021-08-16,0.8857407094231801,0.8308142530560088,1.0000000000000018
2021-08-17,0.8862014342144565,0.8317447590264918,1.0000000000000018
2021-08-18,0.8850632116561247,0.8295165333728494,1.0000000000000018
2021-08-20,0.8847449733069908,0.8285247368576579,1.0000000000000018
2021-08-23,0.8856043956684766,0.8265421421022875,1.0000000000000018
2021-08-24,0.8858675245373624,0.8269151966754809,1.0000000000000018
2021-08-25,0.8859213672413561,0.8272126421094297,1.0000000000000018
2021-08-26,0.8858216403488272,0.8271395637818079,1.000000000000002
2021-08-27,0.8873327825709492,0.827440288357336,1.0000000000000018
2021-08-30,0.8875981464123129,0.8301370394297756,1.0000000000000018
2021-08-31,0.8915465908359415,0.8345556535301446,1.0000000000000018
2021-09-01,0.8916490799290514,0.8348773673274442,1.000000000000002
2021-09-02,0.8914555995252657,0.8360534004063576,1.000000000000002
2021-09-03,0.8859692552636936,0.8344913220991925,1.0000000000000022
2021-09-06,0.8839394096901021,0.8328952151367646,1.0000000000000022
2021-09-07,0.8832248699278064,0.8323568547811233,1.0000000000000022
2021-09-08,0.8825233776600572,0.8315025153545689,1.0000000000000022
2021-09-09,0.8818999271695367,0.8325955113516876,1.0000000000000024
2021-09-13,0.8820134916483106,0.832818320983261,1.0000000000000024
2021-09-14,0.8799221437433364,0.8309462334648962,1.0000000000000022
2021-09-15,0.88195379400897,0.833224406785206,1.0000000000000024
2021-09-16,0.8858677567935681,0.8336635757204786,1.0000000000000022
2021-09-17,0.8863214705564808,0.834492850140667,1.0000000000000022
2021-09-20,0.8850406383663977,0.8315996386429724,1.0000000000000024
2021-09-21,0.8833117202997672,0.827566206046785,1.0000000000000024
2021-09-22,0.8828111471347266,0.8271364684923388,1.0000000000000024
2021-09-23,0.8786697193827959,0.8208828642115188,1.0000000000000022
2021-09-24,0.8790765937140991,0.8201157808370807,1.0000000000000024
2021-09-27,0.8645301872578302,0.8076490282378102,1.0000000000000027
2021-09-28,0.8614294387868043,0.8050651207027382,1.0000000000000024
2021-09-29,0.8595167349776927,0.8031797393834862,1.0000000000000022
2021-09-30,0.8531846994891517,0.8035520352652471,1.0000000000000024
2021-10-01,0.8475062903989817,0.7985923327516339,1.0000000000000024
2021-10-04,0.842229124242113,0.792648979743226,1.0000000000000024
2021-10-05,0.8410297770821841,0.7921587032915375,1.0000000000000022
2021-10-06,0.8427017015189252,0.7927822541726901,1.0000000000000022
2021-10-07,0.8471818303012191,0.7970960446370893,1.0000000000000024
2021-10-08,0.8457447709823789,0.7951979950886663,1.0000000000000022
2021-10-11,0.8474536357529291,0.796526715540526,1.0000000000000024
2021-10-12,0.8489911841074778,0.797825496633998,1.0000000000000024
2021-10-13,0.8492888069180882,0.7978291017993693,1.0000000000000024
2021-10-14,0.8492131145429302,0.7969468021842672,1.0000000000000022
2021-10-18,0.8478891575977714,0.7954552978584022,1.0000000000000027
2021-10-19,0.8497233073269909,0.7976278900230325,1.0000000000000024
2021-10-20,0.8515108482211262,0.7989526209591968,1.0000000000000027
2021-10-21,0.8521688801988648,0.7983501094825186,1.0000000000000027
2021-10-22,0.853356685121682,0.7991228075854422,1.0000000000000024
2021-10-25,0.8583621192124593,0.804594329211936,1.0000000000000024
2021-10-26,0.8579031740164527,0.8043646990174694,1.0000000000000027
2021-10-27,0.857637320131889,0.8045226017230803,1.0000000000000024
2021-10-28,0.8605028868095443,0.8083833941084158,1.0000000000000024
2021-10-29,0.8569013153125722,0.8059549095116899,1.0000000000000024
2021-11-01,0.8559825768385555,0.8108759595519285,1.0000000000000027
2021-11-02,0.8546583868257315,0.8073013645531141,1.0000000000000027
2021-11-03,0.8606048161039497,0.8123601032783454,1.0000000000000027
2021-11-04,0.8571341104375663,0.8095214607007374,1.0000000000000024
2021-11-08,0.8575451016107856,0.8085509063339682,1.0000000000000029
2021-11-09,0.8561279806158325,0.8069861737854317,1.0000000000000027
2021-11-10,0.8575071682585202,0.8103973817487802,1.0000000000000029
2021-11-11,0.8559405180151667,0.8073272619119297,1.0000000000000027
2021-11-12,0.8538532747225462,0.8054362744932325,1.0000000000000027
2021-11-15,0.8570749563702903,0.8089982125941648,1.0000000000000029
2021-11-16,0.8562215899851464,0.8041279123426953,1.0000000000000027
2021-11-17,0.857870978302446,0.807315825814817,1.0000000000000029
2021-11-18,0.8589179951084928,0.8083854669165762,1.0000000000000029
2021-11-22,0.8570870640163882,0.8058665334051339,1.0000000000000029
2021-11-23,0.8586330999609124,0.8067532806338791,1.0000000000000029
2021-11-24,0.8596440405308797,0.8079162353938815,1.0000000000000027
2021-11-25,0.861714925638661,0.8105161905379942,1.0000000000000029
2021-11-26,0.8664121145693469,0.8172097477438112,1.0000000000000027
2021-11-29,0.8724958893280261,0.8196950269969032,1.0000000000000027
2021-11-30,0.8692314450089221,0.8171592862159434,1.0000000000000027
2021-12-01,0.8674223184803503,0.815436896474553,1.0000000000000027
2021-12-02,0.8676816843294954,0.8177590053663352,1.0000000000000027
2021-12-03,0.8652023368213951,0.8116904759111985,1.0000000000000027
2021-12-06,0.8681173057878857,0.8176322877013893,1.0000000000000027
2021-12-07,0.8659243054451106,0.8171153812062363,1.0000000000000027
2021-12-08,0.8647530475285308,0.8177722202895946,1.0000000000000024
2021-12-09,0.8646718801329897,0.8174052108762425,1.0000000000000024
2021-12-10,0.8648536109479262,0.8176146729519619,1.0000000000000024
2021-12-13,0.8621761857845611,0.8156082283084933,1.0000000000000027
2021-12-14,0.8610588415833076,0.8133083345236023,1.0000000000000022
2021-12-15,0.8602850080027777,0.812559653142286,1.0000000000000022
2021-12-16,0.8596333537915658,0.8130291805819148,1.0000000000000024
2021-12-17,0.8597067584666015,0.8122538915159017,1.0000000000000022
2021-12-20,0.8560632434116017,0.8099828075392148,1.000000000000002
2021-12-21,0.8559548104887937,0.8099936443704703,1.0000000000000022
2021-12-22,0.8580890105677857,0.8123378960166847,1.0000000000000022
2021-12-23,0.8566368352335774,0.8104168625170163,1.0000000000000018
2021-12-24,0.8576214884171612,0.8115456154820552,1.0000000000000018
2021-12-27,0.8578262352856891,0.8119102419198236,1.000000000000002
2021-12-28,0.839712921822544,0.8038038169349297,1.000000000000002
2021-12-29,0.8380949984293192,0.8023628868666123,1.000000000000002
2021-12-30,0.8366073635810537,0.802533167017732,1.000000000000002
2021-12-31,0.8384046346584377,0.8044176450456367,1.000000000000002
2022-01-03,0.8369577607828256,0.801503253470886,1.0000000000000022
2022-01-04,0.8379350977037688,0.8031214145228218,1.000000000000002
2022-01-05,0.8375487216997535,0.8028584446062256,1.000000000000002
2022-01-06,0.8365798112665978,0.8014110042103351,1.000000000000002
2022-01-07,0.8356663298990532,0.8009754979314069,1.0000000000000018
2022-01-10,0.8314417756956316,0.7962400104347211,1.000000000000002
2022-01-11,0.8323033819308996,0.7971806978777826,1.000000000000002
2022-01-12,0.834519153972417,0.7989210182321927,1.000000000000002
2022-01-13,0.8351460674326837,0.7995210243257038,1.000000000000002
2022-01-14,0.8304466065824079,0.7957525793111907,1.0000000000000018
2022-01-17,0.830846465845662,0.7954048214543094,1.000000000000002
2022-01-18,0.8341979500032721,0.7985491263799479,1.000000000000002
2022-01-19,0.8341494348616648,0.7969943764015467,1.000000000000002
2022-01-20,0.8309925534120604,0.7940173589290729,1.000000000000002
2022-01-21,0.8297724525530801,0.7922761809763055,1.000000000000002
2022-01-24,0.8284805435193495,0.8001924808511226,1.000000000000002
2022-01-25,0.8279922444681875,0.7973451068565979,1.000000000000002
2022-01-27,0.8320017083182474,0.8042351133081336,1.0000000000000016
2022-01-28,0.8303932771179716,0.8025847785594088,1.0000000000000016
2022-01-31,0.8347564791014472,0.8078764726471002,1.000000000000002
2022-02-01,0.8376533499320703,0.8126178010783442,1.0000000000000018
2022-02-02,0.8407963130328482,0.8166389087750517,1.000000000000002
2022-02-03,0.8384471475508699,0.8142992009098358,1.0000000000000018
2022-02-04,0.8374198054338838,0.8095686276458596,1.0000000000000018
2022-02-07,0.8458499447170159,0.8243944343328586,1.000000000000002
2022-02-08,0.8383805352095397,0.8170068433232847,1.0000000000000022
2022-02-09,0.8337980119664267,0.8143667903588719,1.0000000000000022
2022-02-10,0.8350868934698847,0.8162105971055704,1.0000000000000022
2022-02-11,0.8356127872193932,0.8165773595726198,1.0000000000000022
2022-02-14,0.8309693041841215,0.8130704336504165,1.0000000000000022
2022-02-15,0.8344504601172951,0.8182395250220369,1.0000000000000022
2022-02-16,0.8344952089905419,0.8186574582489705,1.0000000000000018
2022-02-17,0.8352915534304634,0.8190124401731032,1.0000000000000022
2022-02-18,0.8350795970435932,0.8189359390523566,1.0000000000000022
2022-02-21,0.8379120211251507,0.8212233606373581,1.0000000000000022
2022-02-22,0.8386967677440557,0.8217578775570842,1.0000000000000022
2022-02-23,0.8412151885730897,0.8237917480748808,1.0000000000000022
2022-02-24,0.8491014202272288,0.8299546671281495,1.0000000000000022
2022-02-25,0.8499021001354605,0.8397585769496702,1.000000000000002
2022-02-28,0.8461667819865848,0.8455273794531549,1.0000000000000022
2022-03-02,0.8454088396903846,0.8453465136892757,1.000000000000002
2022-03-03,0.8487525317897355,0.848964184905749,1.0000000000000018
2022-03-04,0.8471078547161822,0.8506461214904387,1.000000000000002
2022-03-07,0.8297401237636999,0.8486836896320595,1.000000000000002
2022-03-08,0.8265163868889351,0.8481063165246983,1.000000000000002
2022-03-09,0.8193908970779813,0.8469494978549186,1.0000000000000022
2022-03-10,0.8240560109109859,0.8528372599351347,1.000000000000002
2022-03-11,0.824584199175655,0.8553946737502199,1.000000000000002
2022-03-14,0.8160181361771051,0.8450176107235036,1.000000000000002
2022-03-15,0.8132046451093371,0.8437524825974698,1.000000000000002
2022-03-16,0.8101470880005999,0.8411962635271449,1.000000000000002
2022-03-17,0.8099777334786612,0.8496714733771195,1.0000000000000018
2022-03-21,0.809733679253335,0.8479470546930246,1.0000000000000018
2022-03-22,0.8060696298350571,0.8443467302028169,1.000000000000002
2022-03-23,0.8064867625580436,0.8445766845328285,1.000000000000002
2022-03-24,0.8039022871627659,0.8421181049696216,1.0000000000000018
2022-03-25,0.8048366424927383,0.8444710189012633,1.0000000000000018
2022-03-28,0.8072796101293029,0.8486454540946841,1.0000000000000018
2022-03-29,0.8076500718016965,0.8487915319341273,1.0000000000000018
2022-03-30,0.8070193542968858,0.8474889143436413,1.0000000000000018
2022-03-31,0.8044570489555041,0.8446171862289331,1.000000000000002
2022-04-01,0.7994789991794642,0.8374270922597166,1.0000000000000018
2022-04-04,0.8016417938335325,0.8398785244998679,1.0000000000000018
2022-04-05,0.7982951061143425,0.8375047526581887,1.0000000000000018
2022-04-06,0.7972762924876159,0.8357008689251892,1.000000000000002
2022-04-07,0.7984418017207973,0.8390846366466342,1.0000000000000018
2022-04-08,0.8000843618926422,0.838044860290409,1.0000000000000016
2022-04-11,0.7999700845276116,0.8377635765531831,1.000000000000002
2022-04-12,0.8017518693389292,0.8391311337980835,1.0000000000000016
2022-04-13,0.801952588648367,0.8394428292599477,1.000000000000002
2022-04-18,0.7994576298948153,0.8362189146825161,1.0000000000000016
2022-04-19,0.7895022713938991,0.8333745316691505,1.0000000000000018
2022-04-20,0.7865464903528843,0.8334857625996139,1.0000000000000018
2022-04-21,0.7853460979165419,0.831757720589999,1.0000000000000018
2022-04-22,0.7846818470573879,0.8301510358284,1.0000000000000016
2022-04-25,0.7809605952279368,0.8302875280487413,1.0000000000000018
2022-04-26,0.7884775609745995,0.8372079871351797,1.0000000000000018
2022-04-27,0.7925569303222424,0.8421318676800169,1.0000000000000016
2022-04-28,0.7927006974195326,0.8425353983615128,1.0000000000000018
2022-04-29,0.7936668945537759,0.8430430417300555,1.0000000000000018
2022-05-02,0.7929023988238734,0.8429550184386976,1.0000000000000018
2022-05-04,0.7914031028971288,0.8455593954461691,1.000000000000002
2022-05-05,0.7917358000451304,0.845807855504191,1.0000000000000018
2022-05-06,0.7924509478887981,0.8520501388350613,1.000000000000002
2022-05-09,0.7918398382830525,0.8529104745787346,1.0000000000000018
2022-05-10,0.7928490474733597,0.8542071783846249,1.000000000000002
2022-05-11,0.790256624494361,0.8533087869052027,1.000000000000002
2022-05-12,0.7857257578250463,0.8558880318715573,1.0000000000000018
2022-05-13,0.786476414275032,0.8571871863964895,1.0000000000000018
2022-05-16,0.7822841083747418,0.8562526969620237,1.000000000000002
2022-05-17,0.7759316846862009,0.8562713467060931,1.0000000000000018
2022-05-18,0.7752875504651668,0.856874349077012,1.0000000000000016
2022-05-19,0.7728961732396429,0.8632673162898168,1.0000000000000018
2022-05-20,0.7727148187249314,0.8695014910155353,1.0000000000000018
2022-05-23,0.7684226923934401,0.8657877532513978,1.0000000000000016
2022-05-24,0.7681925811246688,0.8649838565211356,1.0000000000000018
2022-05-25,0.7697687705464902,0.8675145627343269,1.0000000000000018
2022-05-26,0.7705395301275031,0.8681622446933652,1.0000000000000016
2022-05-27,0.7699589110876481,0.8692964971877895,1.0000000000000018
2022-05-30,0.7687840939146547,0.8741176735703282,1.0000000000000018
2022-05-31,0.767904407045282,0.8733562658930278,1.0000000000000016
2022-06-01,0.7678478516242574,0.8736666436931675,1.0000000000000018
2022-06-02,0.7698359034717422,0.8745325614691434,1.0000000000000018
2022-06-03,0.772451848840262,0.8746837631271784,1.0000000000000018
2022-06-06,0.7725713228455705,0.874910819859372,1.000000000000002
2022-06-07,0.7723324916417763,0.8764972696618959,1.0000000000000018
2022-06-08,0.7724736214085682,0.8770580741245297,1.000000000000002
2022-06-09,0.7719160164781642,0.8762611674748403,1.000000000000002
2022-06-10,0.7657355009765089,0.8670523207837629,1.0000000000000018
2022-06-13,0.7629066093254636,0.8675593513086195,1.000000000000002
2022-06-14,0.7622497132895469,0.8670093797187111,1.000000000000002
2022-06-15,0.7619360384792517,0.8652773192576317,1.000000000000002
2022-06-16,0.76102595267661,0.8671997752104336,1.000000000000002
2022-06-17,0.7620903637519413,0.869287896209605,1.000000000000002
2022-06-20,0.7621782577183053,0.8698461677434309,1.000000000000002
2022-06-21,0.7587240253627549,0.8671687784084647,1.000000000000002
2022-06-22,0.7567179364781882,0.8674024604151,1.0000000000000018
2022-06-23,0.7582058606563772,0.8694029365599,1.0000000000000022
2022-06-24,0.7594294816750112,0.8719679272806817,1.000000000000002
2022-06-27,0.7597231662811722,0.8721775216321873,1.000000000000002
2022-06-28,0.7624327521402016,0.8739259477473761,1.000000000000002
2022-06-29,0.7612016465945884,0.8726763842604858,1.0000000000000022
2022-06-30,0.761037307892647,0.8730997724051225,1.000000000000002
2022-07-01,0.7609257189498597,0.8733199144980108,1.000000000000002
2022-07-04,0.7613597598049161,0.8748687378464031,1.0000000000000022
2022-07-05,0.761213681420194,0.8745051406370333,1.000000000000002
2022-07-06,0.7620808126223871,0.8785580565241802,1.000000000000002
2022-07-07,0.7623897772805891,0.8780043567266664,1.000000000000002
2022-07-08,0.7635261590967383,0.8803080610587917,1.000000000000002
2022-07-11,0.7635375081297967,0.880397590032357,1.0000000000000018
2022-07-12,0.7632929214492629,0.8808205962374693,1.000000000000002
2022-07-13,0.7628156794160845,0.8813276743445153,1.000000000000002
2022-07-14,0.7624124716167204,0.8811402024476785,1.000000000000002
2022-07-15,0.7633021340290572,0.8832979718692044,1.000000000000002
2022-07-18,0.7604123719584075,0.880174518349304,1.000000000000002
2022-07-19,0.7602521768982022,0.8801372426523196,1.000000000000002
2022-07-20,0.7580375352508056,0.8792069150633981,1.000000000000002
2022-07-21,0.7588723086106139,0.8803708098040042,1.0000000000000018
2022-07-22,0.7602974132332866,0.8816141952088731,1.0000000000000018
2022-07-25,0.7589315865275997,0.8809453284293143,1.000000000000002
2022-07-26,0.7551362773493998,0.8775064896648282,1.000000000000002
2022-07-27,0.7563307764351158,0.8798660967950725,1.000000000000002
2022-07-28,0.751247966678226,0.8745017340275675,1.000000000000002
2022-07-29,0.7515202844268833,0.8750536777224179,1.0000000000000022
2022-08-01,0.7552091299493655,0.8776425620460441,1.000000000000002
2022-08-02,0.7560983169251697,0.878892299677847,1.000000000000002
2022-08-03,0.7563277487055504,0.8789564647767325,1.000000000000002
2022-08-04,0.7557666347940437,0.8778751025418309,1.000000000000002
2022-08-05,0.7562195945023455,0.8805080018051787,1.000000000000002
2022-08-08,0.7609822879396668,0.8843226875367711,1.0000000000000022
2022-08-10,0.7609667824910501,0.8843913379929205,1.0000000000000022
2022-08-11,0.7608682420310238,0.885036494702482,1.0000000000000022
2022-08-12,0.7609465475197277,0.8853069005584246,1.0000000000000022
2022-08-16,0.7615143407944486,0.8858153843225669,1.000000000000002
2022-08-17,0.7616685863253954,0.8874369105728246,1.0000000000000022
2022-08-18,0.7608338491894426,0.8871142825564675,1.0000000000000022
2022-08-19,0.7614017801780831,0.8898307117833445,1.0000000000000022
2022-08-22,0.762854218386369,0.8942843630493492,1.0000000000000022
2022-08-23,0.7635605767085107,0.8945995029791716,1.0000000000000022
2022-08-24,0.7634052683864901,0.8946749038090711,1.0000000000000022
2022-08-25,0.763921707469936,0.8955871245532596,1.0000000000000022
2022-08-26,0.7643038077236807,0.8961912122798652,1.0000000000000022
2022-08-29,0.7628985802311958,0.8957194286691307,1.0000000000000022
2022-08-30,0.7619309122576292,0.8943190577373406,1.0000000000000024
2022-09-01,0.7596067700817591,0.8908291440297406,1.0000000000000022
2022-09-02,0.75871766701815,0.8902556342747726,1.000000000000002
2022-09-05,0.7578110778795418,0.8880016166452002,1.0000000000000018
2022-09-06,0.7552658815999624,0.8855796603442084,1.0000000000000022
2022-09-07,0.7551206911357581,0.8850776045406797,1.000000000000002
2022-09-08,0.7551897387839129,0.8836074890213172,1.0000000000000022
2022-09-09,0.7552515837389607,0.8842096007094169,1.000000000000002
2022-09-12,0.7558240820869425,0.8848398911893761,1.0000000000000022
2022-09-13,0.756264547697053,0.8864027152595687,1.000000000000002
2022-09-14,0.7566092852859945,0.8872974694418134,1.0000000000000022
2022-09-15,0.7556045866686498,0.8859862369541195,1.0000000000000022
2022-09-16,0.7561478575856421,0.8830763249234121,1.0000000000000022
2022-09-19,0.756134602856832,0.8825748770114157,1.000000000000002
2022-09-20,0.7548362377048942,0.8813279059228503,1.000000000000002
2022-09-21,0.7569903393858579,0.8830933199228894,1.0000000000000022
2022-09-22,0.7561401245374337,0.8812292971968987,1.000000000000002
2022-09-23,0.7632741079135018,0.8892784854104642,1.0000000000000022
2022-09-26,0.7673467381808675,0.891704322022914,1.0000000000000018
2022-09-27,0.7673496852421108,0.8916795489095174,1.0000000000000018
2022-09-28,0.7660290282549377,0.8913274368855363,1.000000000000002
2022-09-29,0.7659137747411744,0.8914020923788512,1.0000000000000016
2022-09-30,0.768064663849675,0.8921056682546411,1.0000000000000016
2022-10-03,0.7708009024885528,0.8949114360044981,1.000000000000002
2022-10-04,0.7707395980444378,0.8948875008944885,1.0000000000000018
2022-10-06,0.7704126543186441,0.895104610307755,1.0000000000000018
2022-10-07,0.7710040251679764,0.8958721890132708,1.0000000000000018
2022-10-10,0.7712264070703864,0.89707154920537,1.000000000000002
2022-10-11,0.7717665710832428,0.8967336747282646,1.0000000000000018
2022-10-12,0.7715249935091304,0.8965822777552565,1.0000000000000018
2022-10-13,0.7690437755913866,0.8940390758899388,1.0000000000000018
2022-10-14,0.7682898318615444,0.8919604148037757,1.0000000000000018
2022-10-17,0.7671549145832974,0.8909913835673204,1.000000000000002
2022-10-18,0.7691697411505402,0.8938004576575412,1.0000000000000018
2022-10-19,0.7677100126213224,0.8921253701598726,1.000000000000002
2022-10-20,0.7689402156632157,0.8948241691433165,1.000000000000002
2022-10-21,0.7699044324173443,0.8964331176821073,1.0000000000000018
2022-10-24,0.7684461895985585,0.8937180169711397,1.0000000000000018
2022-10-25,0.7670523194004445,0.8929758756572547,1.0000000000000018
2022-10-27,0.7675424568164456,0.8930277499582314,1.000000000000002
2022-10-28,0.766625566030689,0.8919259934170206,1.000000000000002
2022-10-31,0.7709784417742288,0.8969246976485373,1.0000000000000022
2022-11-01,0.7726790460347241,0.8988917051529801,1.000000000000002
2022-11-02,0.7731891691729929,0.8997027396784544,1.000000000000002
2022-11-03,0.7713167797346043,0.8989373600020506,1.0000000000000022
2022-11-04,0.7722687585872885,0.8992164987280069,1.0000000000000024
2022-11-07,0.7737064672772394,0.8992726465732672,1.0000000000000024
2022-11-09,0.7747561920407753,0.9002898015978553,1.0000000000000024
2022-11-10,0.7760214456390497,0.9021643703982201,1.0000000000000024
2022-11-11,0.77187435280368,0.8928832564293773,1.0000000000000022
2022-11-14,0.7706875745239178,0.8928037790784177,1.0000000000000024
2022-11-15,0.771200965923007,0.8930411375479717,1.0000000000000024
2022-11-16,0.7712673011934614,0.8931032922636085,1.0000000000000022
2022-11-17,0.7721637385160243,0.8946328217798508,1.0000000000000024
2022-11-18,0.7733409159037774,0.896562184614208,1.0000000000000022
2022-11-21,0.7731202046562459,0.8957498188108175,1.0000000000000024
2022-11-22,0.7740376236300581,0.8979862022251173,1.0000000000000024
2022-11-23,0.7732008090879564,0.8965230571687149,1.0000000000000024
2022-11-24,0.7733610397353526,0.8964670738855564,1.0000000000000022
2022-11-25,0.775247835072617,0.901294626557798,1.0000000000000022
2022-11-28,0.773432883414167,0.9001965141645624,1.0000000000000024
2022-11-29,0.7730605666024546,0.8999161959833946,1.0000000000000027
2022-11-30,0.7749775599143225,0.9018692640065582,1.0000000000000022
2022-12-01,0.767185794559251,0.8984086224911363,1.0000000000000022
2022-12-02,0.7677470080657873,0.8984614943809093,1.0000000000000022
2022-12-05,0.7687326494108163,0.8988825761377875,1.0000000000000022
2022-12-06,0.7702985673286761,0.9001267127187214,1.0000000000000022
2022-12-07,0.7682577453590339,0.8992334094257772,1.000000000000002
2022-12-08,0.7666339871648041,0.8984342442653747,1.0000000000000022
2022-12-09,0.7633615257103719,0.8954986791255771,1.000000000000002
2022-12-12,0.7643795672128573,0.8968014281399561,1.000000000000002
2022-12-13,0.7649275811314264,0.8977623039205499,1.000000000000002
2022-12-14,0.7653117188280163,0.8981424840799452,1.000000000000002
2022-12-15,0.7654631003704461,0.8979116949881005,1.0000000000000022
2022-12-16,0.7680736795944513,0.9003155574829359,1.000000000000002
2022-12-19,0.7689885777224208,0.9011470990547822,1.000000000000002
2022-12-20,0.7700090937805709,0.9022212094381377,1.000000000000002
2022-12-21,0.7702234507372486,0.903850339778083,1.0000000000000018
2022-12-22,0.769986302596352,0.906167242960258,1.000000000000002
2022-12-23,0.7722246999737372,0.910677079643968,1.000000000000002
2022-12-26,0.773141274040487,0.9140366007433905,1.000000000000002
2022-12-27,0.7700876339296934,0.911058740178041,1.000000000000002
2022-12-28,0.7699941681645215,0.9112051719744032,1.000000000000002
2022-12-29,0.7691794835252374,0.9106210835827084,1.000000000000002
2022-12-30,0.7690874670536839,0.9104451373039344,1.000000000000002
2023-01-02,0.7687792779037873,0.911375233992643,1.000000000000002
2023-01-03,0.7689832795901855,0.9114684436911032,1.0000000000000018
2023-01-04,0.7703351841316204,0.9133288824671891,1.000000000000002
2023-01-05,0.7693401445680591,0.9123829178919297,1.0000000000000022
2023-01-06,0.7723203599103011,0.9182839402123992,1.0000000000000022
2023-01-09,0.7730668489951932,0.9165728801252294,1.000000000000002
2023-01-10,0.7728339178657218,0.9156014770920454,1.000000000000002
2023-01-11,0.773528634081936,0.9172070375626535,1.0000000000000022
2023-01-12,0.7737726065486237,0.9174590262230841,1.000000000000002
2023-01-13,0.7751695325104808,0.9202411995316682,1.000000000000002
2023-01-16,0.774638895541038,0.9193249964675748,1.000000000000002
2023-01-17,0.7755575974094808,0.9194776652717178,1.000000000000002
2023-01-18,0.7761223342525221,0.9198769644585361,1.0000000000000018
2023-01-19,0.776156450182771,0.9202287524078684,1.000000000000002
2023-01-20,0.7768843835459734,0.921242030017911,1.0000000000000018
2023-01-23,0.7755836882627917,0.9203786217801088,1.000000000000002
2023-01-24,0.7755996025645892,0.9219763182593996,1.000000000000002
2023-01-25,0.7764831108932825,0.9216059376515043,1.000000000000002
2023-01-27,0.7759259985997363,0.9229662606024749,1.000000000000002
2023-01-30,0.773385935349966,0.9196134340043878,1.0000000000000022
2023-01-31,0.7725416686642262,0.9209759084259035,1.0000000000000022
2023-02-01,0.7705222994188606,0.9167700016765129,1.0000000000000022
2023-02-02,0.7705174923546865,0.9167178669467905,1.0000000000000022
2023-02-03,0.7727638525934907,0.9185613075187439,1.0000000000000022
2023-02-06,0.7720925101619992,0.918156500561446,1.0000000000000022
2023-02-07,0.7727758426835626,0.9173047267713417,1.0000000000000022
2023-02-08,0.7697360655337299,0.915688320673978,1.0000000000000022
2023-02-09,0.7697479456474039,0.9159097174384258,1.0000000000000022
2023-02-10,0.7672908971205623,0.9165851912807907,1.000000000000002
2023-02-13,0.7672626341801247,0.917470214181469,1.0000000000000022
2023-02-14,0.7653038095222677,0.9159429098981685,1.000000000000002
2023-02-15,0.764268610916437,0.9161685750474509,1.000000000000002
2023-02-16,0.7634543652018603,0.9164977933197245,1.000000000000002
2023-02-17,0.7621103186085161,0.9216211860173522,1.0000000000000022
2023-02-20,0.7556302302664685,0.9204333739140279,1.000000000000002
2023-02-21,0.7556545106457774,0.9202156635624424,1.000000000000002
2023-02-22,0.7563555582084646,0.9174481306806609,1.000000000000002
2023-02-23,0.7566310941624598,0.9176377439613099,1.0000000000000018
2023-02-24,0.7564843405416839,0.9176040201153116,1.000000000000002
2023-02-27,0.7564543829508935,0.9181371019080611,1.000000000000002
2023-02-28,0.7559476549045266,0.9179661550797812,1.000000000000002
2023-03-01,0.738000035594408,0.9200585835545921,1.0000000000000022
2023-03-02,0.7330209558773564,0.9132009580655477,1.0000000000000024
2023-03-03,0.7304039392267084,0.9079910173943341,1.0000000000000024
2023-03-06,0.7299319107536771,0.9092416136773854,1.0000000000000024
2023-03-08,0.7310026768189998,0.9115461274669007,1.0000000000000024
2023-03-09,0.7289497365734237,0.9070656102901333,1.0000000000000024
2023-03-10,0.734509236843403,0.906397356110436,1.0000000000000024
2023-03-13,0.7321972548270296,0.9049883428361076,1.0000000000000024
2023-03-14,0.730775124466466,0.895517010008929,1.0000000000000022
2023-03-15,0.7341715552013898,0.8998482988018411,1.0000000000000024
2023-03-16,0.7341208060684405,0.8997669912542349,1.0000000000000027
2023-03-17,0.7394254795174103,0.9069370895713545,1.0000000000000027
2023-03-20,0.7411412306663774,0.908125651633524,1.0000000000000027
2023-03-21,0.7442495629843601,0.9086625150803439,1.0000000000000027
2023-03-22,0.742838239164165,0.8988697873195841,1.000000000000003
2023-03-23,0.7421244731673017,0.8984106417387783,1.0000000000000029
2023-03-24,0.744612303221299,0.9021623458224145,1.0000000000000029
2023-03-27,0.7440308084064399,0.9023186085782217,1.0000000000000027
2023-03-28,0.7442548151734154,0.9029022474627773,1.0000000000000027
2023-03-29,0.7437541318338288,0.9043626174346344,1.0000000000000027
2023-03-31,0.740385356316645,0.9074158092859598,1.0000000000000024
2023-04-03,0.739593511051676,0.9068722233879885,1.0000000000000027
2023-04-05,0.7431325844996804,0.9109018170710057,1.0000000000000024
2023-04-06,0.7436542072289566,0.911624478186609,1.0000000000000027
2023-04-10,0.7429344409927088,0.9124096803502552,1.0000000000000029
2023-04-11,0.7345926295876356,0.9075914952169621,1.0000000000000027
2023-04-12,0.7357020604289579,0.9094665734649252,1.0000000000000027
2023-04-13,0.7377695876753172,0.9120054755615346,1.0000000000000027
2023-04-17,0.7372975703638824,0.9116158864723009,1.0000000000000027
2023-04-18,0.7396656776708089,0.9158617317183902,1.0000000000000027
2023-04-19,0.7398635790993341,0.9171279634960593,1.0000000000000029
2023-04-20,0.7383788358377384,0.9157583818519441,1.0000000000000029
2023-04-21,0.7385502104073378,0.9156388115983204,1.0000000000000029
2023-04-24,0.7398279174373671,0.9193638278608992,1.0000000000000027
2023-04-25,0.7375842220825056,0.9205052106046859,1.0000000000000024
2023-04-26,0.7363751252567985,0.9194014301111683,1.0000000000000027
2023-04-27,0.7353760929716929,0.9197741592973022,1.0000000000000024
2023-04-28,0.7359499131763025,0.9213419407394109,1.0000000000000027
2023-05-02,0.7306633686153127,0.9169826451535489,1.0000000000000027
2023-05-03,0.7222813454296706,0.910169104669127,1.0000000000000029
2023-05-04,0.7200525077415928,0.9066532178964056,1.0000000000000029
2023-05-05,0.7181994230823886,0.9052105141850155,1.0000000000000029
2023-05-08,0.7153813746864411,0.902711567155587,1.0000000000000029
2023-05-09,0.7154784751032356,0.902824905964834,1.0000000000000029
2023-05-10,0.7195856830837778,0.907333005247802,1.0000000000000027
2023-05-11,0.7197890004229118,0.9070061297592794,1.000000000000003
2023-05-12,0.7203320993527886,0.9007952103029575,1.000000000000003
2023-05-15,0.7216707304944721,0.9007268968172917,1.0000000000000033
2023-05-16,0.7220687098378636,0.8999138317674419,1.000000000000003
2023-05-17,0.721197568161058,0.8976545081020454,1.000000000000003
2023-05-18,0.7280810687068527,0.8999538220093466,1.0000000000000036
2023-05-19,0.7286306792580558,0.9006962953668292,1.0000000000000036
2023-05-22,0.729376993486009,0.9005466517325519,1.0000000000000038
2023-05-23,0.7380392907930446,0.904024597208608,1.0000000000000036
2023-05-24,0.7369225352446351,0.9032500317235658,1.0000000000000038
2023-05-25,0.7393213064357583,0.8954828835202343,1.0000000000000038
2023-05-26,0.7459507648389563,0.8913077582261792,1.0000000000000038
2023-05-29,0.7467313199341561,0.891507455888357,1.000000000000004
2023-05-30,0.746850169157628,0.8920968663908045,1.0000000000000038
2023-05-31,0.742027769464392,0.8849006762055586,1.0000000000000038
2023-06-01,0.7433046752642244,0.8854150939811667,1.0000000000000038
2023-06-02,0.7450113783657468,0.8850832580163686,1.0000000000000038
2023-06-05,0.7471469412557898,0.8775228612930673,1.0000000000000042
2023-06-06,0.7489125605186996,0.8799594307213445,1.000000000000004
2023-06-07,0.7501009560073856,0.8797764648510348,1.000000000000004
2023-06-08,0.7530345998610212,0.8830096908375668,1.000000000000004
2023-06-09,0.7519170925312004,0.8821763544505499,1.0000000000000038
2023-06-12,0.7513940990154603,0.8812029403543356,1.0000000000000038
2023-06-13,0.7547256346271999,0.8828572826729875,1.000000000000004
2023-06-14,0.7552002912179747,0.8832769071349845,1.0000000000000044
2023-06-15,0.7562471436569607,0.8850221674173128,1.0000000000000042
2023-06-16,0.7671484040684412,0.9023621187367388,1.0000000000000042
2023-06-19,0.7728826475373454,0.9031148121851527,1.0000000000000044
2023-06-20,0.7739935885315258,0.9035708459826017,1.0000000000000044
2023-06-21,0.7746007924106534,0.9047486620312472,1.0000000000000044
2023-06-22,0.7760387094638916,0.900746382805654,1.0000000000000044
2023-06-23,0.7736447143772667,0.8951124918759715,1.0000000000000047
2023-06-26,0.7743695135260943,0.8954356252598996,1.0000000000000047
2023-06-27,0.7787485577703992,0.8986201207085577,1.0000000000000047
2023-06-28,0.7850233851400993,0.9003838992913604,1.0000000000000044
2023-06-30,0.7895181861224189,0.9006279666332286,1.0000000000000047
2023-07-03,0.7822124493230952,0.8906324803956931,1.0000000000000047
2023-07-04,0.7807629930808732,0.889113576671179,1.0000000000000047
2023-07-05,0.7807487354292834,0.8890836617760467,1.0000000000000047
2023-07-06,0.784252085679994,0.8936415100887966,1.0000000000000049
2023-07-07,0.7869748417941491,0.8969050728275778,1.0000000000000047
2023-07-10,0.7869250829862722,0.8969459375980732,1.0000000000000049
2023-07-11,0.7891801417651928,0.8962451660372438,1.0000000000000044
2023-07-12,0.7897009405924046,0.8969146351267686,1.0000000000000044
2023-07-13,0.7889173577178662,0.8893006782659281,1.0000000000000047
2023-07-14,0.7899883183909545,0.8912343481613302,1.0000000000000044
2023-07-17,0.786413626475034,0.8852787612256627,1.0000000000000044
2023-07-18,0.7857551309825616,0.8842515712052247,1.0000000000000049
2023-07-19,0.785981784086102,0.8830368696200489,1.0000000000000047
2023-07-20,0.7861064343011074,0.8825401180853751,1.0000000000000047
2023-07-21,0.7842270044413279,0.8782842905848768,1.0000000000000044
2023-07-24,0.7801345605133618,0.8719751984891989,1.0000000000000044
2023-07-25,0.7861244651924667,0.8778653733729053,1.0000000000000047
2023-07-26,0.7858506295881486,0.8772046711766257,1.0000000000000047
2023-07-27,0.790953724053713,0.8795347370108499,1.0000000000000044
2023-07-28,0.7886508086605125,0.8763730817335854,1.0000000000000047
2023-07-31,0.791221509180479,0.8775130474534658,1.0000000000000044
2023-08-01,0.7917478197693889,0.8784611348000756,1.0000000000000044
2023-08-02,0.7957781880522635,0.880483482912006,1.0000000000000044
2023-08-03,0.794235090630831,0.8764544796816977,1.0000000000000044
2023-08-04,0.8075626371469979,0.8889621568793725,1.0000000000000047
2023-08-07,0.8091832277826917,0.8907554104885061,1.0000000000000047
2023-08-08,0.802869771585122,0.8864229854979871,1.0000000000000047
2023-08-09,0.8042539992808182,0.8886950463212884,1.0000000000000049
2023-08-10,0.8017484129823688,0.8832746298370936,1.0000000000000047
2023-08-11,0.8009763490261236,0.8818578571303664,1.0000000000000049
2023-08-14,0.8010843447744858,0.8818787322516581,1.0000000000000044
2023-08-16,0.7986742606927825,0.881464295087,1.0000000000000047
2023-08-17,0.7989130959215837,0.8809533711479356,1.0000000000000049
2023-08-18,0.8013362774879995,0.8819697594052439,1.0000000000000047
2023-08-21,0.803002955468373,0.8830359513216617,1.0000000000000044
2023-08-22,0.8015277804292518,0.8813262956180125,1.0000000000000049
2023-08-23,0.8011567656708971,0.8773731583000551,1.0000000000000049
2023-08-24,0.8008117023921104,0.8766879973374622,1.0000000000000049
2023-08-25,0.8025786374325433,0.8764493869604885,1.0000000000000049
2023-08-28,0.8009354575208962,0.8663987438563294,1.000000000000005
2023-08-29,0.7986295365501078,0.8651115157287522,1.000000000000005
2023-08-30,0.7989627696265177,0.8654474406680259,1.000000000000005
2023-08-31,0.800308673853434,0.8678192899895012,1.000000000000005
2023-09-01,0.8002441234338535,0.8678343086710798,1.0000000000000049
2023-09-04,0.802677796752047,0.8661660344328109,1.0000000000000049
2023-09-05,0.8073195073471375,0.868245366527355,1.0000000000000053
2023-09-06,0.8146946919088344,0.8777076831142694,1.000000000000005
2023-09-07,0.8158495363231308,0.8785608273462574,1.0000000000000056
2023-09-08,0.8171163247774037,0.8800520818857058,1.0000000000000056
2023-09-11,0.8161879574667661,0.878099031129382,1.0000000000000056
2023-09-12,0.8170033668135018,0.8796735474276065,1.0000000000000053
2023-09-13,0.8177265489560305,0.883062301763062,1.000000000000005
2023-09-14,0.8185549433774002,0.8840459432504089,1.0000000000000056
2023-09-15,0.8181355916817854,0.8829640453494986,1.000000000000005
2023-09-18,0.8151776098576597,0.8768543494616088,1.0000000000000056
2023-09-20,0.8139958388985636,0.870554863375921,1.0000000000000053
2023-09-21,0.816398641371024,0.8732617163822753,1.000000000000005
2023-09-22,0.8165093763073651,0.8798853038544622,1.0000000000000056
2023-09-25,0.8159797724805468,0.8805522112560001,1.0000000000000056
2023-09-26,0.8149754307836461,0.8810496116825033,1.0000000000000058
2023-09-27,0.8132808636575354,0.8804686763349778,1.000000000000006
2023-09-28,0.8149387090066946,0.8867844836667533,1.0000000000000058
2023-09-29,0.7977596980940953,0.8689046342615003,1.000000000000006
2023-10-03,0.7879593275366508,0.8637863133679493,1.000000000000006
2023-10-04,0.7878790894543274,0.8646026110978982,1.0000000000000058
2023-10-05,0.7965386616894597,0.8723468360130908,1.0000000000000062
2023-10-06,0.796377400969423,0.8724431556945317,1.0000000000000062
2023-10-09,0.7904450009886957,0.8684131796381857,1.0000000000000062
2023-10-10,0.7847255294650534,0.8590993497434183,1.0000000000000064
2023-10-11,0.7867008360294442,0.8588349616777523,1.0000000000000064
2023-10-12,0.7877886915391248,0.8600000407089381,1.0000000000000064
2023-10-13,0.7867674653950294,0.8592054494094805,1.0000000000000064
2023-10-16,0.7864519260195902,0.8580067493478785,1.0000000000000062
2023-10-17,0.7849922388697425,0.8573636978650524,1.0000000000000069
2023-10-18,0.7820870227648854,0.8583787390281031,1.000000000000007
2023-10-19,0.7806969419245458,0.854864829991765,1.0000000000000069
2023-10-20,0.7900266660305486,0.8686936074781145,1.0000000000000067
2023-10-23,0.7979781520166133,0.8776591279651653,1.0000000000000067
2023-10-25,0.7909410235937839,0.8661498491813776,1.0000000000000069
2023-10-26,0.7918129519772357,0.8594559024400086,1.0000000000000062
2023-10-27,0.7965655347220388,0.8688695531330933,1.0000000000000062
2023-10-30,0.796145219299944,0.8677630758166419,1.0000000000000062
2023-10-31,0.7974750173538285,0.8708758988491111,1.0000000000000062
2023-11-01,0.7968056213510032,0.8688016810848573,1.0000000000000062
2023-11-02,0.794648475828093,0.8641816411027928,1.0000000000000062
2023-11-03,0.7954132856780471,0.8647180129554056,1.0000000000000064
2023-11-06,0.7843838748307401,0.8516711513429028,1.0000000000000067
2023-11-07,0.7788750162433702,0.8450794741191278,1.0000000000000064
2023-11-08,0.7779090101230787,0.8425980570942645,1.0000000000000064
2023-11-09,0.7772835179370312,0.8420770511691942,1.0000000000000064
2023-11-10,0.7801671874245404,0.8465703950000804,1.0000000000000067
2023-11-13,0.7805605368743863,0.8476349312735374,1.0000000000000064
2023-11-15,0.7713858213067424,0.8357777531196291,1.0000000000000067
2023-11-16,0.7686085068092328,0.8315882527402149,1.0000000000000067
2023-11-17,0.7784776843363334,0.8579827893666155,1.0000000000000069
2023-11-20,0.7783308112991789,0.8569883112219688,1.0000000000000069
2023-11-21,0.7766643946067615,0.8553778387163868,1.000000000000007
2023-11-22,0.7766296007464516,0.8553810534180954,1.0000000000000067
2023-11-23,0.7772874451381916,0.8566433819164398,1.000000000000007
2023-11-24,0.7755044386979194,0.8550148310835899,1.000000000000007
2023-11-28,0.7753107812350588,0.8568781763137843,1.0000000000000075
2023-11-29,0.7752346930248211,0.8528556455091926,1.000000000000007
2023-11-30,0.7774447954449205,0.8558599075077534,1.0000000000000073
2023-12-01,0.7720753405460263,0.8521241624850889,1.0000000000000069
2023-12-04,0.7761330397186118,0.8459835148101396,1.0000000000000067
2023-12-05,0.7771095319131157,0.8485687813639314,1.0000000000000067
2023-12-06,0.7784787711522616,0.8487417459499523,1.0000000000000067
2023-12-07,0.7755322100974621,0.8471539646867092,1.0000000000000069
2023-12-08,0.7751803429425593,0.846638029836195,1.0000000000000069
2023-12-11,0.7740161378356846,0.8469520346077124,1.0000000000000067
2023-12-12,0.7751897938267353,0.8471027519547161,1.0000000000000067
2023-12-13,0.7753480236546206,0.8475795448998251,1.0000000000000064
2023-12-14,0.772189445891104,0.843093560893721,1.0000000000000067
2023-12-15,0.777048216793777,0.8436678799535601,1.0000000000000064
2023-12-18,0.7793577732487684,0.8463378534063991,1.0000000000000069
2023-12-19,0.7790472627708513,0.8461420115705182,1.0000000000000069
2023-12-20,0.7874909964576735,0.8574018821045094,1.0000000000000067
2023-12-21,0.7879077490197672,0.8577097185051256,1.0000000000000064
2023-12-22,0.7887078143160741,0.8579181448872142,1.0000000000000067
2023-12-26,0.7831663044474015,0.8525305458797873,1.0000000000000069
2023-12-27,0.7814771987433414,0.850971708450594,1.0000000000000069
2023-12-28,0.7817824652866278,0.8508404977683632,1.0000000000000069
2023-12-29,0.7806494903455204,0.8438170701450896,1.000000000000007
2024-01-01,0.7775269177458615,0.8398467156887272,1.000000000000007
2024-01-02,0.7767441567829704,0.8341492077339331,1.0000000000000075
2024-01-03,0.7689912311404962,0.8161515233151189,1.0000000000000073
2024-01-04,0.7719904236343836,0.8199348508020201,1.0000000000000073
2024-01-05,0.771896362662989,0.8195364090420183,1.000000000000007
2024-01-08,0.7738820721626485,0.8215340955990073,1.000000000000007
2024-01-09,0.7735166864731704,0.8214840961740578,1.0000000000000073
2024-01-10,0.7747633961566804,0.8242029900041595,1.000000000000007
2024-01-11,0.774245780688377,0.8239122378370153,1.000000000000007
2024-01-12,0.7662572615753637,0.8133389452500583,1.000000000000007
2024-01-15,0.7682746574964856,0.8106010101135978,1.000000000000007
2024-01-16,0.7662352349556758,0.8066813539676121,1.0000000000000073
2024-01-17,0.759313983112698,0.7966412637162537,1.0000000000000067
2024-01-18,0.7581059928729396,0.7967820222397175,1.0000000000000069
2024-01-19,0.7625394622303804,0.8020759393640536,1.000000000000007
2024-01-23,0.771756402862211,0.8083655971992195,1.0000000000000067
2024-01-24,0.7797476138892482,0.8164503766071602,1.0000000000000069
2024-01-25,0.7815064211730584,0.8167405108658725,1.000000000000007
2024-01-29,0.7729340620057492,0.804522956443104,1.0000000000000067
2024-01-30,0.7786238692369051,0.8206376804795723,1.0000000000000067
2024-01-31,0.776385765694704,0.8157667305953087,1.0000000000000067
2024-02-01,0.774245344328032,0.812578083680166,1.0000000000000067
2024-02-02,0.7739275141145581,0.8126809766697747,1.0000000000000067
2024-02-05,0.7745506900024537,0.8172531790899729,1.0000000000000067
2024-02-06,0.7786505343265808,0.8235996204474781,1.0000000000000067
2024-02-07,0.7786442547818881,0.8157017022066213,1.0000000000000067
2024-02-08,0.7623034348778708,0.7846705175439374,1.0000000000000069
2024-02-09,0.760449644585138,0.7813213920884223,1.0000000000000069
2024-02-12,0.7606775598733334,0.7796472097653179,1.0000000000000067
2024-02-13,0.7607564022485217,0.7804063313636136,1.000000000000007
2024-02-14,0.7535973627562919,0.7771253102970805,1.000000000000007
2024-02-15,0.7551833915062346,0.7787928757500819,1.000000000000007
2024-02-16,0.7555056017192816,0.779801723977145,1.000000000000007
2024-02-19,0.7601870027167823,0.7823615956386593,1.0000000000000069
2024-02-20,0.7609260896669424,0.7816216011510626,1.000000000000007
2024-02-21,0.7675026704020147,0.7921270726208554,1.000000000000007
2024-02-22,0.771982727342902,0.7944589231193945,1.000000000000007
2024-02-23,0.7766163657758304,0.7985408691215683,1.0000000000000069
2024-02-26,0.7770751899851418,0.799528529517453,1.0000000000000069
2024-02-27,0.7795649056140624,0.8024781834210463,1.0000000000000069
2024-02-28,0.777847200562148,0.7999142361716701,1.0000000000000069
2024-02-29,0.7788333478791122,0.7984497652877186,1.0000000000000069
2024-03-01,0.7717208106203723,0.7897787479880798,1.0000000000000069
2024-03-04,0.7692832229480467,0.7926599686304462,1.0000000000000069
2024-03-05,0.7674260177140283,0.7921589684571239,1.000000000000007
2024-03-06,0.7660020867197029,0.7896256596396102,1.000000000000007
2024-03-07,0.7637753104476345,0.7868152139160651,1.000000000000007
2024-03-11,0.7659414296815216,0.783772468401901,1.000000000000007
2024-03-12,0.7695818974568104,0.7846823155762134,1.0000000000000067
2024-03-13,0.7970147203464166,0.8104798386294539,1.000000000000007
2024-03-14,0.8091400174436771,0.8234725788884308,1.000000000000007
2024-03-15,0.8140288851038195,0.82649328846466,1.000000000000007
2024-03-18,0.8139661900417253,0.8261651433310211,1.000000000000007
2024-03-19,0.8278634894545395,0.8416563218872287,1.0000000000000073
2024-03-20,0.8312149479151988,0.8448783008447792,1.0000000000000073
2024-03-21,0.840404052195717,0.8459526363670393,1.0000000000000073
2024-03-22,0.8429413725146225,0.8465794239458033,1.0000000000000075
2024-03-26,0.8451697316653739,0.8483856327465857,1.0000000000000078
2024-03-27,0.8441495503336591,0.8464710714627955,1.000000000000008
2024-03-28,0.8491588599107748,0.8513237946142425,1.0000000000000078
2024-04-01,0.8527768488937322,0.85004755765458,1.0000000000000075
2024-04-02,0.8575167755360671,0.8578658949958086,1.0000000000000078
2024-04-03,0.8569149790903083,0.857052424397117,1.0000000000000078
2024-04-04,0.8588077239271996,0.8601367692009939,1.0000000000000078
2024-04-05,0.8600890588565445,0.8573220481965627,1.0000000000000078
2024-04-08,0.8587780526633328,0.8555232896202015,1.000000000000008
2024-04-09,0.8574933283603278,0.8525477730881964,1.0000000000000078
2024-04-10,0.8589232640563287,0.8512758014583527,1.000000000000008
2024-04-12,0.8672620785265818,0.8360021754690201,1.000000000000008
2024-04-15,0.8693820342065556,0.8429608546888633,1.000000000000008
2024-04-16,0.8659301997736386,0.8388072759918883,1.000000000000008
2024-04-18,0.8580074937966032,0.826599176229375,1.000000000000008
2024-04-19,0.8595658304912585,0.8292671601770051,1.0000000000000078
2024-04-22,0.8596813714829262,0.8290313734511918,1.0000000000000078
2024-04-23,0.8616402068563248,0.8306389913539926,1.0000000000000078
2024-04-24,0.8616763002839841,0.8308980740728259,1.0000000000000078
2024-04-25,0.8633293774770212,0.8354282949835549,1.0000000000000075
2024-04-26,0.8642857063365742,0.8360825219788015,1.0000000000000078
2024-04-29,0.8589455591140215,0.8286571562208684,1.0000000000000078
2024-04-30,0.8585031899587752,0.8265612921828289,1.0000000000000075
2024-05-02,0.8591485181465688,0.828273579848634,1.0000000000000073
2024-05-03,0.8678663708589032,0.8427351066718094,1.0000000000000078
2024-05-06,0.8668469271989819,0.8430989287484069,1.0000000000000075
2024-05-07,0.8625214763153668,0.8435661729445041,1.0000000000000075
2024-05-08,0.8644151626983965,0.8455052385683298,1.0000000000000075
2024-05-09,0.8712269199836423,0.8602933803575311,1.0000000000000075
2024-05-10,0.8735456641964104,0.8609308132301141,1.0000000000000073
2024-05-13,0.8729047475755989,0.8595397550008578,1.0000000000000073
2024-05-14,0.8759722528148102,0.863920841560048,1.0000000000000073
2024-05-15,0.8779336194469708,0.8666864809050154,1.0000000000000075
2024-05-16,0.8881763181218792,0.8761315937441572,1.0000000000000075
2024-05-17,0.8889979526620302,0.8774613326218733,1.0000000000000073
2024-05-21,0.8913455976106158,0.8802722343073682,1.0000000000000075
2024-05-22,0.8915966161680421,0.8808582575412469,1.0000000000000073
2024-05-23,0.8859760655997462,0.875237634788841,1.000000000000007
2024-05-24,0.8852907932792999,0.8738864670158019,1.0000000000000073
2024-05-27,0.8846290577110346,0.8736740661135751,1.0000000000000073
2024-05-28,0.8861396941149912,0.8768700220872571,1.0000000000000073
2024-05-29,0.878985162638816,0.8654750706170321,1.0000000000000075
2024-05-30,0.8811697865380951,0.8683098608220389,1.0000000000000073
2024-05-31,0.87994869713799,0.8675586343997518,1.0000000000000073
2024-06-03,0.8873640648858686,0.8874065171473356,1.0000000000000069
2024-06-04,0.9024702003382266,0.9444188155326233,1.000000000000005
2024-06-05,0.9169654915491904,0.9738562980635194,1.0000000000000047
2024-06-06,0.9162176062834728,0.973603620367857,1.0000000000000044
2024-06-07,0.9222821449736449,0.9774477957465167,1.0000000000000047
2024-06-10,0.9228549976279673,0.9776338124261593,1.0000000000000049
2024-06-11,0.9259511095101505,0.9800969332238749,1.000000000000005
2024-06-12,0.9267269288390579,0.9812093992868073,1.0000000000000047
2024-06-13,0.9264456050478506,0.9808092096977384,1.000000000000005
2024-06-14,0.9271788940201057,0.9828863659999487,1.0000000000000053
2024-06-18,0.9282008669659755,0.9846622587556528,1.000000000000005
2024-06-19,0.9297354566921007,0.9869736540106839,1.000000000000005
2024-06-20,0.9277741172724624,0.9850298157534002,1.0000000000000049
2024-06-21,0.9299826832924349,0.9881311797899498,1.0000000000000049
2024-06-24,0.9306521272333567,0.9889837153144416,1.000000000000005
2024-06-25,0.9256667784919177,0.980133068251675,1.0000000000000053
2024-06-26,0.9239723776835845,0.9782295953284321,1.0000000000000053
2024-06-27,0.9218708578447468,0.9739451186486044,1.000000000000005
2024-06-28,0.9218458037216593,0.9723505980067106,1.000000000000005
2024-07-01,0.9223634747234878,0.9718058138498435,1.000000000000005
2024-07-02,0.9224340137293997,0.9718768474623141,1.000000000000005
2024-07-03,0.921558802037764,0.9700359359306718,1.000000000000005
2024-07-04,0.9225187416344299,0.9710344894089601,1.000000000000005
2024-07-05,0.9225370405361041,0.9712951196310573,1.000000000000005
2024-07-08,0.9224944285622143,0.9712278495830274,1.0000000000000049
2024-07-09,0.9246056397066419,0.9736201386735224,1.0000000000000047
2024-07-10,0.925679025282898,0.9746863619528794,1.0000000000000049
2024-07-11,0.9212626265797769,0.9727014237287384,1.0000000000000047
2024-07-12,0.9264370058389494,0.975699278445189,1.000000000000005
2024-07-15,0.9267864730261053,0.9765054695466471,1.0000000000000047
2024-07-16,0.9267650714159452,0.9764297559219062,1.0000000000000049
2024-07-18,0.920355763799668,0.9608831454076772,1.0000000000000049
2024-07-19,0.9220975009324354,0.9649153603655267,1.000000000000005
2024-07-22,0.9211591004083961,0.9639905392677218,1.0000000000000053
2024-07-23,0.9199420653752562,0.9632204791765924,1.000000000000005
2024-07-24,0.9198448895166981,0.9626482242526577,1.000000000000005
2024-07-25,0.9196926347802559,0.9626916764497386,1.0000000000000049
2024-07-26,0.9212929661584603,0.9629356071453982,1.000000000000005
2024-07-29,0.9238176607509336,0.9654387723302563,1.000000000000005
2024-07-30,0.9240918506358801,0.9657093513886882,1.000000000000005
2024-07-31,0.9250083954515369,0.9678949854917113,1.000000000000005
2024-08-01,0.9263161041563833,0.9695837586616735,1.0000000000000049
2024-08-02,0.93359672232602,0.9851436084241973,1.000000000000005
2024-08-05,0.9354516803142263,0.9965471547024769,1.0000000000000049
2024-08-06,0.9367768354478766,0.9988885711831987,1.0000000000000047
2024-08-07,0.9421297272110711,1.0117940387492412,1.0000000000000047
2024-08-08,0.9388160812988287,1.0055405022551813,1.0000000000000044
2024-08-09,0.9472359269161915,1.0281300201871584,1.0000000000000044
2024-08-12,0.9468726702506909,1.027458044143429,1.0000000000000047
2024-08-13,0.9453350941057349,1.0251322047980338,1.0000000000000047
2024-08-14,0.9436972729262356,1.0234886450510174,1.0000000000000049
2024-08-16,0.9434119027479638,1.0205099841522376,1.0000000000000047
2024-08-19,0.9431648319905579,1.0208244224935206,1.0000000000000047
2024-08-20,0.9426934567840388,1.0210805531313887,1.0000000000000049
2024-08-21,0.9423044214067277,1.0205844819330063,1.0000000000000047
2024-08-22,0.941658447626236,1.019835772432047,1.0000000000000049
2024-08-23,0.9440190740312329,1.0243318407637083,1.000000000000005
2024-08-26,0.9431896891229673,1.022339069371933,1.0000000000000047
2024-08-27,0.9435248668228677,1.0228665841614988,1.0000000000000049
2024-08-28,0.9436328633713591,1.0231997739790706,1.000000000000005
2024-08-29,0.9418241805898513,1.0211997497297016,1.000000000000005
2024-08-30,0.9411211751642244,1.0199743055197323,1.000000000000005
2024-09-02,0.9400306932393158,1.0190133686032143,1.0000000000000047
2024-09-03,0.9405282170635587,1.019893454877461,1.0000000000000049
2024-09-04,0.9393621956567141,1.018036758210445,1.0000000000000047
2024-09-05,0.9404781051457406,1.0191047695153217,1.0000000000000044
2024-09-06,0.9355548315225769,1.0146288639531285,1.0000000000000047
2024-09-09,0.9352977836539461,1.0142287681548987,1.0000000000000049
2024-09-10,0.9354254016543244,1.0139185659047862,1.0000000000000049
2024-09-11,0.9347925007548826,1.0130409284367157,1.0000000000000049
2024-09-12,0.932699699063131,1.0055498048010076,1.0000000000000049
2024-09-13,0.933566135129619,1.0062842621182113,1.000000000000005
2024-09-16,0.9342408932909573,1.0078149482415646,1.0000000000000049
2024-09-17,0.9342218755739984,1.0078103364874362,1.000000000000005
2024-09-18,0.9350008563103761,1.0089158422016167,1.000000000000005
2024-09-19,0.9347043315378769,1.0087737003061241,1.000000000000005
2024-09-20,0.9392514218586719,1.0119346987702225,1.0000000000000049
2024-09-23,0.9426649895026854,1.0168527724308576,1.0000000000000049
2024-09-24,0.9417989372940944,1.0157901379573313,1.0000000000000049
2024-09-25,0.9420133548204499,1.0159390481969837,1.000000000000005
2024-09-26,0.9433281721291865,1.0190008586786297,1.0000000000000049
2024-09-27,0.9440762374775586,1.0200471927421095,1.0000000000000049
2024-09-30,0.9491337023590096,1.0305286358637291,1.0000000000000047
2024-10-01,0.9501832685123331,1.0336600278896164,1.0000000000000047
2024-10-03,0.9475760711810659,1.030897583211992,1.0000000000000047
2024-10-04,0.9509365211444065,1.0356165059260527,1.0000000000000049
2024-10-07,0.949821011850525,1.0317312385297295,1.0000000000000047
2024-10-08,0.9547749551556588,1.046296922743054,1.0000000000000044
2024-10-09,0.9547684214608775,1.0456964861688727,1.0000000000000049
2024-10-10,0.955289598200557,1.0447487647314664,1.0000000000000049
2024-10-11,0.9552574664372723,1.044165256331322,1.0000000000000049
2024-10-14,0.9545997208730084,1.0415760806076755,1.000000000000005
2024-10-15,0.9544731787713585,1.041203397778306,1.000000000000005
2024-10-16,0.956282235864562,1.0463262182159825,1.000000000000005
2024-10-17,0.9585105616796421,1.0484121356364045,1.0000000000000049
2024-10-18,0.9584970448224054,1.0487058915849907,1.0000000000000053
2024-10-21,0.9610533570721621,1.05451233341261,1.000000000000005
2024-10-22,0.9654090404142889,1.0588725485214894,1.0000000000000053
2024-10-23,0.9663400856745555,1.0590883622940732,1.000000000000005
2024-10-24,0.967294856558836,1.0598701680411529,1.0000000000000053
2024-10-25,0.9675415665679407,1.0624856690082691,1.0000000000000053
2024-10-28,0.9680280637855745,1.060885010522691,1.000000000000005
2024-10-29,0.9674151640927358,1.0607280224941302,1.000000000000005
2024-10-30,0.9674831290548598,1.0627380197655054,1.0000000000000053
2024-10-31,0.9658825980283925,1.0625981694138023,1.000000000000005
2024-11-01,0.9648327458865295,1.0608081515490067,1.0000000000000056
2024-11-04,0.9646334718884852,1.0613056874379732,1.0000000000000053
2024-11-05,0.9616394889557479,1.0591521266696158,1.000000000000005
2024-11-06,0.961647618663774,1.0542474235856165,1.0000000000000053
2024-11-07,0.9668408141135368,1.0716960290798743,1.0000000000000056
2024-11-08,0.9662615867981635,1.0743848883086529,1.0000000000000056
2024-11-11,0.9672968244670894,1.0754408059172167,1.0000000000000056
2024-11-12,0.9673145090536449,1.0737019356342485,1.0000000000000056
2024-11-13,0.9694477516577462,1.073411438620111,1.0000000000000056
2024-11-14,0.969769916175371,1.0737184188522266,1.0000000000000056
2024-11-18,0.9711956981673728,1.0775274872267175,1.0000000000000058
2024-11-19,0.9716439239405046,1.078088335006536,1.0000000000000056
2024-11-21,0.9688801146645581,1.0750767209219383,1.0000000000000056
2024-11-22,0.9695449742411785,1.075364345455922,1.0000000000000053
2024-11-25,0.9712474492845782,1.077872084156745,1.0000000000000053
2024-11-26,0.9766517255037832,1.0853369779747117,1.0000000000000053
2024-11-27,0.977253552310676,1.087530551277867,1.0000000000000053
2024-11-28,0.9798568519361954,1.0887472211144837,1.0000000000000053
2024-11-29,0.9815638294255139,1.0889519241463284,1.0000000000000053
2024-12-02,0.9815658174570991,1.0886393874986173,1.0000000000000053
2024-12-03,0.9799674567204497,1.0873473699685225,1.000000000000005
2024-12-04,0.9798849143513122,1.0874178113688475,1.000000000000005
2024-12-05,0.9810688403367828,1.0889797859081476,1.000000000000005
2024-12-06,0.9819131778309635,1.0893901690231986,1.000000000000005
2024-12-09,0.9828058933597964,1.0923052213831144,1.000000000000005
2024-12-10,0.9824942790007819,1.0919181026230609,1.000000000000005
2024-12-11,0.982880114242109,1.092859318224691,1.0000000000000053
2024-12-12,0.9857574383128984,1.1022011461830188,1.0000000000000053
2024-12-13,0.9875476523570677,1.100355270247153,1.0000000000000053
2024-12-16,0.9872090956827702,1.100005370013958,1.0000000000000053
2024-12-17,0.9894662626921102,1.0997471183278131,1.000000000000005
2024-12-18,0.9893932486802243,1.097311516805443,1.000000000000005
2024-12-19,0.9871330973366945,1.0951281119571301,1.000000000000005
2024-12-20,0.9920789189330637,1.1056153083230895,1.0000000000000049
2024-12-23,0.9912892251381342,1.1056563713220364,1.000000000000005
2024-12-24,0.9953938547404109,1.1105660780801214,1.000000000000005
2024-12-26,0.9957619929956822,1.1135849236091764,1.000000000000005
2024-12-27,0.9958729310306064,1.113418124637737,1.0000000000000053
2024-12-30,0.9968849080218283,1.1171596238711994,1.000000000000005
2024-12-31,0.9942682170741998,1.1140377435405742,1.000000000000005
2025-01-01,0.9938391373501599,1.1131821320299238,1.000000000000005
2025-01-02,0.9855796746065464,1.1147330722102673,1.000000000000005
2025-01-03,0.9847452819974083,1.1141256132818025,1.0000000000000047
2025-01-06,0.9841809028585754,1.1271306925456577,1.000000000000005
2025-01-07,0.9830037004293978,1.125029741863312,1.0000000000000049
2025-01-08,0.9836361545728454,1.126492676413576,1.0000000000000047
2025-01-09,0.9826238316980035,1.1267579943051371,1.0000000000000047
2025-01-10,0.981553793661478,1.126623380482467,1.0000000000000042
2025-01-13,0.9844846831119374,1.1467066638743668,1.0000000000000044
2025-01-14,0.983944377605393,1.1464533843824745,1.0000000000000044
2025-01-15,0.9841045240135429,1.1474995210523786,1.0000000000000042
2025-01-16,0.983166753655722,1.1453085848497142,1.000000000000004
2025-01-17,0.9814669005746047,1.1429724938416514,1.0000000000000042
2025-01-20,0.9796254753316445,1.1384747618013065,1.0000000000000042
2025-01-21,0.9791747788661851,1.1516448159859163,1.0000000000000044
2025-01-22,0.9808002243587602,1.1503351745786965,1.0000000000000042
2025-01-23,0.9814994532471193,1.153669009890012,1.0000000000000044
2025-01-24,0.9812700197511902,1.1572562854830477,1.0000000000000044
2025-01-27,0.9870917131362006,1.1732777701905812,1.0000000000000042
2025-01-28,0.9860768466035972,1.1728349605377542,1.0000000000000044
2025-01-29,0.9833481727532393,1.1735343486531273,1.0000000000000044
2025-01-30,0.9830705503754932,1.176630736156202,1.0000000000000044
2025-01-31,0.9797017451342187,1.1827252623224893,1.0000000000000044
2025-02-01,0.979249824477565,1.1811989561276794,1.0000000000000047
2025-02-03,0.9845107618039551,1.1940026703386086,1.0000000000000049
2025-02-04,0.9712503689645543,1.1552501621099094,1.0000000000000047
2025-02-05,0.9735328693160311,1.1584996784196344,1.0000000000000047
2025-02-06,0.9751949735653288,1.167217187567217,1.0000000000000049
2025-02-07,0.9747616788487043,1.1659660006541748,1.0000000000000049
2025-02-10,0.9747051048862572,1.1708721040839811,1.0000000000000049
2025-02-11,0.9727392111951911,1.1677407109036595,1.0000000000000049
2025-02-12,0.9730353530471519,1.168508984652888,1.0000000000000049
2025-02-13,0.9833085769140257,1.187106780225164,1.000000000000005
2025-02-14,0.9853059143455696,1.1927930846427688,1.0000000000000049
2025-02-17,0.9852342934884746,1.194957725281968,1.0000000000000049
2025-02-18,0.9858527983449729,1.195638659006414,1.0000000000000049
2025-02-19,0.9865806185073939,1.1951108894464788,1.0000000000000047
2025-02-20,0.9852971417243274,1.1930927420670825,1.0000000000000047
2025-02-21,0.9856769020696008,1.1935188414139764,1.0000000000000047
2025-02-24,0.9835383621764038,1.1889739895375764,1.0000000000000047
2025-02-25,0.983071749664291,1.1893187119890327,1.0000000000000047
2025-02-27,0.9808308092986495,1.1857212082593596,1.0000000000000044
2025-02-28,0.9791410557453979,1.176537716781466,1.0000000000000044
2025-03-03,0.9791225886199116,1.17631948392706,1.0000000000000044
2025-03-04,0.9796667676682118,1.1758230376477663,1.0000000000000042
2025-03-05,0.9785907935831069,1.178565869403405,1.000000000000004
2025-03-06,0.9781372582563629,1.176685618759365,1.0000000000000047
2025-03-07,0.978322371564076,1.1770074000480708,1.0000000000000042
2025-03-10,0.9843330953949526,1.1889287499490393,1.0000000000000044
2025-03-11,0.9843422906434424,1.1901739428369495,1.0000000000000042
2025-03-12,0.9846144398465164,1.1898449734600123,1.0000000000000042
2025-03-13,0.9838900338917002,1.189295683798046,1.0000000000000042
2025-03-17,0.9831162859580692,1.1904876153560326,1.0000000000000042
2025-03-18,0.972261776803188,1.1799015734040128,1.0000000000000044
2025-03-19,0.9739021002546394,1.182241519938034,1.0000000000000042
2025-03-20,0.9634662988531815,1.1714541522901654,1.0000000000000044
2025-03-21,0.9593122434073552,1.162822163464052,1.0000000000000044
2025-03-24,0.9528890221656674,1.1512158398826884,1.0000000000000044
2025-03-25,0.952911001003021,1.1512755277503182,1.0000000000000042
2025-03-26,0.9464894401989425,1.1390342911133973,1.0000000000000044
2025-03-27,0.945819342391789,1.1397077655844003,1.0000000000000042
2025-03-28,0.9443683037860109,1.1394893770959638,1.0000000000000042
2025-04-01,0.9419428233117628,1.1211159680598,1.0000000000000042
2025-04-02,0.9385896908022721,1.1186068298916834,1.0000000000000042
2025-04-03,0.9383468912951641,1.1189157750102396,1.0000000000000042
2025-04-04,0.9354107776886063,1.1191220696382786,1.000000000000004
2025-04-07,0.922434982265826,1.1861490515736217,1.0000000000000038
2025-04-08,0.9184730525948799,1.1802139316275575,1.0000000000000038
2025-04-09,0.9181719194498265,1.1825827947893925,1.0000000000000038
2025-04-11,0.913484825526303,1.183791130164834,1.0000000000000038
2025-04-15,0.9068620266861633,1.1779788927152974,1.0000000000000038
2025-04-16,0.9072073278614748,1.1808503464553985,1.0000000000000038
2025-04-17,0.902845120530706,1.1769024261348098,1.0000000000000036
2025-04-21,0.9006549317950809,1.1808616905271154,1.0000000000000036
2025-04-22,0.9014456253497617,1.1855924925206658,1.0000000000000036
2025-04-23,0.9016050242270752,1.1855846092080042,1.0000000000000036
2025-04-24,0.90273970732088,1.1870999458227476,1.0000000000000038
2025-04-25,0.906315655384928,1.1978745269414877,1.0000000000000036
2025-04-28,0.9035468173698158,1.1957674854442966,1.0000000000000038
2025-04-29,0.9046187788811298,1.197804017909573,1.0000000000000036
2025-04-30,0.9045731166216923,1.1981069204520371,1.0000000000000038
2025-05-02,0.9044533218849015,1.1977898835499532,1.0000000000000036
2025-05-05,0.9060106446530213,1.2002878380811257,1.0000000000000036
2025-05-06,0.9051469024536825,1.2019439033306418,1.0000000000000038
2025-05-07,0.9074405978318169,1.2061014584551446,1.0000000000000038
2025-05-08,0.908833018779473,1.2071144299629415,1.0000000000000036
2025-05-09,0.9057266325150454,1.2036205792547026,1.0000000000000036
2025-05-12,0.8910476690086618,1.1918407182571678,1.0000000000000036
2025-05-13,0.8901510706362109,1.1891790062457241,1.0000000000000036
2025-05-14,0.8923175048642369,1.1904106649942707,1.0000000000000036
2025-05-15,0.8916849438404857,1.1934539101553772,1.0000000000000038
2025-05-16,0.8897696226463077,1.1926201587032805,1.0000000000000038
2025-05-19,0.889053784587877,1.1918549947706978,1.0000000000000038
2025-05-20,0.8900264701107012,1.1924542341737898,1.0000000000000038
2025-05-21,0.8908418361362022,1.1917430250743828,1.0000000000000033
2025-05-22,0.8916539368992401,1.1927959700688506,1.0000000000000033
2025-05-23,0.8879476970517635,1.1905414478215313,1.0000000000000036
2025-05-26,0.8878968916870896,1.1905744670220393,1.0000000000000036
2025-05-27,0.8862341669426725,1.18636365665761,1.0000000000000038
2025-05-28,0.8855055065329253,1.1858740712065436,1.0000000000000038
2025-05-29,0.8872940722225745,1.1910014324813025,1.0000000000000036
2025-05-30,0.8878143670265646,1.191279422802589,1.0000000000000036
2025-06-02,0.8873933047584602,1.190868231444012,1.000000000000004
2025-06-03,0.8869030297078428,1.18930568550188,1.0000000000000038
2025-06-04,0.8895360956375443,1.1937070868138342,1.0000000000000038
2025-06-05,0.8895467235624007,1.1966973500936444,1.0000000000000038
2025-06-06,0.887602987396728,1.1955334246343308,1.0000000000000038
2025-06-09,0.8833495836098308,1.199557941978384,1.0000000000000038
2025-06-10,0.8746102729704678,1.2185030202908862,1.0000000000000044
2025-06-11,0.8580735041009453,1.2057121696948498,1.0000000000000047
2025-06-12,0.862066934999477,1.211545518081821,1.0000000000000049
2025-06-13,0.8530499723950213,1.2098302131437126,1.0000000000000049
2025-06-16,0.854196930420654,1.2113299191536435,1.0000000000000047
2025-06-17,0.8544327745399711,1.2116809968068383,1.0000000000000049
2025-06-18,0.8541556471869481,1.2096211250145585,1.0000000000000049
2025-06-19,0.8535552613338332,1.209248818254379,1.0000000000000049
2025-06-20,0.8569967370739513,1.212404048008554,1.0000000000000049
2025-06-23,0.8545552694096243,1.2029545976633247,1.0000000000000042
2025-06-24,0.8530999063498195,1.2008071105737472,1.0000000000000044
2025-06-25,0.8531363318199526,1.1993982718317577,1.0000000000000044
2025-06-26,0.8514637301024669,1.1921505480400396,1.0000000000000044
2025-06-27,0.8513348516597743,1.190285316924829,1.0000000000000047
2025-06-30,0.8526832556466781,1.1902834506036541,1.0000000000000044
2025-07-01,0.8539163660995233,1.1919256450796094,1.0000000000000047
2025-07-02,0.8555588417882414,1.1944431835702727,1.0000000000000044
2025-07-03,0.8557681833589139,1.1955456681175476,1.0000000000000047
2025-07-04,0.8548655615183192,1.1906213933676317,1.0000000000000044
2025-07-07,0.8549137463982511,1.1907365958633924,1.0000000000000047
2025-07-08,0.8552395024434143,1.19218537397575,1.0000000000000047
2025-07-09,0.8550747874940872,1.1921810211835095,1.0000000000000044
2025-07-10,0.8560217501251279,1.1915397380776374,1.0000000000000044
2025-07-11,0.856097568477016,1.192211049967261,1.0000000000000044
2025-07-14,0.8559471738956989,1.1930976720962876,1.0000000000000044
2025-07-15,0.8556458917332966,1.1937557014558535,1.0000000000000042
2025-07-16,0.8555651402409366,1.1938065361064396,1.0000000000000044
2025-07-17,0.8546418055254655,1.194670685606799,1.0000000000000047
2025-07-18,0.8564278414476997,1.1960398738370561,1.0000000000000044
2025-07-21,0.8566846041923827,1.195981696678918,1.0000000000000044
2025-07-22,0.8606670312101199,1.2098006879403251,1.0000000000000044
2025-07-23,0.8560892961552813,1.2032909000108647,1.0000000000000044
2025-07-24,0.8564633795391451,1.2071532765871746,1.0000000000000047
2025-07-25,0.8558009352991731,1.2077486218802076,1.0000000000000047
2025-07-28,0.8565931867915435,1.2090025988705377,1.0000000000000042
2025-07-29,0.8565680102286887,1.2079725905233645,1.0000000000000044
2025-07-30,0.8529342828572941,1.2101472060802407,1.0000000000000044
2025-07-31,0.8525639941722477,1.2100586709652619,1.0000000000000044
2025-08-01,0.8545419449276022,1.2034627542062257,1.0000000000000047
2025-08-04,0.8549708495395156,1.2028982343718504,1.0000000000000042
2025-08-05,0.8553669632878244,1.2027805016875655,1.0000000000000044
2025-08-06,0.8514532403766586,1.1939394229583127,1.0000000000000044
2025-08-07,0.849254203778368,1.1953464682192847,1.0000000000000047
2025-08-08,0.8507212398861426,1.1916644768456424,1.0000000000000047
2025-08-11,0.8436675570509756,1.1804163791580975,1.0000000000000042
2025-08-12,0.8472253859374433,1.1885994337309638,1.0000000000000044
2025-08-13,0.8387616983723392,1.1654497298176987,1.0000000000000047
2025-08-14,0.8387031207263467,1.165651978739679,1.0000000000000044
2025-08-18,0.8389509020900058,1.1700339504301704,1.0000000000000044
2025-08-19,0.837829569938931,1.168301338332936,1.0000000000000044
2025-08-20,0.8358462327745743,1.1707432612224042,1.0000000000000047
2025-08-21,0.8356078730869623,1.1699605573586458,1.0000000000000044
2025-08-22,0.833517291216356,1.165909721994568,1.0000000000000049
2025-08-25,0.8334538224717631,1.165420612291123,1.0000000000000049
2025-08-26,0.8352680146329857,1.1669683002057971,1.0000000000000047
2025-08-28,0.8373914317329665,1.1672086669828323,1.0000000000000047
2025-08-29,0.8378961204850939,1.168635379578319,1.0000000000000049
2025-09-01,0.8383844500678084,1.1721681481598571,1.000000000000005
2025-09-02,0.8373413836932851,1.1701660006584533,1.0000000000000047
2025-09-03,0.8390416316342963,1.1730261443047234,1.0000000000000047
2025-09-04,0.83843072207118,1.1730895248852533,1.000000000000005
2025-09-05,0.8391547364172122,1.1737194535929303,1.0000000000000047
2025-09-08,0.8387107105554447,1.1723649982757363,1.0000000000000047
2025-09-09,0.8406125894451916,1.1727647086910216,1.0000000000000047
2025-09-10,0.8403243567590079,1.1724736454214675,1.000000000000005
2025-09-11,0.841995468201219,1.175511356375632,1.000000000000005
2025-09-12,0.8420390990027301,1.1750828237389448,1.0000000000000049
2025-09-15,0.8418443528259326,1.1749883889261015,1.000000000000005
2025-09-16,0.8445210436612445,1.177071603865108,1.0000000000000049
2025-09-17,0.8429747926944826,1.1858834051030873,1.0000000000000049
2025-09-18,0.842833861596988,1.1845022824659144,1.000000000000005
2025-09-19,0.8431618390900688,1.1846183453471073,1.0000000000000047
2025-09-22,0.8436771123949605,1.1849262217796521,1.0000000000000049
2025-09-23,0.8434766642180542,1.1851797278082352,1.000000000000005
2025-09-24,0.8439267763524084,1.1851752818684742,1.0000000000000049
2025-09-25,0.8365509014290186,1.1835933450406226,1.0000000000000049
2025-09-26,0.8362560133271592,1.1805249634387105,1.0000000000000053
2025-09-29,0.8361883529399454,1.1802652067586321,1.0000000000000053
2025-09-30,0.8359913146180018,1.180402422396356,1.000000000000005
2025-10-01,0.8339001438531369,1.1788812237474586,1.0000000000000049
2025-10-03,0.834736593252761,1.179275163425771,1.0000000000000049
2025-10-06,0.8298346233760248,1.169779415812202,1.000000000000005
2025-10-07,0.8298405224012522,1.1693077986626605,1.000000000000005
2025-10-08,0.8320819822211681,1.1808684532356688,1.000000000000005
2025-10-09,0.8297047120952445,1.1796569748145351,1.000000000000005
2025-10-10,0.831143632896077,1.1864558455261043,1.0000000000000047
2025-10-13,0.8240132655469715,1.166951559263574,1.0000000000000049
2025-10-14,0.8248470028131458,1.1689877465686873,1.0000000000000049
2025-10-15,0.8266960324827207,1.1726860921230169,1.0000000000000049
2025-10-16,0.8269002554805127,1.1732371087488207,1.0000000000000047
2025-10-17,0.8284518463572408,1.1765773236846875,1.0000000000000044
2025-10-20,0.828656938629073,1.175905397207547,1.0000000000000047
2025-10-21,0.8272315618001842,1.172001915598775,1.0000000000000042
2025-10-23,0.825965500520166,1.172971831582349,1.0000000000000042
2025-10-24,0.8257401608181499,1.1715113963895905,1.0000000000000044
2025-10-27,0.8243693842618922,1.1676433867651117,1.0000000000000044
2025-10-28,0.8195207204529632,1.1664459308345065,1.0000000000000042
2025-10-29,0.8179952124596737,1.1656576275614867,1.0000000000000042
2025-10-30,0.8181820283472807,1.1644183680668354,1.0000000000000044
2025-10-31,0.814877413472963,1.1599581155387408,1.0000000000000038
2025-11-03,0.8144343212113809,1.1630171800431541,1.000000000000004
2025-11-04,0.8164728865306468,1.1616441801875912,1.0000000000000044
2025-11-06,0.8171292230930403,1.1604182295016636,1.0000000000000038
2025-11-07,0.8176160999140936,1.1600985346552448,1.0000000000000042
2025-11-10,0.8162044679334932,1.1549717730583684,1.000000000000004
2025-11-11,0.8184461446273111,1.1605774586549151,1.0000000000000042
2025-11-12,0.8212212465632832,1.1682139648637981,1.000000000000004
2025-11-13,0.8173597615597192,1.16921802643465,1.0000000000000042
2025-11-14,0.8119984067589009,1.1540087858183468,1.0000000000000042
2025-11-17,0.8126469441498175,1.1522913849437897,1.0000000000000042
2025-11-18,0.8129999443362061,1.152607310348271,1.0000000000000044
2025-11-19,0.8133453655899615,1.15755271284207,1.0000000000000042
2025-11-20,0.8097270363995702,1.1611221975287218,1.0000000000000042
2025-11-21,0.8091192210018198,1.1602667691000685,1.0000000000000042
2025-11-24,0.8097053030486008,1.1599832597372666,1.0000000000000042
2025-11-25,0.8085930105213456,1.1585136834531773,1.0000000000000044
2025-11-26,0.811376532067529,1.1597667994530079,1.0000000000000044
2025-11-27,0.802860163986006,1.1589306715927157,1.0000000000000044
2025-11-28,0.7975572295112148,1.1542941106331865,1.0000000000000047
2025-12-01,0.7972512006496231,1.1537175892057272,1.0000000000000047
2025-12-02,0.7962805283852248,1.1492769907299318,1.0000000000000047
2025-12-03,0.7934451631681916,1.1539823960688278,1.0000000000000047
2025-12-04,0.7894965142555955,1.1537414982862377,1.0000000000000047
2025-12-05,0.7874663667621137,1.1521663349024986,1.0000000000000049
2025-12-08,0.7916686204609756,1.1591399297388687,1.0000000000000049
2025-12-09,0.7918204968716511,1.1575378434719426,1.0000000000000049
2025-12-10,0.7882419308114027,1.154643120902628,1.000000000000005
2025-12-11,0.7879098087237869,1.1542327218416515,1.000000000000005
2025-12-12,0.7874013239976934,1.1541077484203062,1.0000000000000047
2025-12-15,0.7872944818653504,1.1536909161931201,1.0000000000000047
2025-12-16,0.7855329640763647,1.1495945618838328,1.0000000000000047
2025-12-17,0.7858362833136583,1.1502969164976715,1.0000000000000047
2025-12-18,0.7829627935911875,1.1521933718057884,1.0000000000000047
2025-12-19,0.7838186691081709,1.154897815252943,1.0000000000000049
2025-12-22,0.7810569050905903,1.163450305634894,1.0000000000000047
2025-12-23,0.7819319714326196,1.1690125201665906,1.0000000000000049
2025-12-24,0.7840846689610886,1.1731073254061208,1.0000000000000049
2025-12-26,0.7749135107172831,1.1620312034065918,1.000000000000005
2025-12-29,0.7756447029479928,1.1621544938989437,1.000000000000005
2025-12-30,0.7756184214120289,1.1625877823043704,1.000000000000005
2025-12-31,0.7757351241303077,1.1640102356382582,1.0000000000000049
2026-01-01,0.7753604098479593,1.1618649710769504,1.000000000000005
2026-01-02,0.7753778951639297,1.1611649182756998,1.0000000000000049
2026-01-05,0.7753723448853049,1.1593498344787518,1.0000000000000049
2026-01-06,0.7751717710580885,1.1639182637586374,1.0000000000000049
2026-01-07,0.7799559274039818,1.158459674341486,1.000000000000005
2026-01-08,0.7841420311024346,1.1598786193827406,1.0000000000000053
2026-01-09,0.7847525263141488,1.144429218119533,1.0000000000000053
2026-01-12,0.7857743688143088,1.1478293843805507,1.0000000000000053
2026-01-13,0.786782684003397,1.1487426537997023,1.0000000000000056
2026-01-14,0.7895391611168322,1.1495307882551933,1.0000000000000053
2026-01-15,0.7902464219830271,1.149465692765134,1.0000000000000056
2026-01-16,0.7865734533242726,1.1274945990934362,1.0000000000000056
2026-01-19,0.7853883470385413,1.1247047611727878,1.0000000000000053
2026-01-20,0.7908023145540971,1.1234789824354445,1.000000000000005
2026-01-21,0.7923031534547905,1.128089365188057,1.0000000000000053
2026-01-22,0.7963445544272664,1.1351124253914187,1.0000000000000053
2026-01-23,0.7978332825692078,1.1391490362348835,1.000000000000005
2026-01-27,0.7949980321274798,1.120357813354843,1.0000000000000053
2026-01-28,0.7986400558135314,1.1352931361294598,1.000000000000005
2026-01-29,0.7974909618154131,1.1322672681760824,1.0000000000000053
2026-01-30,0.7957753055764737,1.1245820633114167,1.0000000000000053
2026-02-02,0.7874457654350664,1.1180525639858356,1.0000000000000053
2026-02-03,0.7936660257990128,1.1047365533561433,1.000000000000005
2026-02-04,0.7938258576186867,1.100205231267094,1.0000000000000053
2026-02-05,0.7929194712078069,1.0971672333207998,1.0000000000000053
2026-02-06,0.7913902160747409,1.0829595669508953,1.0000000000000053
2026-02-09,0.7918533146727879,1.0871025775352865,1.0000000000000053
2026-02-10,0.792833376505709,1.0865055690402754,1.0000000000000053
2026-02-11,0.8022402472623986,1.127189256402532,1.0000000000000056
2026-02-12,0.8030244954831487,1.1240282449016334,1.0000000000000056
2026-02-13,0.8065348149499435,1.1112092558870168,1.0000000000000056
2026-02-16,0.810179987414206,1.1129597717243183,1.0000000000000053
2026-02-17,0.8099978799352503,1.1039858196900825,1.0000000000000056
2026-02-18,0.8114358726367069,1.1106495850000453,1.0000000000000053
2026-02-19,0.8169234568460819,1.1158571790705267,1.0000000000000053
2026-02-20,0.8181939174837881,1.1169408794837448,1.000000000000005
2026-02-23,0.8182096552137417,1.1112822057937408,1.000000000000005
2026-02-24,0.8230936872586575,1.115568238452117,1.0000000000000053
2026-02-25,0.8235429674232551,1.1151692339749655,1.000000000000005
2026-02-26,0.8231929949415613,1.1151654161325677,1.0000000000000053
2026-02-27,0.82710237955146,1.1118328727687732,1.000000000000005
2026-03-02,0.8224176110167981,1.1020058158236294,1.000000000000005
2026-03-04,0.8227453348437634,1.1070057297086604,1.000000000000005
2026-03-05,0.824663036683668,1.1106364863899574,1.000000000000005
2026-03-06,0.819463890409507,1.1012791253603793,1.0000000000000049
2026-03-09,0.8143026393633233,1.1079991147143642,1.0000000000000049
2026-03-10,0.8128057773004098,1.1075076132702297,1.000000000000005
2026-03-11,0.8102018960509367,1.1089958662478927,1.0000000000000049
2026-03-12,0.8069832804236412,1.1018575700310629,1.000000000000005
2026-03-13,0.8061984863948227,1.1039093263153485,1.0000000000000049
2026-03-16,0.8016018177186875,1.0986599442339198,1.0000000000000049
2026-03-17,0.8030710619984388,1.0983357046710374,1.000000000000005
2026-03-18,0.8018906792852781,1.0962240101397143,1.0000000000000049
2026-03-19,0.7954200086386753,1.0893245498224713,1.0000000000000047
2026-03-20,0.7949016954375144,1.0904206130645986,1.0000000000000047
2026-03-23,0.7905486175747105,1.0959386573767735,1.0000000000000044
2026-03-24,0.7972091301967091,1.1031919273020983,1.0000000000000044
2026-03-25,0.7924802010819364,1.0981653816925625,1.0000000000000047
2026-03-27,0.7830559916090544,1.0902528092864663,1.0000000000000042
2026-03-30,0.7791247704957133,1.089359216415459,1.0000000000000042
2026-04-01,0.7815377021708176,1.1111376791908478,1.0000000000000042
2026-04-02,0.7814968299846792,1.1109889238707964,1.0000000000000042
2026-04-06,0.7845472262778365,1.1277617251098542,1.0000000000000042
2026-04-07,0.7849726610109109,1.1255002632190803,1.0000000000000042
2026-04-08,0.7635885883691476,1.0917511238503277,1.0000000000000038
2026-04-09,0.7620112504147224,1.1082118198990678,1.0000000000000038
2026-04-10,0.7605882674375535,1.1073711715697718,1.0000000000000042
2026-04-13,0.7611006567009851,1.1073328604017925,1.000000000000004
2026-04-15,0.7624681616244394,1.1078819205222288,1.0000000000000038
2026-04-16,0.7676073819952554,1.0337558040998625,1.000000000000004
2026-04-17,0.7695226840995388,1.0378883581375267,1.000000000000004
2026-04-20,0.7699792537785813,1.0353464893794866,1.000000000000004
2026-04-21,0.7711892673520236,1.0299581599237857,1.0000000000000042
2026-04-22,0.7741764000509871,1.0298309537798256,1.0000000000000044
2026-04-23,0.772818571023904,1.0289146311818504,1.0000000000000044
2026-04-24,0.7768708119381842,1.0275220395838531,1.000000000000004
2026-04-27,0.7786297558030547,1.0158123103144825,1.0000000000000042
2026-04-28,0.7782332089955457,1.015330982672568,1.0000000000000042
2026-04-29,0.7777624364018483,1.0143631365028989,1.000000000000004
2026-04-30,0.7776419625258947,1.016149253843416,1.0000000000000042
2026-05-01,0.7772127091858588,1.0103088512774465,1.000000000000004
2026-05-04,0.7779270212629387,1.0089213427268338,1.000000000000004
2026-05-05,0.7774346324238652,1.00792628618322,1.0000000000000042
2026-05-06,0.7749397999628098,1.010337475729249,1.000000000000004
2026-05-07,0.7751749028269077,1.0104966157179738,1.000000000000004
2026-05-08,0.7717553144029976,1.0044398817180182,1.0000000000000038
2026-05-11,0.7698353633490462,1.0034422972764494,1.0000000000000038
2026-05-12,0.7705623944506355,1.008970588702717,1.0000000000000038
2026-05-13,0.7692265772251616,1.0094362806363248,1.000000000000004
2026-05-14,0.771034207943785,1.011488901899886,1.000000000000004
2026-05-15,0.7769462599990434,1.0062970341966344,1.0000000000000042
2026-05-18,0.777836120718136,1.0086164795358379,1.0000000000000047
2026-05-19,0.7771104106452139,1.007490161962904,1.0000000000000042
2026-05-20,0.7752639924018521,0.9984173404546801,1.0000000000000042
2026-05-21,0.7755392442016129,0.99892361916582,1.0000000000000047
2026-05-22,0.7750741805883187,0.9993034233821529,1.0000000000000042
2026-05-25,0.7706714346810858,0.9946293986133333,1.0000000000000042
2026-05-26,0.7675569089644111,0.9935257383098388,1.0000000000000042
2026-05-27,0.7662460580841253,0.9918935578507576,1.000000000000004
2026-05-28,0.767426976322081,0.9914067973507094,1.0000000000000044
2026-05-29,0.7659668462214061,0.9886663901702156,1.000000000000004
2026-06-01,0.7674102369250742,0.9943823268535004,1.0000000000000042
2026-06-02,0.7681386160764028,0.9956336416625241,1.0000000000000044
2026-06-03,0.7686957940841522,0.9939673907803018,1.000000000000004
2026-06-04,0.7682138353525763,0.9939608571955275,1.0000000000000038
2026-06-05,0.7685219117320901,0.9946714630547858,1.0000000000000042
2026-06-08,0.7650803014145112,0.9918049625568632,1.0000000000000042
2026-06-09,0.7631141380280713,0.9921868139552649,1.0000000000000044
2026-06-10,0.7625110939508577,0.9887989477580793,1.0000000000000042
2026-06-11,0.7649378494926422,0.9898584240801294,1.0000000000000044
2026-06-12,0.7609652547795017,0.9851989172781863,1.000000000000004
2026-06-15,0.7611753465455157,0.9924305486115204,1.0000000000000042
2026-06-16,0.761343680913107,0.9919167250362491,1.0000000000000042
2026-06-17,0.7592499886555992,0.9930777871973068,1.0000000000000042
2026-06-18,0.7610245840734623,0.9971789740524698,1.0000000000000042
2026-06-19,0.75741547877221,0.9909352159285767,1.0000000000000044
2026-06-22,0.7567802950739222,0.989882480077745,1.0000000000000038
2026-06-23,0.7553540411491227,0.990656406788882,1.000000000000004
2026-06-24,0.7533182144280303,0.9901585389683387,1.000000000000004
2026-06-25,0.7461363168461903,0.9800515507834147,1.0000000000000042
2026-06-26,0.7471464382406255,0.9873993440748267,1.000000000000004
2026-06-29,0.7470804046002955,0.986783105620387,1.000000000000004
2026-06-30,0.747243994602377,0.9871225462421984,1.0000000000000047
2026-07-01,0.74680386758964,0.9920841193659369,1.0000000000000042
2026-07-02,0.7451611431859899,0.9923103631054734,1.0000000000000044
2026-07-03,0.7464173915530751,0.9983254152816042,1.0000000000000047
2026-07-06,0.7464571310443825,0.9990498003872472,1.0000000000000047
2026-07-07,0.7465847443288034,1.0027409863822074,1.0000000000000042
2026-07-08,0.7456834195196164,0.9977008638757017,1.0000000000000042
2026-07-09,0.7464486927995622,1.0043322369186056,1.0000000000000044
2026-07-10,0.7451921892013851,1.002960793990056,1.0000000000000042
2026-07-13,0.7452678050570641,1.0034781511746582,1.000000000000004
2026-07-14,0.7439404765542094,1.0022284520686597,1.0000000000000042
2026-07-15,0.7426175263525868,1.0023261847158573,1.0000000000000042
2026-07-16,0.742344470029878,1.0012926433155618,1.0000000000000044
2026-07-17,0.741081227037381,0.9974227010802429,1.0000000000000042
2026-07-20,0.7391461826225614,0.9932281311675074,1.0000000000000049
2026-07-21,0.7391238877307242,0.9931689098780804,1.0000000000000044
2026-07-22,0.7374481743611067,0.9920828616850002,1.0000000000000047
2026-07-23,0.7346116495927718,0.9894993601466016,1.0000000000000042
2026-07-24,0.7339691311018623,0.9887099065188637,1.0000000000000047
2026-07-27,0.7335815605075809,0.9897014190358923,1.0000000000000044
2026-07-28,0.7342701762197923,0.9914077685031006,1.0000000000000044
2026-07-29,0.735096438205688,0.9895733951086212,1.0000000000000042
2026-07-30,0.7353089377690103,0.9880572088157398,1.0000000000000044
