Date,Adaptive Barbell Strategy,Fixed India 10 Portfolio,Nifty 50
2016-10-28,,,
2016-11-01,,,
2016-11-02,,,
2016-11-03,,,
2016-11-04,,,
2016-11-07,,,
2016-11-08,,,
2016-11-09,,,
2016-11-10,,,
2016-11-11,,,
2016-11-15,,,
2016-11-16,,,
2016-11-17,,,
2016-11-18,,,
2016-11-21,,,
2016-11-22,,,
2016-11-23,,,
2016-11-24,,,
2016-11-25,,,
2016-11-28,,,
2016-11-29,,,
2016-11-30,,,
2016-12-01,,,
2016-12-02,,,
2016-12-05,,,
2016-12-06,,,
2016-12-07,,,
2016-12-08,,,
2016-12-09,,,
2016-12-12,,,
2016-12-13,,,
2016-12-14,,,
2016-12-15,,,
2016-12-16,,,
2016-12-19,,,
2016-12-20,,,
2016-12-21,,,
2016-12-22,,,
2016-12-23,,,
2016-12-26,,,
2016-12-27,,,
2016-12-28,,,
2016-12-29,,,
2016-12-30,,,
2017-01-02,,,
2017-01-03,,,
2017-01-04,,,
2017-01-05,,,
2017-01-06,,,
2017-01-09,,,
2017-01-10,,,
2017-01-11,,,
2017-01-12,,,
2017-01-13,,,
2017-01-16,,,
2017-01-17,,,
2017-01-18,,,
2017-01-19,,,
2017-01-20,,,
2017-01-23,,,
2017-01-24,,,
2017-01-25,,,
2017-01-27,,,
2017-01-30,,,
2017-01-31,,,
2017-02-01,,,
2017-02-02,,,
2017-02-03,,,
2017-02-06,,,
2017-02-07,,,
2017-02-08,,,
2017-02-09,,,
2017-02-10,,,
2017-02-13,,,
2017-02-14,,,
2017-02-15,,,
2017-02-16,,,
2017-02-17,,,
2017-02-20,,,
2017-02-21,,,
2017-02-22,,,
2017-02-23,,,
2017-02-27,,,
2017-02-28,,,
2017-03-01,,,
2017-03-02,,,
2017-03-03,,,
2017-03-06,,,
2017-03-07,,,
2017-03-08,,,
2017-03-09,,,
2017-03-10,,,
2017-03-14,,,
2017-03-15,,,
2017-03-16,,,
2017-03-17,,,
2017-03-20,,,
2017-03-21,,,
2017-03-22,,,
2017-03-23,,,
2017-03-24,,,
2017-03-27,,,
2017-03-28,,,
2017-03-29,,,
2017-03-30,,,
2017-03-31,,,
2017-04-03,,,
2017-04-05,,,
2017-04-06,,,
2017-04-07,,,
2017-04-10,,,
2017-04-11,,,
2017-04-12,,,
2017-04-13,,,
2017-04-17,,,
2017-04-18,,,
2017-04-19,,,
2017-04-20,,,
2017-04-21,,,
2017-04-24,,,
2017-04-25,,,
2017-04-26,,,
2017-04-27,,,
2017-04-28,,,
2017-05-02,,,
2017-05-03,,,
2017-05-04,,,
2017-05-05,,,
2017-05-08,,,
2017-05-09,,,
2017-05-10,,,
2017-05-11,,,
2017-05-12,,,
2017-05-15,,,
2017-05-16,,,
2017-05-17,,,
2017-05-18,,,
2017-05-19,,,
2017-05-22,,,
2017-05-23,,,
2017-05-24,,,
2017-05-25,,,
2017-05-26,,,
2017-05-29,,,
2017-05-30,,,
2017-05-31,,,
2017-06-01,,,
2017-06-02,,,
2017-06-05,,,
2017-06-06,,,
2017-06-07,,,
2017-06-08,,,
2017-06-09,,,
2017-06-12,,,
2017-06-13,,,
2017-06-14,,,
2017-06-15,,,
2017-06-16,,,
2017-06-19,,,
2017-06-20,,,
2017-06-21,,,
2017-06-22,,,
2017-06-23,,,
2017-06-27,,,
2017-06-28,,,
2017-06-29,,,
2017-06-30,,,
2017-07-03,,,
2017-07-04,,,
2017-07-05,,,
2017-07-06,,,
2017-07-07,,,
2017-07-10,,,
2017-07-11,,,
2017-07-12,,,
2017-07-13,,,
2017-07-14,,,
2017-07-17,,,
2017-07-18,,,
2017-07-19,,,
2017-07-20,,,
2017-07-21,,,
2017-07-24,,,
2017-07-25,,,
2017-07-26,,,
2017-07-27,,,
2017-07-28,,,
2017-07-31,,,
2017-08-01,,,
2017-08-02,,,
2017-08-03,,,
2017-08-04,,,
2017-08-07,,,
2017-08-08,,,
2017-08-09,,,
2017-08-10,,,
2017-08-11,,,
2017-08-14,,,
2017-08-16,,,
2017-08-17,,,
2017-08-18,,,
2017-08-21,,,
2017-08-22,,,
2017-08-23,,,
2017-08-24,,,
2017-08-28,,,
2017-08-29,,,
2017-08-30,,,
2017-08-31,,,
2017-09-01,,,
2017-09-04,,,
2017-09-05,,,
2017-09-06,,,
2017-09-07,,,
2017-09-08,,,
2017-09-11,,,
2017-09-12,,,
2017-09-13,,,
2017-09-14,,,
2017-09-15,,,
2017-09-18,,,
2017-09-19,,,
2017-09-20,,,
2017-09-21,,,
2017-09-22,,,
2017-09-25,,,
2017-09-26,,,
2017-09-27,,,
2017-09-28,,,
2017-09-29,,,
2017-10-03,,,
2017-10-04,,,
2017-10-05,,,
2017-10-06,,,
2017-10-09,,,
2017-10-10,,,
2017-10-11,,,
2017-10-12,,,
2017-10-13,,,
2017-10-16,,,
2017-10-17,,,
2017-10-18,,,
2017-10-19,,,
2017-10-23,,,
2017-10-24,,,
2017-10-25,,,
2017-10-26,,,
2017-10-27,,,
2017-10-30,,,
2017-10-31,,,
2017-11-01,,,
2017-11-02,,,
2017-11-03,1.7420435905099818,1.8811177397686143,1.2716308260778038
2017-11-06,1.721709164510351,1.8596153856520037,1.2842016087343016
2017-11-07,1.7275064737151091,1.8472067045076814,1.320417918061389
2017-11-08,1.7515219542557072,1.8817366691998898,1.3089510525049457
2017-11-09,1.9372518512397947,2.06087265854463,1.3750898077679095
2017-11-10,2.024620779840859,2.1604220451709737,1.317699610416133
2017-11-13,1.923907985387287,2.0567580625153563,1.1705015110782744
2017-11-14,1.9457750979502357,2.08557270097964,1.2696750688440424
2017-11-15,1.7549037217294652,1.901668288491072,1.0999960437171032
2017-11-16,2.1117047002368188,2.2530624256571508,1.5026108261686708
2017-11-17,2.168117889892895,2.2993533652322657,1.8457381931261216
2017-11-20,2.10701003400113,2.2274454412981877,1.856901288489024
2017-11-21,2.248593000375321,2.387564485936741,1.9272624486745777
2017-11-22,2.2925687195293496,2.4092952089601827,1.9503511512447156
2017-11-23,2.5085215631073083,2.6281166917522176,2.1840326507329504
2017-11-24,2.4662621952744703,2.579443873349822,2.1355516185370615
2017-11-27,2.5017647658467475,2.6237545561245486,2.1056643742647245
2017-11-28,2.5292562377351726,2.6403398502279454,2.174048681889986
2017-11-29,2.385250875191999,2.504690566542583,2.0021992115021057
2017-11-30,2.244664389250052,2.3513203191064065,1.8248103169701084
2017-12-01,2.0809437583507324,2.1798161735895896,1.6839269332346025
2017-12-04,1.9628305959279015,2.074039913986791,1.5908201476285835
2017-12-05,2.0379304447182136,2.1666153321683828,1.6234211648375554
2017-12-06,2.0715631158744987,2.190177364176378,1.6952048816943561
2017-12-07,2.053424672625972,2.1834781709186277,1.7593403551525686
2017-12-08,2.1380869285359907,2.2803222666478598,1.8360972644397386
2017-12-11,2.2672262736436903,2.40729931152394,1.9497531403001023
2017-12-12,2.0028814368651684,2.154752896530341,1.6957775276909017
2017-12-13,1.9584737733553383,2.1227381049446845,1.6241447927704156
2017-12-14,2.011650116970576,2.185021548289741,1.8167116121828821
2017-12-15,2.0678731974364664,2.230530184269416,1.8325703341906152
2017-12-18,2.316596992202056,2.4556132866601645,1.9435775739084786
2017-12-19,2.3861516737071593,2.537737806109822,2.0567984959952366
2017-12-20,2.3738122586984134,2.5434183154480237,2.0558774732621883
2017-12-21,2.4066675999086304,2.574314240972167,2.10157480371114
2017-12-22,2.5360257828770822,2.6936649451714714,2.1850391330682024
2017-12-26,2.5754731477037227,2.7273343504075607,2.253706791622487
2017-12-27,2.693003293979422,2.842785397893386,2.336127383918566
2017-12-28,2.6211218855201026,2.7705135881686145,2.31303777272855
2017-12-29,2.7655973869388197,2.910347872727229,2.488216181112977
2018-01-01,2.5665290522207616,2.718887966730072,2.3461938328227943
2018-01-02,2.537488170918017,2.68522179360706,2.238185895137711
2018-01-03,2.5213802395034133,2.6751120329029687,2.15234438611511
2018-01-04,2.5187685919303737,2.6619044133951437,2.113168821371534
2018-01-05,2.611872516545013,2.7214769333354387,2.176881489680661
2018-01-08,2.564518071484206,2.6583851763071467,2.224025363046176
2018-01-09,2.5009070786197167,2.5855395502206493,2.2405508610093587
2018-01-10,2.486209300144731,2.5419436672245994,2.1337562629374833
2018-01-11,2.550693786849233,2.63704991469282,2.196789535700557
2018-01-12,2.5110944898517613,2.608706111517731,2.2387581273258608
2018-01-15,2.4498965818333325,2.5233701680064917,2.2315899158001713
2018-01-16,2.3275748151690223,2.365233549900173,2.0754640795236656
2018-01-17,2.3309267435731265,2.356245642726217,2.1257865428158573
2018-01-18,2.278761844043553,2.302200512768084,2.1643942543236143
2018-01-19,2.317069861112708,2.344936490068096,2.2227800836387694
2018-01-22,2.3822958755899544,2.3962674850212635,2.3122020196786703
2018-01-23,2.3678888812451446,2.3811013236972363,2.3926555085934655
2018-01-24,2.3342461677577186,2.3244199958176326,2.371221922880553
2018-01-25,2.3833146678653807,2.4013902615692126,2.4857464914040293
2018-01-29,2.4075461925606056,2.410439311524514,2.4900792901378797
2018-01-30,2.208259199155801,2.1992591963450705,2.298904120613358
2018-01-31,2.0362143898071348,2.0094659459723605,2.134692380157827
2018-02-01,2.0825257881641286,1.9908382381690466,2.074302743812341
2018-02-02,1.8217001878124115,1.6949964385812966,1.7588504998775345
2018-02-05,1.7647253568912444,1.700210452860119,1.7528992021815053
2018-02-06,1.618736349891094,1.5503836855856952,1.3862313096151828
2018-02-07,1.506806995149013,1.4654276484611264,1.3410853598622587
2018-02-08,1.5969965314244694,1.5577175329605077,1.430219803073916
2018-02-09,1.5219872191233896,1.47914772667575,1.2227280249097945
2018-02-12,1.5699903965695579,1.524245960142412,1.3473762877813877
2018-02-14,1.5104454521094388,1.4783854019111793,1.305408779537098
2018-02-15,1.533419723541366,1.4742465050379412,1.3386005664478193
2018-02-16,1.4861380027713644,1.4296960876582951,1.2189697778724913
2018-02-19,1.3242355695703436,1.2740142690537093,1.1257526782656353
2018-02-20,1.31857659281769,1.2755909359759656,1.1226258340269497
2018-02-21,1.289216525496609,1.2661474929044236,1.2467693778117417
2018-02-22,1.2564515753729717,1.2050221736112758,1.1681135084478154
2018-02-23,1.272011945921976,1.236564637262251,1.2210747525777859
2018-02-26,1.2204709043746718,1.1704905214146009,1.2424141329730105
2018-02-27,1.2743438588237228,1.2395180323523574,1.1794180507451504
2018-02-28,1.3004631038543966,1.280153117884832,1.0924309519735707
2018-03-01,1.2870708364063244,1.2585983086039139,1.0417797547362564
2018-03-05,1.3397465318456718,1.3383938044920551,0.9876852800355953
2018-03-06,1.1631670279908068,1.1505788462658009,0.8905554687825238
2018-03-07,0.997917359911924,0.9666424274252685,0.7134724330479554
2018-03-08,1.2413920356398662,1.1893428277346267,0.8565862555068312
2018-03-09,1.2301694378663035,1.1860011332331022,0.8429092395314335
2018-03-12,1.286758630707926,1.2531637532565403,0.9489177144814007
2018-03-13,1.2770220636518665,1.247449431821776,0.973534537251315
2018-03-14,1.27026109354935,1.2379943935491327,0.9840348848655348
2018-03-15,1.2588044190026373,1.2243979246091148,0.9294160938779349
2018-03-16,1.1390040602056368,1.1077379456313219,0.7468906021729058
2018-03-19,0.9874669560827175,0.9343186811191988,0.47859742184526066
2018-03-20,1.073778302502406,1.021098599447529,0.5112951161992034
2018-03-21,1.001536507320347,0.9628365864351243,0.46619664544451683
2018-03-22,0.9896135142927341,0.9503929490248072,0.41796375292215154
2018-03-23,0.9209086909174845,0.880421783070505,0.33503496929499027
2018-03-26,1.0973576346437535,1.0572892129400198,0.4714149898833276
2018-03-27,1.2276142691904217,1.1775396644455876,0.627550568993187
2018-03-28,1.1468985501947881,1.082721541729676,0.4947392385537016
2018-04-02,1.2469691037264425,1.2131551732571586,0.5661052549874597
2018-04-03,1.3154810792830227,1.2970168941243492,0.669578798791965
2018-04-04,1.1685743921460803,1.1145307955566746,0.49045792986701836
2018-04-05,1.2216806720328273,1.195453745935816,0.6269459901088829
2018-04-06,1.1963860380830602,1.1793083760539174,0.6010799981403648
2018-04-09,1.168241156902729,1.146132020990171,0.6460610931663335
2018-04-10,1.0709430113818514,1.0545836748453967,0.6001681846170211
2018-04-11,1.0653741653151845,1.0622420153380505,0.5853052659784151
2018-04-12,1.075938485221496,1.0955574118587685,0.6276378973616313
2018-04-13,1.0913905274928466,1.0888694064752928,0.7178647312063476
2018-04-16,1.0936050619732385,1.0865664935574,0.7805750435638623
2018-04-17,1.0750257626147104,1.0761786429166447,0.7409472112718303
2018-04-18,1.0663844434764693,1.061928397865808,0.7561525872565459
2018-04-19,1.1570044377898256,1.161962344651339,0.8507368720367339
2018-04-20,1.2299699929416619,1.2593197256073383,0.8621392947375167
2018-04-23,1.293837118999425,1.339743774557005,0.9193057085769104
2018-04-24,1.2442437295480937,1.2900485883604922,0.9486908331112299
2018-04-25,1.255064111323322,1.3091374485697702,0.8713639079776504
2018-04-26,1.2657534666338128,1.3223739336130231,0.9336872769255214
2018-04-27,1.2246757235156762,1.282454863394918,0.8989371335116401
2018-04-30,1.2223204599224575,1.2933465485005236,0.849930380489115
2018-05-02,1.0992857803650595,1.1762321654867987,0.7821559984517483
2018-05-03,1.0413450448929644,1.1089678875198408,0.7562159973749109
2018-05-04,1.0469997411869,1.1172494164319606,0.7388900679471694
2018-05-07,1.1958422719655766,1.2477385677095985,0.8166648527553431
2018-05-08,1.1311180327123633,1.1948195106400006,0.8207835535433923
2018-05-09,1.0948323033048981,1.1796112338879174,0.7925321675921793
2018-05-10,1.0644583065715059,1.1515372152676724,0.8511535938281319
2018-05-11,1.0306571831212856,1.0868002247821564,0.9014820827608794
2018-05-14,0.9907679184789839,1.0483602775540108,0.8985752754135361
2018-05-15,0.8776438067314654,0.9074198361763104,0.8010196341087291
2018-05-16,0.967338443347509,0.9989659390746157,0.7275549145432407
2018-05-17,0.9677945932735289,1.0095548699076191,0.6951781833607649
2018-05-18,0.8663142431266188,0.9133999392544555,0.5662133559491747
2018-05-21,0.7229580436142643,0.7731281540616272,0.42103768383903456
2018-05-22,0.6886626683153924,0.7286601360731625,0.4257927875452696
2018-05-23,0.7472396455707654,0.775211331055518,0.4259590919538861
2018-05-24,0.856612438192479,0.8940379089907098,0.505477943981545
2018-05-25,0.9025592150803183,0.9501816529832249,0.5785208893427299
2018-05-28,1.017202761387927,1.0665692710570427,0.709783801594955
2018-05-29,1.1592491050603124,1.1955786462338853,0.6849402593889116
2018-05-30,1.0397185565677882,1.055616900770141,0.5166654274585594
2018-05-31,1.0955720144219152,1.0780160920349071,0.5402117293660554
2018-06-01,1.0188469489503753,1.0156511227867326,0.49276517372745565
2018-06-04,0.9864712176077193,0.9741605677835481,0.4089147164457572
2018-06-05,0.8811056227393218,0.8814247504318304,0.37917135220788634
2018-06-06,0.9354028725202979,0.9369084684862357,0.46828140283171166
2018-06-07,0.9683224061179251,0.9798028638604266,0.5060755549258343
2018-06-08,0.8830370454611051,0.9046207897028811,0.4835154366582517
2018-06-11,0.9353257596015323,0.9701071821352545,0.540145326039305
2018-06-12,0.9346526872142344,0.9613500189625137,0.5633578849625845
2018-06-13,1.0445341913287949,1.0669826951060153,0.5929728764201666
2018-06-14,1.0056618509348612,1.0185550785563957,0.5269584155458078
2018-06-15,1.0231329095690196,1.0688714443597749,0.5893686630466094
2018-06-18,0.9560148519549783,0.989468449570382,0.5827860714774098
2018-06-19,0.8538619481944991,0.8956221260061956,0.4880435062078764
2018-06-20,0.968426090478602,0.9836584805025484,0.5850897169312069
2018-06-21,0.9095818344768614,0.9366567184908386,0.5464230163696712
2018-06-22,0.9727674297336365,0.9820931253835399,0.5489612307869999
2018-06-25,0.933957764588863,0.9679511127360039,0.49849754840109123
2018-06-26,0.9174764394412587,0.9526008159043248,0.5248911387109559
2018-06-27,0.8741570752952317,0.9311730057923072,0.43791002511234306
2018-06-28,0.8871658182119654,0.9240926776065428,0.41791420930683365
2018-06-29,1.05577413937036,1.0875425123737752,0.5951679418293148
2018-07-02,0.9957562233285293,1.0196356964584141,0.5634445521143504
2018-07-03,1.00826572780925,1.036528515923321,0.5886967960667506
2018-07-04,1.034427984616025,1.0544489297016337,0.6338207906351704
2018-07-05,0.9793370941919597,0.9898793676997941,0.522384063520439
2018-07-06,1.0696845918068656,1.0954985225463143,0.544680639236403
2018-07-09,1.1177391673598385,1.10368297999708,0.5911334471623466
2018-07-10,1.1477414204364602,1.1498165119294081,0.636449755843394
2018-07-11,1.1721690746392632,1.1887616225044455,0.6461520308702711
2018-07-12,1.0344587372859884,1.0617258574277022,0.6090417430616041
2018-07-13,1.0125353820353804,1.0363807481095315,0.5904232585068029
2018-07-16,0.9056659964019262,0.9280255198299653,0.48738898252578444
2018-07-17,0.8153595054615901,0.8242408784521709,0.47624376495393655
2018-07-18,0.6662034476817615,0.6557757024190203,0.45708961773655615
2018-07-19,0.6308221484898479,0.6247654504073544,0.4076582155820846
2018-07-20,0.672376441066098,0.6926052369259298,0.5426465488724629
2018-07-23,0.630233841163147,0.6668723260584386,0.5370230464274213
2018-07-24,0.7009293413785584,0.7236281001682163,0.605898802294879
2018-07-25,0.7202342427556417,0.724420946290687,0.5631067716450849
2018-07-26,0.6692248517325777,0.6761736137079846,0.544217973440008
2018-07-27,0.6681757096827814,0.6915295721690851,0.6397857312244963
2018-07-30,0.7123690140747302,0.7478420660499121,0.6211669391548301
2018-07-31,0.791817343229009,0.8501130495477677,0.6525919137342113
2018-08-01,0.9342963559335864,0.9875654099429871,0.6496386614548989
2018-08-02,0.7478217345636721,0.8088357978218133,0.5015001376193979
2018-08-03,0.7404661712554398,0.7933345035405194,0.5628233397260801
2018-08-06,0.8065023393794306,0.8380060361587833,0.616811963058631
2018-08-07,0.7878205974365704,0.8084196069823948,0.6850895258037734
2018-08-08,0.812956500636314,0.8476015348439537,0.6855416591557795
2018-08-09,0.8087784936416887,0.8213318681410505,0.7115658043876263
2018-08-10,0.7997922845980893,0.8214811554981493,0.7543328190363263
2018-08-13,0.8926349975462631,0.8952055037728113,0.7605631675796743
2018-08-14,1.022589851882454,1.0506442866184496,0.9156590388209898
2018-08-16,1.1217759698070662,1.1386301956878846,0.9864406737036511
2018-08-17,1.0950096558214728,1.1025660166897653,0.9768947471254752
2018-08-20,1.1217413692900133,1.1199500922716974,0.9456588641636419
2018-08-21,1.0962168714552754,1.0920548463324784,0.9550379132420813
2018-08-23,1.1216334971477915,1.1111607381594586,1.033523534226411
2018-08-24,1.1827355666262933,1.1672350877597628,1.0984376256686752
2018-08-27,1.259821190434121,1.208239496641086,1.1948590008028026
2018-08-28,1.193607319877237,1.1295295457463281,1.1498887377256701
2018-08-29,1.0804695598328518,1.0091704086090978,1.1053318600968018
2018-08-30,1.096148567932595,1.0081344200587843,1.0384088026379266
2018-08-31,1.2230999105880467,1.1272054475247693,1.1655928489086411
2018-09-03,1.0020581572693057,0.889274755311036,0.9930689243244617
2018-09-04,0.9255134412956112,0.8110961238397792,0.9055812589610874
2018-09-05,0.8531556522811116,0.6899130636910806,0.8127160961492977
2018-09-06,0.952139848517987,0.7746510480332708,0.9260513364544155
2018-09-07,1.0385971874191688,0.848346514061591,0.931340536008286
2018-09-10,0.9772691594515006,0.810725226806584,0.8317463264669915
2018-09-11,0.8332059502623657,0.6613126812678073,0.6833413674369212
2018-09-12,0.924752335161051,0.7513718712402053,0.7477085800324657
2018-09-14,0.9169646924221939,0.7414235964398099,0.7980001987983304
2018-09-17,0.7276853573752116,0.5489057684664205,0.59697273619119
2018-09-18,0.7071691063024609,0.5447387628258098,0.5248095156698626
2018-09-19,0.7089636698015371,0.5396583985810656,0.47974999121299516
2018-09-21,0.731997040449024,0.5450128004682118,0.40205350009522994
2018-09-24,0.4856154261597897,0.3438259191013417,0.1864321359407191
2018-09-25,0.45715809333967494,0.30697823334111823,0.2765344220049749
2018-09-26,0.5286228487391252,0.39294716664438084,0.27085974483492736
2018-09-27,0.49888227307685146,0.3668777622117703,0.2234770374423492
2018-09-28,0.5023638416937165,0.3671257861175937,0.33241133633447545
2018-10-01,0.6457716872069258,0.5431426501890934,0.48800097590968583
2018-10-03,0.46572992710390065,0.3897901345518278,0.3566650027238546
2018-10-04,0.46734963090065035,0.3677845250667371,0.2573548624690117
2018-10-05,0.32852029368617447,0.2542115238693434,-0.020083857148886095
2018-10-08,0.2245225873741912,0.1383829787164066,-0.01065071838591674
2018-10-09,0.17274629444168182,0.06555656348646997,-0.11644573215267447
2018-10-10,0.22214920431522847,0.1132058465141096,-0.028061394227360342
2018-10-11,0.07783345982650802,0.0020079111713389173,-0.19289394646785113
2018-10-12,0.08707597144064057,-0.011940328645987458,-0.06898436700361799
2018-10-15,0.05626668217157847,-0.04580514671852005,-0.04392680557790676
2018-10-16,0.152281931713798,0.05698146090694454,-0.009120628653597099
2018-10-17,0.037317662740374354,-0.04768283320038012,-0.08785733783931798
2018-10-19,-0.11250664165683769,-0.18766586641001057,-0.30430345902776296
2018-10-22,-0.24309514743157287,-0.3099932251806816,-0.4125217391839869
2018-10-23,-0.48998159239469496,-0.5660355620893027,-0.5462972254741053
2018-10-24,-0.3877929966663427,-0.459597877072095,-0.4830063292160654
2018-10-25,-0.5104463648212137,-0.5738659070485168,-0.5444653344145011
2018-10-26,-0.5354934378268034,-0.5923552092686296,-0.5694701418301263
2018-10-29,-0.46708512674080643,-0.551462192730816,-0.40879375377119864
2018-10-30,-0.487359464378477,-0.5489601391899924,-0.469501402482295
2018-10-31,-0.3441593711423179,-0.42432855547335824,-0.384195780912221
2018-11-01,-0.27042353417474496,-0.34519802643076614,-0.4280262130143102
2018-11-02,-0.15688831143714516,-0.21628840614685985,-0.2724087967785836
2018-11-05,-0.26648379220007506,-0.32703765988276,-0.3269076551069805
2018-11-06,-0.2451071240781503,-0.2930926367781606,-0.30004956256834137
2018-11-07,-0.31810898028495377,-0.34382409525164037,-0.3307377033033284
2018-11-09,-0.33183424793463073,-0.3396898295047446,-0.32785775919012
2018-11-12,-0.3768978177671481,-0.41444737618767197,-0.4285463302990246
2018-11-13,-0.36959347547627064,-0.39369745493750047,-0.3490335427051663
2018-11-14,-0.28704748040221345,-0.29146835009634686,-0.2757081333274139
2018-11-15,-0.29241718553339646,-0.30456700566051237,-0.20766813377017246
2018-11-16,-0.29856338016199424,-0.31074182902689435,-0.1617977416503269
2018-11-19,-0.2903110871233286,-0.29690046138253884,-0.10984994092753884
2018-11-20,-0.2937012414135508,-0.30855397739891377,-0.11452943649601789
2018-11-21,-0.27931319721542247,-0.3186044766247694,-0.12679977359316916
2018-11-22,-0.26103462886382944,-0.32422915211219405,-0.12829528668933782
2018-11-26,-0.25705167668679996,-0.25467619737069563,-0.1273273893826805
2018-11-27,-0.2717180576538701,-0.28117781969593375,-0.13857765888465215
2018-11-28,-0.2710915777645869,-0.2739629480208116,-0.1176263804567059
2018-11-29,-0.30559822631270234,-0.3097899623362005,-0.041405888757440626
2018-11-30,-0.33174328790122387,-0.35183370037577744,-0.04002333756222562
2018-12-03,-0.4134142960641681,-0.3888040982930504,-0.03986251553544898
2018-12-04,-0.4601332636534856,-0.4279496286673387,-0.08244098756986865
2018-12-05,-0.5886248809808021,-0.5214807918614637,-0.1541622265650698
2018-12-06,-0.6539972887160267,-0.6012581884351823,-0.264961390466899
2018-12-07,-0.6146144917416592,-0.5657437650166219,-0.18785461366147757
2018-12-10,-0.7041975676466771,-0.6494992291994842,-0.23568965724688365
2018-12-11,-0.5049359332102812,-0.45968060856398346,-0.10895040854844247
2018-12-12,-0.28664898814314144,-0.2503458587361917,0.027980139770742724
2018-12-13,-0.22826397343891205,-0.19617253822411168,0.07482491908056521
2018-12-14,-0.14869365321758993,-0.11388549326564325,0.14280186199491965
2018-12-17,-0.22289430885355413,-0.20837771892889578,0.10739274920374009
2018-12-18,-0.24032573727858744,-0.25095595052509134,0.04543027765773164
2018-12-19,-0.2610602411057371,-0.26096875208586806,0.04431074827551178
2018-12-20,-0.12841731314585217,-0.14310379267170797,0.09621623344303748
2018-12-21,-0.2064161211957258,-0.225498606794938,-0.010327392806245622
2018-12-24,-0.2594567576923839,-0.27818314250342085,-0.12186780211092636
2018-12-26,-0.2679046833212528,-0.2910359118116454,-0.13525098936764923
2018-12-27,-0.34031800778167254,-0.3587289062390069,-0.14090083765230108
2018-12-28,-0.29341541374801716,-0.33219043671593096,-0.13880993425422555
2018-12-31,-0.2862694204070792,-0.33339656732528383,-0.12265081079615237
2019-01-01,-0.2696301904092177,-0.3148793451154247,-0.1197190930537008
2019-01-02,-0.4423832046313848,-0.4711538179448158,-0.20987404280677716
2019-01-03,-0.5460163625465682,-0.5584551881483125,-0.32497276035886424
2019-01-04,-0.49810532298692245,-0.5119925961901598,-0.2542565894779545
2019-01-07,-0.455217244928478,-0.46346249628723213,-0.21219046334533204
2019-01-08,-0.5153960450079587,-0.5259920224233957,-0.22967070548970472
2019-01-09,-0.42969601672357405,-0.43653901204863355,-0.19117393950611825
2019-01-10,-0.3848973838773889,-0.38905864330275336,-0.14994714443588641
2019-01-11,-0.46025577633373976,-0.47293219741799986,-0.16993984589483796
2019-01-14,-0.5749533402158092,-0.5844509879958459,-0.257718097727718
2019-01-15,-0.6389523033353801,-0.6309414801741586,-0.1882764921099711
2019-01-16,-0.6592744663350193,-0.6529431924281647,-0.23379015587403873
2019-01-17,-0.6276980182296024,-0.620431175751118,-0.23295525846087708
2019-01-18,-0.7437547396131603,-0.7181170673293162,-0.22818805639517106
2019-01-21,-0.7387403208035865,-0.7197382869282262,-0.20274387509606384
2019-01-22,-0.7520255261279489,-0.7371214183831705,-0.25247131362885666
2019-01-23,-0.811013446329468,-0.7847313762884216,-0.36109016013148326
2019-01-24,-0.7982316104747575,-0.7574762369674191,-0.318294553646275
2019-01-25,-0.8849285465494996,-0.8309284049607893,-0.43239753692218824
2019-01-28,-0.8817260902369526,-0.820434683024941,-0.5370517916058407
2019-01-29,-0.9472669535022473,-0.8653666879033947,-0.600557196170851
2019-01-30,-0.9598913407956555,-0.8798975972983085,-0.6527470982126936
2019-01-31,-0.876924648526452,-0.80074507120122,-0.6021377925600786
2019-02-01,-0.7934349306051978,-0.6676728124263991,-0.558334071590779
2019-02-04,-0.8305828200178897,-0.7175538928870265,-0.5336962644301055
2019-02-05,-0.8604552652377812,-0.723818672666588,-0.5609318397025796
2019-02-06,-0.7922591714628139,-0.6448827087836081,-0.4129821323930229
2019-02-07,-0.7232296849802534,-0.5616109442625561,-0.39283009124540175
2019-02-08,-0.8248429582135246,-0.6504101131112312,-0.47124151223780086
2019-02-11,-0.7306022456994676,-0.5732317410259682,-0.3359618013920761
2019-02-12,-0.6504421686406262,-0.523400581339476,-0.309315301364487
2019-02-14,-0.6525359511217509,-0.5469113374856343,-0.24893304704692618
2019-02-15,-0.6059727116711561,-0.5374430354133481,-0.24863458949945688
2019-02-18,-0.7876979933473127,-0.7454629974477154,-0.3855093373895544
2019-02-19,-0.727784255094489,-0.7040150872248504,-0.32302052827462474
2019-02-20,-0.7813902926334015,-0.7321072529729804,-0.28860208694373835
2019-02-21,-0.73423761140695,-0.6882660900702723,-0.21947241638178755
2019-02-22,-0.7308810550586484,-0.6572689635246497,-0.25178847149451045
2019-02-25,-0.626385171316553,-0.5316686801364312,-0.117424498259952
2019-02-26,-0.545378265031518,-0.45038544755068916,-0.09421330841922666
2019-02-27,-0.475427271886693,-0.3955195867293803,-0.1013898171640923
2019-02-28,-0.4573823986063109,-0.4157834667187209,-0.1400400783910331
2019-03-01,-0.41920101195911486,-0.3479859752736042,-0.07672844222512629
2019-03-05,-0.44505242185791605,-0.3655944636907098,-0.06899140967589754
2019-03-06,-0.5299467816399955,-0.43259566399050564,-0.09088610353863479
2019-03-07,-0.5247475534092152,-0.4290322662809809,-0.06605930865162553
2019-03-08,-0.464471611923138,-0.38223454028465004,-0.03637823961984929
2019-03-11,-0.34233192691007786,-0.22803293429311675,0.0843804577266667
2019-03-12,-0.18967658741275364,-0.057457634597586585,0.2529864827952898
2019-03-13,-0.05097307445758607,0.0835694564245903,0.3657164038587333
2019-03-14,0.06337870480717403,0.20473404327237418,0.4413403070875102
2019-03-15,0.004509696734151079,0.19089739779233822,0.4309966667348607
2019-03-18,-0.04887150254605679,0.11410234828324665,0.46770149075010564
2019-03-19,-0.143238680314208,0.027041427991820056,0.3691319639446887
2019-03-20,-0.1805817698425965,-0.027903626162742622,0.3570456518914307
2019-03-22,-0.1713776984235195,-0.036305287344767304,0.3243891442444756
2019-03-25,-0.2083352801062977,-0.0824106671451315,0.2911690405558542
2019-03-26,-0.06818953543005793,0.07144151553945378,0.5113751084670243
2019-03-27,-0.09714118739677483,0.05403815303658378,0.5657723751717344
2019-03-28,-0.11051293052008486,0.045040487771304684,0.6275291464205935
2019-04-01,-0.06324288907012725,0.061884959302928165,0.6705108340851215
2019-04-02,0.11841559149110133,0.23130079123670125,0.7328845421257463
2019-04-03,0.05563903144169759,0.1971360402888638,0.7805583897840674
2019-04-04,-0.14280883666107963,-0.005073901201883714,0.6452672417208147
2019-04-05,-0.13228350478541792,0.025686154897669868,0.649806173757559
2019-04-08,-0.10922264317907761,0.06943072209132499,0.6635943314218632
2019-04-09,-0.14463689568365945,0.0009299598649305246,0.6333734910823895
2019-04-10,-0.24742241572554285,-0.1141814213130406,0.5453222506124602
2019-04-11,-0.17294225609789107,0.004150444754528081,0.6488503407453322
2019-04-12,-0.2502082053437435,-0.0934053733120086,0.5300713964379881
2019-04-15,-0.2218818375927916,-0.05689183461589514,0.5577587164546599
2019-04-16,-0.19570787919639865,-0.019530340674746075,0.5869023256173157
2019-04-18,-0.20894664256423107,-0.015740815856328222,0.5448089178389751
2019-04-22,-0.30031915662426906,-0.09188828332435306,0.42006272627306823
2019-04-23,-0.37245697187482374,-0.18064918386340165,0.3747902939593959
2019-04-24,-0.3063874867141741,-0.09265439058768635,0.4609191857062178
2019-04-25,-0.3828206850999366,-0.14790177821206402,0.3653218780658876
2019-04-26,-0.3989739079034776,-0.17443157451444447,0.4268842774374117
2019-04-30,-0.394505375666612,-0.1546451614990163,0.4397020821319633
2019-05-02,-0.384601854402667,-0.16431304121185536,0.3937556355335263
2019-05-03,-0.3777915723863266,-0.20296274845234535,0.38608829083532953
2019-05-06,-0.4723529511819993,-0.31175158869925645,0.2908928201078421
2019-05-07,-0.5295207586265944,-0.3573714167018885,0.1983621350466881
2019-05-08,-0.5791061763008829,-0.40150753649285714,0.13433231281492986
2019-05-09,-0.634035111303456,-0.4362275557771577,0.05811492028678042
2019-05-10,-0.6430547801826352,-0.4628271667164278,-0.014062541242497438
2019-05-13,-0.8626706488979539,-0.667383736295227,-0.1412625881214301
2019-05-14,-0.6439349111848932,-0.5088462871270115,-0.07266781965207092
2019-05-15,-0.7131260035529224,-0.5575710017077994,-0.09020632554336765
2019-05-16,-0.6330160356513366,-0.47135475090528706,0.026711814447852193
2019-05-17,-0.6127462236047393,-0.4398534765467816,0.05963099589184196
2019-05-20,-0.2612919047686678,-0.1392308098672253,0.3361528089889963
2019-05-21,-0.3511758257998268,-0.22788587082143888,0.24191840400539888
2019-05-22,-0.23774789553618111,-0.1350708952629745,0.2783136158726762
2019-05-23,-0.26493231514131155,-0.15927101155742163,0.16259460321058183
2019-05-24,-0.05173093268838236,0.018215369059346332,0.2821408442947463
2019-05-27,0.0067379766736564255,0.08901738023877855,0.33630859623938597
2019-05-28,-0.05213582972391623,0.0403885907400187,0.3815036583454213
2019-05-29,-0.04262313700031394,0.06048467512503162,0.37971099098049016
2019-05-30,0.08460630557239232,0.1890325543804396,0.49469402830239806
2019-05-31,0.15151280554147797,0.2683030106019912,0.5376698910129033
2019-06-03,0.3107930365014496,0.4336712237464775,0.6250478308979484
2019-06-04,0.3137300223667314,0.4340388348285234,0.660699254498436
2019-06-06,0.13138646920281302,0.25985070183490605,0.48669462339222797
2019-06-07,0.07383425838681253,0.20816931003162256,0.4394968107073661
2019-06-10,0.08510425703021285,0.2185705728384407,0.41380257689586153
2019-06-11,0.05254800278187623,0.19911406817107763,0.479977081899527
2019-06-12,-0.03277748948214798,0.15326933502689255,0.4557623183752935
2019-06-13,-0.0857598547134593,0.12338470659199581,0.3758810989339535
2019-06-14,-0.03616535147577919,0.16065793303669065,0.3460734659718366
2019-06-17,-0.03859527340640156,0.17303223229842968,0.29644976096208553
2019-06-18,0.03796995707572474,0.22860366451313824,0.33391020835771007
2019-06-19,-0.014517640432722108,0.18345259584727347,0.2696470596701571
2019-06-20,0.0443905523056807,0.22492892952857682,0.3002649856325315
2019-06-21,0.0004155571024882442,0.18062696927855182,0.23198831256458208
2019-06-24,0.07102713312251019,0.23405298708333022,0.20298206228354637
2019-06-25,0.06561437290175574,0.22174919043356986,0.22583805190326978
2019-06-26,0.10131470965355574,0.2471440642716844,0.24853666031861943
2019-06-27,0.17570178038633014,0.3304933807907021,0.278374953941546
2019-06-28,0.12691090099870847,0.26930534161463,0.23832224222306206
2019-07-01,0.2098995861085979,0.3730304054372998,0.2989391549913837
2019-07-02,0.31700044167891384,0.47166549757950693,0.3894414354489193
2019-07-03,0.28867754866474205,0.44715733406780384,0.3508076032312529
2019-07-04,0.38687538258011245,0.5236343702756043,0.3911743968632134
2019-07-05,0.13402288487179215,0.30148039295336526,0.2494996466317654
2019-07-08,-0.020255288467884835,0.1473039669613911,0.1293987685286839
2019-07-09,0.10496551127201391,0.2277035712227326,0.12309051255417032
2019-07-10,0.09161981752471236,0.20456445481682198,0.15388039585025612
2019-07-11,0.2169654464370157,0.32546561251888384,0.26483357358579823
2019-07-12,0.12591903396745632,0.22055475302337701,0.1586874056807294
2019-07-15,0.1371339565661526,0.23696319486892997,0.2212400177385574
2019-07-16,0.15025563438294512,0.2347284013993469,0.23895293060569783
2019-07-17,0.11699799890397175,0.2156799837535706,0.2065015292044445
2019-07-18,0.009895824372751603,0.12476299833956868,0.16261774905383147
2019-07-19,-0.10235709727985902,-0.007583639152348028,0.033214701666996485
2019-07-22,-0.23637280186028892,-0.13366656695739682,-0.06863990399446461
2019-07-23,-0.3092789174384081,-0.22210337345628897,-0.14268789801815387
2019-07-24,-0.38277035314218805,-0.2949981435897853,-0.1821136696117577
2019-07-25,-0.35142263317855493,-0.2670454327503999,-0.245287002402889
2019-07-26,-0.33563068411505675,-0.2513550961376797,-0.22130173159661667
2019-07-29,-0.37530514040908836,-0.2696494572795469,-0.22843629677678198
2019-07-30,-0.3232715619894463,-0.20446069034651457,-0.3443212194527491
2019-07-31,-0.18740614158002755,-0.07183394512830522,-0.30421694666370513
2019-08-01,-0.22110234811985477,-0.07661002224327612,-0.37835737987651213
2019-08-02,-0.20150740769903056,-0.03039545691255656,-0.40251870406342477
2019-08-05,-0.27060975249308483,-0.10702885278937502,-0.54050015315886
2019-08-06,-0.2961721635790147,-0.13231194829276924,-0.5149440734366422
2019-08-07,-0.30545942051541813,-0.13604793292309478,-0.5742216678114497
2019-08-08,-0.24770152445085455,-0.053322353111452406,-0.4752640432043427
2019-08-09,-0.22040881232457013,-0.0005037604466444736,-0.4972547050336403
2019-08-13,-0.40311191552571285,-0.22679099140561887,-0.6393540780329832
2019-08-14,-0.426323772542062,-0.27300266982618765,-0.5933705972736739
2019-08-16,-0.4376379880429125,-0.2611504899548167,-0.574829652649819
2019-08-19,-0.36208116987859745,-0.18928504698957463,-0.5076158865753946
2019-08-20,-0.40835555618505176,-0.21615200084920894,-0.6075351487273324
2019-08-21,-0.4552467131518777,-0.2660946660153682,-0.6873669769423728
2019-08-22,-0.4624379798776866,-0.27248189332032535,-0.8005156436475714
2019-08-23,-0.4264724883655407,-0.2558064106051633,-0.7791289475192711
2019-08-26,-0.3352548368149284,-0.12492724102260468,-0.6339505248620745
2019-08-27,-0.3064222543253607,-0.10784558891138928,-0.5780913970697482
2019-08-28,-0.33928797896107543,-0.13787327849873984,-0.5703801498571017
2019-08-29,-0.3635961573367814,-0.1804332345910379,-0.6819336824381099
2019-08-30,-0.36534624262512594,-0.16240849910480176,-0.6021822850356204
2019-09-03,-0.5244797429810254,-0.37401675761974124,-0.7926884051619177
2019-09-04,-0.5147949226487415,-0.3283294310239797,-0.8124525386805613
2019-09-05,-0.5098134083787417,-0.3376533248776889,-0.8220306528208219
2019-09-06,-0.5242480505956097,-0.34142611647260895,-0.7641440486377575
2019-09-09,-0.5016955197060218,-0.3166037380754695,-0.711929809691154
2019-09-11,-0.6052177578897465,-0.41570054629956305,-0.7751942787222749
2019-09-12,-0.632751466508112,-0.44349024019709576,-0.8366216577087419
2019-09-13,-0.5812629973501383,-0.3918580420330639,-0.7482697500453718
2019-09-16,-0.6361224156653498,-0.457215465229031,-0.7842190281314971
2019-09-17,-0.7149000977524245,-0.5492868182130238,-0.8984458837860446
2019-09-18,-0.5963802183526729,-0.401762501955502,-0.8265235582737509
2019-09-19,-0.5911854738381541,-0.4129300107898918,-0.8737666412148731
2019-09-20,-0.24724254294077025,0.08139387350027602,-0.44921070124386137
2019-09-23,-0.16950663652495135,0.21126499869548038,-0.2902083414419732
2019-09-24,-0.2530033410496643,0.1460471426228162,-0.325879326234628
2019-09-25,-0.17697306731864632,0.21208751818563845,-0.32427427971560285
2019-09-26,-0.06085231127853577,0.330378377572194,-0.16694466550171075
2019-09-27,-0.17782044865971489,0.1931168464617525,-0.24635818165713125
2019-09-30,-0.27185903696364194,0.09569689544618677,-0.35044294097101775
2019-10-01,-0.30202970546007635,0.09751664855376331,-0.3381901096611287
2019-10-03,-0.2537056932678897,0.13453042994544814,-0.30867743054275587
2019-10-04,-0.3144857324117044,0.07467053681096157,-0.36148048397405974
2019-10-07,-0.36785576092686667,0.03963735443458696,-0.33743494077900915
2019-10-09,-0.10463893725072519,0.25808343705637693,-0.12801041935604296
2019-10-10,-0.08203468253148674,0.25562978534578995,-0.23149388885135946
2019-10-11,-0.05042612322553719,0.2822714771087234,-0.18308225115956633
2019-10-14,0.04645893767359576,0.34981389980702954,-0.11835043140415409
2019-10-15,0.21530232324642606,0.5273345119083651,-0.041323323484382335
2019-10-16,0.18872714775884647,0.4736854165856573,-0.06706794474299893
2019-10-17,0.3705687760712292,0.6340432725638885,0.08936432329301758
2019-10-18,0.5673601911522829,0.8308315010062446,0.2883029028961607
2019-10-22,0.6560224262826176,0.9140054421971381,0.427443475621958
2019-10-23,0.703209997939516,0.9858464770453735,0.41622593878854247
2019-10-24,0.812957386756278,1.0943368018414452,0.43420582536334695
2019-10-25,0.7987083093732877,1.0684706654121403,0.3344088972795151
2019-10-27,0.9624031972203797,1.2035428161991948,0.4830023914834995
2019-10-29,0.8786392612376931,1.1507155706631782,0.44685212059343987
2019-10-30,0.9934842952810644,1.2520524713830081,0.4537826095304879
2019-10-31,0.9023479393462719,1.1588668257493102,0.4267105955656889
2019-11-01,0.9791178001333641,1.2087373026877557,0.5203596816690972
2019-11-04,0.9669403371961602,1.1864290953773486,0.6495518435809154
2019-11-05,0.9475157632856691,1.1993054441047948,0.674899724846668
2019-11-06,0.9646362826701226,1.2405149528669217,0.7701904474171853
2019-11-07,0.8852553136914473,1.1477994846078112,0.7446098668503346
2019-11-08,0.8180022526011569,1.0819353913663639,0.7526438715356023
2019-11-11,0.822619171034373,1.0788768854896205,0.8218913084545243
2019-11-13,0.6833173114638931,0.9829180438249261,0.6347418628340425
2019-11-14,0.6561532083587045,0.940351243535094,0.6892553515610015
2019-11-15,0.6277958346526908,0.9004455439836047,0.579263491177664
2019-11-18,0.6455809348560142,0.8940653184858504,0.5769532468169404
2019-11-19,0.629887052410891,0.84357532039958,0.49635166624839694
2019-11-20,0.6738001928179647,0.8732567814495623,0.5503449623779882
2019-11-21,0.6218611691752197,0.8237085755405213,0.5282069143699695
2019-11-22,0.5577887745948876,0.7370005854599109,0.45089700810803024
2019-11-25,0.6214370131634172,0.795798499060862,0.5515444078444133
2019-11-26,0.5602848379975669,0.7928940812974571,0.6001931845113447
2019-11-27,0.561020651551429,0.7866541571682397,0.5705817700455142
2019-11-28,0.6209766959027889,0.8285496129255789,0.6038561327546194
2019-11-29,0.5556653905007217,0.7688626321913736,0.5211856270940486
2019-12-02,0.5196110776233146,0.7411919999908679,0.47365113684753907
2019-12-03,0.40168561381358686,0.6222775055646332,0.38899191042956444
2019-12-04,0.44177279853815493,0.6744535889593102,0.48891824462140804
2019-12-05,0.4504771190150513,0.7016770583915154,0.5118870793757846
2019-12-06,0.4632011163012853,0.734599314711812,0.5035614291451467
2019-12-09,0.3332024034926625,0.55293576636,0.4457412482588318
2019-12-10,0.26712303955738653,0.5175983986707045,0.3598426345341188
2019-12-11,0.24870837137913065,0.4976251669595004,0.36300259825616166
2019-12-12,0.25027314666959033,0.49078791787867654,0.3150051156708029
2019-12-13,0.2897731439975691,0.5333273470067271,0.37041181050287864
2019-12-16,0.34310341464512156,0.529857676741219,0.34663786638186406
2019-12-17,0.430270708075783,0.6172964351460148,0.42017817276386654
2019-12-18,0.5360771554248506,0.6761572127351552,0.5098680415198242
2019-12-19,0.6601442122632496,0.8232550988461159,0.6557274195853964
2019-12-20,0.6467102098032477,0.8203610478392902,0.6016637499000825
2019-12-23,0.7757484277696948,0.9410452165870409,0.7405597986011087
2019-12-24,0.7066648346700158,0.8717969850597845,0.6707251737792471
2019-12-26,0.4754815098925287,0.6670802883468618,0.49337152152144786
2019-12-27,0.5163276064861347,0.7017158447641841,0.5272822483593581
2019-12-30,0.517822430427677,0.6916950416410103,0.5239096414444324
2019-12-31,0.3998189472155791,0.5748492156977201,0.41680763105244867
2020-01-01,0.3953977434935869,0.5851897811547221,0.41165944229236306
2020-01-02,0.44599720036318347,0.6277631288019697,0.4315865205153748
2020-01-03,0.3747807713148675,0.5724879378979858,0.40896584004208486
2020-01-06,0.37832192066359593,0.5959263715507104,0.4009383180083701
2020-01-07,0.4460105867337957,0.6594660379037606,0.4984018807800714
2020-01-08,0.411724542308579,0.6428778017410339,0.43721529412322757
2020-01-09,0.48654297346891623,0.7054105579607162,0.5151467107682373
2020-01-10,0.4152938137169595,0.6538426504613343,0.4863125473044286
2020-01-13,0.47392481302812933,0.699214270947364,0.5268519003157087
2020-01-14,0.5344217183067617,0.767083988256382,0.5458843172467661
2020-01-15,0.7029225121660371,0.9228798524124932,0.581858768718553
2020-01-16,0.8631687277697141,1.0624823869461484,0.6715418890330292
2020-01-17,0.9073029610603459,1.0802794760619712,0.6327518485013436
2020-01-20,0.8854972788235972,1.0561459464297929,0.5266033722694053
2020-01-21,0.8263629316531762,1.0094794962198321,0.4738225697387364
2020-01-22,0.7702816786972935,0.9617731930885839,0.4011141087371711
2020-01-23,0.8287045957510459,1.0051039045859615,0.4668120801736829
2020-01-24,0.8737669520777059,1.0554645759367025,0.5244140082659898
2020-01-27,0.8397034710968667,1.0181942468935088,0.48561277089915733
2020-01-28,0.753973056354123,0.9550593951033691,0.3498255440326769
2020-01-29,0.8019292624680436,0.9967633096682351,0.39121745175744144
2020-01-30,0.7838259722529728,0.9763630486403044,0.3252167386862244
2020-01-31,0.7496861852792602,0.9789394112021068,0.2797596582410043
2020-02-03,0.6963540009744684,0.9656260595341366,0.09009775029252257
2020-02-04,0.8516978740493445,1.0956109820430977,0.2765790946917548
2020-02-05,0.9640375769807515,1.190870942868378,0.39916934207329213
2020-02-06,1.019397355316851,1.2313153876089555,0.41550059391612576
2020-02-07,1.1381294221648794,1.390500898690279,0.4377134317214127
2020-02-10,1.1096696402818842,1.427465471554106,0.47750441167502655
2020-02-11,1.091693588111388,1.3802141629183566,0.5278739260073008
2020-02-12,1.1645147393578552,1.4845205289374694,0.5815167106272607
2020-02-13,1.1510372200659058,1.4878402646558326,0.45118552713621035
2020-02-14,1.1202956982515946,1.4499281352983135,0.37482709722043983
2020-02-17,1.1250944119541815,1.4631554144786358,0.32308148065103526
2020-02-18,1.045271547707536,1.3627028815510447,0.27745516650544705
2020-02-19,1.1119915955922575,1.4400850156889204,0.27337332655047336
2020-02-20,1.0955231830195875,1.4088830825170946,0.2426492081290459
2020-02-24,1.0648544380426546,1.434725624889907,0.1747106125429224
2020-02-25,1.0607455801249182,1.4492807444211395,0.1911990026842178
2020-02-26,0.9658646641724594,1.358049277886333,0.15697199014886898
2020-02-27,1.021916188406969,1.4309747070766252,0.18519741559166786
2020-02-28,0.8041576499815247,1.2619831710795417,-0.05812698279028581
2020-03-02,0.8338033681691813,1.3179715497642852,-0.047183202978421886
2020-03-03,0.9045232526682062,1.3857890592887745,0.07939164462825778
2020-03-04,0.8450396022541715,1.258176598602778,-0.03513480422646133
2020-03-05,0.8584680860200757,1.2825047230321611,-0.058582514537864165
2020-03-06,0.7877167752675684,1.1996356701331587,-0.22415673208081588
2020-03-09,0.5370367721215377,0.8181904003763673,-0.5757892210850337
2020-03-11,0.5411848657673651,0.8262778281659527,-0.5456312139784707
2020-03-12,0.1249625515759286,0.2611548621121548,-0.9342005786286446
2020-03-13,0.2914293107572059,0.4372613121701904,-0.6970617848899425
2020-03-16,0.0032504603379352203,0.07150543723771755,-1.0632045207738687
2020-03-17,-0.08667614467926128,-0.051477336191042014,-1.2408503722864108
2020-03-18,-0.32303450413600904,-0.3549318878195209,-1.4957923968529332
2020-03-19,-0.42226468091118613,-0.4902907029997926,-1.6057508769199804
2020-03-20,-0.20812791459707058,-0.1407838368312001,-1.2630868198460699
2020-03-23,-0.6847102111133456,-0.7150249741878403,-1.650952838413064
2020-03-24,-0.7773027479021827,-0.761688544486044,-1.5918692575347992
2020-03-25,-0.5643924904777943,-0.49277666088333105,-1.2971933269117286
2020-03-26,-0.37238629666693124,-0.22850967161147015,-1.1351427979551019
2020-03-27,-0.4272151447131999,-0.2988604479406782,-1.1553415194031795
2020-03-30,-0.5178692803390009,-0.3943272394097885,-1.3161180309976026
2020-03-31,-0.3991567500911431,-0.24372717822130174,-1.183431987462357
2020-04-01,-0.5453259547907269,-0.40071393525194277,-1.3144297671677934
2020-04-03,-0.5101375066482372,-0.4107604570968247,-1.366277338689229
2020-04-07,-0.21894146226329184,-0.09383692527606961,-0.9634479435454961
2020-04-08,-0.25829172656780874,-0.13967393927661598,-1.0210473505911744
2020-04-09,-0.09133043227713475,-0.03612237215267261,-0.855533159490339
2020-04-13,-0.09750009106833912,-0.05898826558354433,-0.9377753785450998
2020-04-15,-0.15802580540764768,-0.0613455050605828,-0.993850257949251
2020-04-16,-0.19868865929452165,-0.0981135391384053,-0.9804979710442299
2020-04-17,-0.06968544752458793,0.01682750472328305,-0.8502882908619455
2020-04-20,-0.03653081995260885,0.02805646885573673,-0.8386247802292489
2020-04-21,-0.1016075817650582,-0.04270462594136549,-0.9578425387153793
2020-04-22,-0.06214834885331659,-0.0008516852699435324,-0.8589615106880925
2020-04-23,-0.0571523631177791,0.018595649334688637,-0.8310566635544818
2020-04-24,-0.06180135958659514,-0.007166610688558765,-0.8626123220286513
2020-04-27,-0.052812052702661726,0.0068171237979647,-0.8178329025212988
2020-04-28,-0.08142959268011822,-0.0168557437844399,-0.7950119174341023
2020-04-29,-0.07368155540743293,-0.023866047306305028,-0.7449350672419569
2020-04-30,-0.03197706260054421,0.027308377273823715,-0.6607238586858677
2020-05-04,-0.1051445972528319,-0.10110060267398117,-0.8290001729865832
2020-05-05,-0.08570238784527233,-0.11115216024041219,-0.8161294721677164
2020-05-06,-0.02327830313766293,-0.07569638849762456,-0.7871700414271599
2020-05-07,-0.1017462561326133,-0.1517292841617245,-0.8562534323171928
2020-05-08,-0.08057201333639623,-0.1265744065796542,-0.8136422859858894
2020-05-11,-0.10079361863780902,-0.1539401878795733,-0.8505737349981619
2020-05-12,-0.0528589827026066,-0.13311319205168295,-0.8639387946784091
2020-05-13,-0.02685736970487053,-0.10521834291554817,-0.7882163719702192
2020-05-14,-0.10802336524498882,-0.16737967798330108,-0.8664043083963696
2020-05-15,-0.07984821861283901,-0.13942244907594445,-0.8368962230524493
2020-05-18,-0.1620993461463035,-0.23533808385194063,-0.9160472013101011
2020-05-19,-0.08872665440070591,-0.20056435354148902,-0.8563234590386729
2020-05-20,0.00314303847556031,-0.11748454847767865,-0.7687784786590155
2020-05-21,0.03189515605616949,-0.06659039189612913,-0.7477852152263886
2020-05-22,0.12554259517464766,-0.017571427242548208,-0.7342763476368684
2020-05-26,0.012716062003835285,-0.07634137176717325,-0.7597944041610996
2020-05-27,0.13109856242861728,0.03762341008014629,-0.6340642626654631
2020-05-28,0.15603734880041276,0.054410378880885076,-0.6012412635691329
2020-05-29,0.10800112217119164,0.030177034053484455,-0.6139375337292861
2020-06-01,0.021166524640128487,0.02452700077380978,-0.65291558088589
2020-06-02,0.1307918774506304,0.1163102396006851,-0.568927512401047
2020-06-03,0.15927265225944554,0.1732566828976693,-0.5498534827376274
2020-06-04,0.19295306696189846,0.1919170884264318,-0.538038598555634
2020-06-05,0.12370136496829759,0.1673530294772417,-0.5539620059162693
2020-06-08,0.05951256758625613,0.1189056625871097,-0.5681396129854402
2020-06-09,0.039350505679237875,0.08198181128039507,-0.6074952960084772
2020-06-10,0.03599247575494878,0.07045706578466696,-0.5664536875430158
2020-06-11,-0.0658839932401172,-0.02393546105489174,-0.6572904297938259
2020-06-12,-0.056659212190506264,-0.030731727216352877,-0.62757444530522
2020-06-15,-0.1959526070368515,-0.14943431956473002,-0.7244059625204873
2020-06-16,-0.17206619882449128,-0.11515477989006244,-0.6729475482607431
2020-06-17,-0.09887737450497243,-0.06353528545838506,-0.6363509687151231
2020-06-18,-0.06230794826564798,-0.03264685815316765,-0.5731374139348505
2020-06-19,-0.012166216525568747,0.03568381373103938,-0.5376923839439877
2020-06-22,0.03921268553982577,0.07808214014934706,-0.5281485815604083
2020-06-23,0.20804622248752097,0.2423912444392091,-0.46140140690853526
2020-06-24,0.1315232873043727,0.1927708678458072,-0.5140171806379001
2020-06-25,0.16292979826528278,0.23248037624153603,-0.494705123092164
2020-06-26,0.24368257964173354,0.29968273471446927,-0.4240685668692296
2020-06-29,0.2078974859806992,0.2648126103128862,-0.45128449923939157
2020-06-30,0.13314093330712126,0.18943826141172637,-0.4544943601486875
2020-07-01,0.05410814236524699,0.1389883915432294,-0.45311488313583304
2020-07-02,0.13733734514320897,0.19893690586203466,-0.38596599876506577
2020-07-03,0.15063058882771724,0.2219361655657777,-0.3621677982491056
2020-07-06,0.19084984718429654,0.2644967335030224,-0.3410513033557103
2020-07-07,0.11752511510379475,0.21830879256438063,-0.3442481308139404
2020-07-08,0.06347251159285637,0.18256971316597026,-0.3705080447906335
2020-07-09,0.09544821326889937,0.19895922015656625,-0.3235972466236471
2020-07-10,0.08234883162044182,0.19475742351104336,-0.3581476273731934
2020-07-13,0.04943426705771356,0.16276787882547905,-0.3599250482211408
2020-07-14,0.010750014007228872,0.1389077732814108,-0.41923905695633973
2020-07-15,-0.013031455780146743,0.12579831693119609,-0.4240597970870442
2020-07-16,0.09336444623783215,0.193115498597049,-0.3506423446958833
2020-07-17,0.2787039542433897,0.3335331356618421,-0.23369431870777735
2020-07-20,0.20140633571918604,0.2979615120401755,-0.19722275089477934
2020-07-21,0.2754766229843153,0.3469599016947735,-0.14035988576794128
2020-07-22,0.1909323886528784,0.26985392679935266,-0.17243484441081208
2020-07-23,0.2168018851839047,0.27100782856484923,-0.1400193642137986
2020-07-24,0.22278048540822828,0.25853302038955944,-0.1561104360955958
2020-07-27,0.16402595688836946,0.20445515669571537,-0.1946376943830514
2020-07-28,0.20588379818354402,0.24153395332533642,-0.15257311383737365
2020-07-29,0.2750126310558598,0.27785937609526357,-0.15543234705084896
2020-07-30,0.28960531445857807,0.27739998098405283,-0.1352079499376955
2020-07-31,0.3631907981701343,0.3360892592096353,-0.12297596603399792
2020-08-03,0.3157374856572528,0.3060976664237054,-0.17124465679859646
2020-08-04,0.3838434669065001,0.34917723438536963,-0.09412457932920634
2020-08-05,0.3736441561155885,0.3315944268775917,-0.08683088661557278
2020-08-06,0.4004716825644398,0.36292773359202235,-0.06752435510064232
2020-08-07,0.4796554977863045,0.424283691177329,-0.03655586955495676
2020-08-10,0.5373015903034117,0.44508765050457766,0.009222052183220225
2020-08-11,0.46768914785589893,0.3912876124185911,0.01468610552539127
2020-08-12,0.4924912899168818,0.389420655794571,0.050535198663423576
2020-08-13,0.47454749250278905,0.37230399979524714,0.04320830703837706
2020-08-14,0.43408714132985027,0.34123316547540067,0.04787821457862111
2020-08-17,0.4067012668325634,0.32418533660077914,0.042300974494395564
2020-08-18,0.4767019166528363,0.3979244570888024,0.10891899514459756
2020-08-19,0.45356669761886537,0.383796085059492,0.06318879711889248
2020-08-20,0.38883849425442796,0.3268927424327491,0.013606303284930418
2020-08-21,0.49687199371290824,0.41174298795861897,0.08374094626973294
2020-08-24,0.49569259470797783,0.42157643386464616,0.08009256950441657
2020-08-25,0.471187645910546,0.4071859291360761,0.07635333798148489
2020-08-26,0.44716610302752235,0.39633567593142793,0.09624914050441442
2020-08-27,0.4647590286468123,0.3857878242809879,0.10968282611991488
2020-08-28,0.5192415344341016,0.41903081149983584,0.1630038393393708
2020-08-31,0.3979589824837907,0.3589758291321855,0.14323701977324932
2020-09-01,0.42408184043383823,0.3727323745247606,0.14027144642488537
2020-09-02,0.4265745509656287,0.35596468920312135,0.09079173969912341
2020-09-03,0.4251819973450325,0.35965388478605,0.07485575979092285
2020-09-04,0.36830578898068744,0.33681969434594533,0.03789663985487203
2020-09-07,0.35306793804965975,0.34339168921979235,0.07242043472328935
2020-09-08,0.278159999347261,0.2862247535358118,0.03971540162533065
2020-09-09,0.3532203166807678,0.37199238986580735,0.09452121005065879
2020-09-10,0.3224118383292262,0.3611087019654724,0.12939305320288877
2020-09-11,0.3272357686372713,0.38345352468914895,0.13270424162466266
2020-09-14,0.31437647245962114,0.36614678828038794,0.09668734767652368
2020-09-15,0.3427354275768891,0.4228745414652684,0.10296763475844588
2020-09-16,0.4049596538011145,0.47012517273443366,0.11652549793169976
2020-09-17,0.3561241214314176,0.40999926241186474,0.10739166623648848
2020-09-18,0.371225100373042,0.38055667739407634,0.07699228091507242
2020-09-21,0.20624127805124015,0.28227342960675267,0.026739392661658614
2020-09-22,0.20228663122376564,0.289417192999468,0.05342282840614117
2020-09-23,0.1368714443313262,0.22925309417377332,0.04027422252529899
2020-09-24,0.02380699297011306,0.18429744787993743,-0.013680215036188229
2020-09-25,-0.027899807877364707,0.07655821603653636,-0.11297484298790635
2020-09-28,0.016847124659820953,0.0831832996423911,-0.15521795616399722
2020-09-29,-0.016431314090324382,0.061923883895577125,-0.15334427156421682
2020-09-30,-0.00548987190588768,0.08385026203031372,-0.10456392186516911
2020-10-01,0.02376168940443538,0.1089569448115986,-0.09275475732685434
2020-10-05,0.0980360216883807,0.18322261678495508,-0.05155637736098704
2020-10-06,0.14774986271680943,0.2259690942183435,0.004190779364799074
2020-10-07,0.1927841176493104,0.24852287509534368,0.058008962882691584
2020-10-08,0.23986337177079123,0.29608039489116417,0.09767807332367485
2020-10-09,0.2968664747261326,0.3357273176748683,0.159705340268478
2020-10-12,0.34213816745175757,0.3764312584941252,0.1783883704962726
2020-10-13,0.2086556234967112,0.2823925746700071,0.12484392811557456
2020-10-14,0.18244353529232266,0.2640779256241463,0.15756502707653838
2020-10-15,0.05267938056574812,0.16350842545494407,0.057726158172906786
2020-10-16,0.03542460018591986,0.1686272985964177,0.07018359316408096
2020-10-19,-0.022122358018960085,0.11226099975020362,0.07575839452476518
2020-10-20,-0.008562319333726726,0.12086123462453452,0.07210859529115468
2020-10-21,0.005188955205565171,0.1200207418649092,0.04860524212282452
2020-10-22,-0.03976327119372265,0.09163921783559277,0.016192568938514867
2020-10-23,-0.009393019380092842,0.09354123289994165,0.04596849681584852
2020-10-26,-0.04289167286589786,0.07780372519087236,-0.002786634444511972
2020-10-27,-0.024710983755154892,0.11442260299146945,0.03681053866167037
2020-10-28,-0.0602593915177856,0.09667902238384003,-0.007203625876721826
2020-10-29,-0.14926617091415303,0.037919422996885256,-0.023466620625004507
2020-10-30,-0.19709403012362342,-0.014448444036138859,-0.08834058528648071
2020-11-02,-0.19533713148592008,-0.0025038927780920046,-0.09666650568304641
2020-11-03,-0.16136944728302652,0.006088220747630043,-0.0655675930666805
2020-11-04,-0.1255679246527871,0.04187392257915624,-0.04303503833392365
2020-11-05,-0.011484813977626044,0.12308272072791321,0.0008587294390483812
2020-11-06,0.01647935915242882,0.120937333788069,0.045677897776598836
2020-11-09,0.1265798177189098,0.20125333803615197,0.08446051871682864
2020-11-10,0.18468028523595567,0.24533647734873434,0.11607172466353341
2020-11-11,0.3416078452207605,0.3527681264066297,0.17424162104375554
2020-11-12,0.3875675902700926,0.3972479521300892,0.157988200608856
2020-11-13,0.40875093955205544,0.4173901006228222,0.18525437423715008
2020-11-14,0.44236583627528353,0.44207322020326395,0.17661795625500762
2020-11-17,0.41668145893838937,0.4235898775271396,0.20931488875349744
2020-11-18,0.48415920611043123,0.44148698000225667,0.22833881649357346
2020-11-19,0.44578659480230115,0.4058681704468478,0.1715023118412903
2020-11-20,0.5018402941297352,0.45880529080976085,0.17760870102765108
2020-11-23,0.5240124142030329,0.491776105909078,0.20276525328894787
2020-11-24,0.5945616107499284,0.5281732321005616,0.24936884329538125
2020-11-25,0.46066183902048147,0.40917971622639215,0.15754862417543278
2020-11-26,0.5705511161986082,0.4602642496036493,0.1993425960515579
2020-11-27,0.551219866969173,0.4494974727959366,0.17801224717507275
2020-12-01,0.5623314219300068,0.45166421648929966,0.19929842539211168
2020-12-02,0.6155911047807465,0.46385477445634715,0.22575139968587174
2020-12-03,0.5926565928039108,0.42241434378564763,0.23280288313844869
2020-12-04,0.7009647026992397,0.49245349656606313,0.27775912118640017
2020-12-07,0.7464025466493157,0.5404316825082377,0.2881678486481251
2020-12-08,0.751517214419836,0.55391087144303,0.3037789424110728
2020-12-09,0.8209690161009335,0.5926097152462302,0.36247733797863824
2020-12-10,0.8212038581451,0.6051536372626876,0.34602320801829944
2020-12-11,0.8739181600286862,0.6400433410275672,0.3763957231285056
2020-12-14,0.9357903564738854,0.6747336559012966,0.3724755081770803
2020-12-15,0.8923645559107851,0.6508821779287652,0.358139797666229
2020-12-16,0.9262689718241399,0.6846498013537107,0.3545247666988837
2020-12-17,0.9317916314438878,0.6817027269066895,0.376916183365786
2020-12-18,0.9071652260218788,0.6503747400331472,0.35201373247843065
2020-12-21,0.6921023341850457,0.5380627740947657,0.23452235118597775
2020-12-22,0.7247208026806334,0.5526412522546649,0.25760032858211784
2020-12-23,0.7758838776681534,0.5689888007641822,0.2863943021872462
2020-12-24,0.8122647159527726,0.6003097654784042,0.3234859051626579
2020-12-28,0.8250422082932383,0.6177214309154725,0.36485285071250817
2020-12-29,0.8568520895367914,0.630919599671211,0.40173109277692537
2020-12-30,0.8059736673866522,0.5947530311089655,0.3817293686156024
2020-12-31,0.8253117895822151,0.5952580118755754,0.3790532664766497
2021-01-01,0.9058985324541328,0.6468643680219992,0.4104437008362485
2021-01-04,0.9444133246978467,0.6726355775497808,0.432774280680389
2021-01-05,0.9018825145368929,0.6491868082521949,0.42173795337109526
2021-01-06,0.9464597720690345,0.6717483106657279,0.42423045593135594
2021-01-07,1.0221541835287293,0.7146228626342594,0.4844261189092644
2021-01-08,1.1085115723151524,0.7697820257761238,0.5155877962554838
2021-01-11,1.1399862263704128,0.7923702538905395,0.5534940965462418
2021-01-12,1.0778952180891141,0.751642516900152,0.5206457212810512
2021-01-13,1.0926297554648838,0.7415454245175355,0.5102199936798077
2021-01-14,1.0999674698537096,0.7397476706815692,0.49800444130757304
2021-01-15,1.0117259797221079,0.6785660124220312,0.45353315780327447
2021-01-18,0.9116510009488632,0.6232293313870338,0.4243156931504628
2021-01-19,0.9496360633317473,0.6525117750120806,0.47437379794982976
2021-01-20,0.9175506463772112,0.638634371136349,0.5022881957688059
2021-01-21,0.8595559033557233,0.5952226205146834,0.5238120881418644
2021-01-22,0.8665458515046537,0.6042337093350443,0.48962643784567206
2021-01-25,0.8873465754819043,0.6238245997992716,0.47640649873639623
2021-01-27,0.7924898497985888,0.551651876922656,0.39529811075835664
2021-01-28,0.7194671185214218,0.4973235783024285,0.343041840080562
2021-01-29,0.7095868564814327,0.46765132911456453,0.33435042548258237
2021-02-01,0.8916011045559831,0.577031240263964,0.49683881157373555
2021-02-02,1.002937520125649,0.6657316250516301,0.5569267625961574
2021-02-03,1.1034565372736105,0.7341472069115229,0.6117490776126729
2021-02-04,1.1912585542439247,0.7688809139128069,0.6535431675391465
2021-02-05,1.2081006111909414,0.7718409950705801,0.7282530991900602
2021-02-08,1.2180933124992328,0.7771822390228335,0.6967462206722329
2021-02-09,1.1472406486498765,0.724720348959357,0.6667151514101028
2021-02-10,1.1413987324020347,0.7269171583553384,0.6533947489269378
2021-02-11,1.0992316565657771,0.6721574330299149,0.6777093804005886
2021-02-12,1.0930867626154994,0.6351693109387438,0.6932335820398979
2021-02-15,1.1342466931232809,0.6754715011586423,0.7045434393994465
2021-02-16,1.1114817702579416,0.6569203151428635,0.6800735173698085
2021-02-17,1.0804374336502596,0.6198650656029626,0.6651955321452403
2021-02-18,1.0613677570916265,0.6001030216246221,0.662352096308967
2021-02-19,1.0408982634482442,0.6066656875483097,0.6511312071168533
2021-02-22,0.9690050685726264,0.5923464175600842,0.5992779320463952
2021-02-23,0.9295898375719741,0.5152731691270672,0.5713941990756719
2021-02-24,0.9861101824872551,0.5576946321875241,0.640993752361417
2021-02-25,1.0954685106034858,0.6396125002988433,0.7323969068561319
2021-02-26,0.9418946984527222,0.5488438037087988,0.6174311347343058
2021-03-01,1.0858781099025978,0.6558229027395468,0.6989268675306376
2021-03-02,1.1985063357727799,0.7732384577141193,0.7442356526388907
2021-03-03,1.3717527636083613,0.8897956213207423,0.9337383607470119
2021-03-04,1.3564094555956296,0.8963846783226492,0.9186732137534753
2021-03-05,1.2378558021181119,0.7933291802441476,0.8410518584292279
2021-03-08,1.2672839052372569,0.8332317186603725,0.859576838731576
2021-03-09,1.252299584930063,0.8308196353369244,0.8841744636636032
2021-03-10,1.3259222834221964,0.8839138470234205,0.9814464344926287
2021-03-12,1.425873028470858,0.9969157509501639,1.11977431673099
2021-03-15,1.386157191002932,0.9546407056028308,1.0956879576749214
2021-03-16,1.6814363384373787,1.274843735650393,1.4097208289917937
2021-03-17,1.5116020230073604,1.1368569182876394,1.248889232830079
2021-03-18,1.6848251796395315,1.3381529430408294,1.5171403738318967
2021-03-19,1.7527070926296344,1.403360403825386,1.6540626153425244
2021-03-22,1.9757859361727514,1.6608214053944077,1.8833798152222736
2021-03-23,2.0465490621121374,1.7695613631394083,1.996931304395674
2021-03-24,1.81961725770929,1.5006019501335135,1.7564255783220348
2021-03-25,2.2476882113354795,2.1203617488153257,2.46682773167358
2021-03-26,2.3186024479320007,2.1321915949078685,2.4243606314273833
2021-03-30,2.2610276017560498,2.016789832876475,2.3202523348099042
2021-03-31,2.0738236416243043,1.764196838500668,2.133086397682609
2021-04-01,2.119777981206982,1.8089732681875887,2.173593081345611
2021-04-05,2.2312744660870467,1.940071048226697,2.335295588363639
2021-04-06,2.1290897867090877,1.7595580899661012,2.2091194388785578
2021-04-07,2.3727172419278646,2.0794091909099923,2.470465048785282
2021-04-08,2.3523275219932747,2.1331785000724772,2.594246724811155
2021-04-09,2.176864032797053,1.9106349425505835,2.369488053918072
2021-04-12,1.9327752238768432,1.7361626212781984,2.18427891694279
2021-04-13,1.8878896238108096,1.7017554896067089,2.0842364250200935
2021-04-15,1.9358532189063586,1.7819471791307484,2.1797540779878037
2021-04-16,1.9702284349171313,1.7633864886612047,2.2322842281193074
2021-04-19,1.7881838263462506,1.6303761004069373,2.0982894623344706
2021-04-20,1.7468157604519554,1.5444981539345672,1.9451561514969313
2021-04-22,1.7386921515856648,1.5773755981610946,1.9852468262251552
2021-04-23,1.7791981430145558,1.6726096843292702,2.1399016828073303
2021-04-26,1.797780138122869,1.6720582182416777,2.0849452180170607
2021-04-27,1.8286959297523018,1.6757620552710513,2.075184214859508
2021-04-28,1.9074985950351777,1.7805867323355902,2.2408581023633887
2021-04-29,1.8775760070897318,1.7391503421189602,2.184394387900779
2021-04-30,1.842713081570757,1.6969165630786762,2.0322572871577536
2021-05-03,1.8289508202935807,1.7054333330049776,1.9470729564753817
2021-05-04,1.7228281704521353,1.5689899662311995,1.7545580750293874
2021-05-05,1.9382380722881327,1.8821303620687246,2.195365225011398
2021-05-06,1.9684203666945415,1.900687246864105,2.289053654132174
2021-05-07,1.9364953085810754,1.8705262375188016,2.2869555547161364
2021-05-10,2.09942148457122,2.0117560390228713,2.374142848784701
2021-05-11,2.109988140546718,1.996883605892379,2.308509759231126
2021-05-12,2.0534453979212346,1.977447649987825,2.254998394256132
2021-05-14,1.9973742882165018,1.956393598932477,2.2740791715198765
2021-05-17,1.9738765603865578,1.9488860328015818,2.258546625894857
2021-05-18,2.1421192149256494,2.1326780350876025,2.4878836408920106
2021-05-19,2.1274103994076894,2.0941407814546555,2.461646355959014
2021-05-20,2.232895931451909,2.242242548517514,2.6521495650551867
2021-05-21,2.228889774912334,2.2726583497696367,2.707411687541413
2021-05-24,2.15427307362778,2.1538930674236436,2.61331293766187
2021-05-25,2.090382853434431,2.1003170437560423,2.59303758158142
2021-05-26,2.1177011606294416,2.128822036519484,2.6709841956791136
2021-05-27,2.151573364956381,2.1579495929704855,2.690949700602043
2021-05-28,2.047451054250204,2.0443870539067124,2.584803253960045
2021-05-31,1.9905694375553307,2.021652383797232,2.5416524031242873
2021-06-01,1.9793172241285009,1.9810081925711365,2.4869523555038806
2021-06-02,1.9068015993338885,1.8537952452440485,2.363451202677148
2021-06-03,1.871661433480486,1.7920531918102716,2.3223760010214964
2021-06-04,1.810758111848628,1.6766753759459534,2.2688540901400405
2021-06-07,1.8386170243342896,1.7257954972286764,2.31769001959217
2021-06-08,1.796760687424505,1.6780549881586007,2.2518967279337554
2021-06-09,1.7815462935210074,1.6591339879833902,2.1967668060182945
2021-06-10,1.8534218637910942,1.785245010951944,2.308806990322032
2021-06-11,1.887690147632616,1.8138903782819646,2.292346016322508
2021-06-14,1.967293194315543,1.926477578227145,2.4403250984274685
2021-06-15,1.9487128726422611,1.915600078576325,2.4208361229359894
2021-06-16,1.9664734446370347,1.97085035922705,2.4869140278628135
2021-06-17,1.9240146506802136,1.9265180893679115,2.4000835296837697
2021-06-18,1.9102521685142657,1.9133177922744833,2.4173069765492787
2021-06-21,1.8826881328765337,1.8766210199709588,2.3313843597316812
2021-06-22,1.8087867113989116,1.745408038797906,2.259216815569038
2021-06-23,1.8159691933323607,1.7096938626936322,2.187619724873801
2021-06-24,1.7348831792665353,1.5639151844562043,2.141401835220295
2021-06-25,1.844498949159197,1.659990145668682,2.273067715902515
2021-06-28,1.8090384759617428,1.6203116033471157,2.2650111771484682
2021-06-29,1.7820070023287131,1.5544332010845887,2.1865858002470544
2021-06-30,1.792555815784622,1.5654474603570105,2.219205874081686
2021-07-01,1.888254667252774,1.6911587082127102,2.208991266865956
2021-07-02,1.9129250503284756,1.7418108246989745,2.1555059600079125
2021-07-05,1.8920751030946594,1.7251583469102563,2.131173487521836
2021-07-06,1.8031282682991057,1.6202764085567425,2.0938697450274586
2021-07-07,1.771309856687201,1.5673245974301049,2.035194528176189
2021-07-08,1.7637555920217034,1.57401302289974,1.9537615482987043
2021-07-09,1.7593866633042334,1.557602987422635,1.9944033110076873
2021-07-12,1.7474833524705928,1.5401040163710975,1.9377596619328201
2021-07-13,1.7616257062957563,1.5497585064468975,2.0084599386963915
2021-07-14,1.7920200020038677,1.5776439821395356,2.0050021498992954
2021-07-15,1.8385288281278704,1.6158353121012483,2.154621790335845
2021-07-16,1.8625379542951113,1.623154766174054,2.1480521924827074
2021-07-19,1.8392906087366452,1.5837111650271074,2.012130744581198
2021-07-20,1.7114779455972886,1.4402984496848805,1.8788167826924873
2021-07-22,1.8110591129001137,1.547309877920823,1.8853539748063561
2021-07-23,1.7397488088795225,1.4661006926761553,1.825121646704583
2021-07-26,1.7522270265003201,1.511547046340605,1.8292999103224452
2021-07-27,1.739461827360205,1.5529496199896282,1.75437466938447
2021-07-28,1.8061156469115753,1.645845144389053,1.7515289094093935
2021-07-29,1.8345817064154761,1.6929814833249386,1.8130968652064783
2021-07-30,1.8445286488135753,1.6586855122262554,1.7213023436841766
2021-08-02,1.8969521926358006,1.7422618560043799,1.822846869743896
2021-08-03,2.0013843645948226,1.8630907026454884,1.9682992161706558
2021-08-04,1.9225550272722174,1.7897050318572458,2.0312594985194403
2021-08-05,2.0045830612530477,1.8609470874874563,2.157182692709496
2021-08-06,1.958688287978305,1.8228454390405477,2.032128827448616
2021-08-09,1.9481136947669322,1.8494198687916525,2.036195978296559
2021-08-10,1.9425871676112858,1.8411900171170221,1.9920470194974012
2021-08-11,1.9184191841035065,1.7536307416049957,1.9851700062642241
2021-08-12,1.8707725221649543,1.7193174075719957,1.985420832530273
2021-08-13,1.9682288387214122,1.829128846602831,2.016283567291131
2021-08-16,1.9695937124968264,1.8332691699974113,2.0368025818072977
2021-08-17,1.9909694304762715,1.8341321231605785,2.0603049442401833
2021-08-18,2.055708580097791,1.9219647165268043,2.1150316538660006
2021-08-20,2.0284367297512937,1.9162039328858427,2.0312082674144545
2021-08-23,1.994427572922166,1.8399502653386486,1.9771485964080253
2021-08-24,2.006890161242185,1.8348799948644214,2.0110202800021835
2021-08-25,2.06637360157393,1.896552134918053,2.0704889673071336
2021-08-26,2.0405063107643806,1.8890306441290405,2.03941641161553
2021-08-27,2.075159509137195,1.8955739497807509,2.014833651531952
2021-08-30,2.145198751105207,1.9649395717271843,2.089450372537789
2021-08-31,2.2522067029878383,2.074281724537355,2.1178709309937234
2021-09-01,2.217593760332072,2.048618889378025,2.091766399735455
2021-09-02,2.2234663855895884,2.084169422620206,2.1007385686973876
2021-09-03,2.4108419232075358,2.210732918536742,2.294161172874732
2021-09-06,2.318837947027982,2.14171498230593,2.2697615691793915
2021-09-07,2.232824883960726,2.0577789502247783,2.2295076809246073
2021-09-08,2.282439353522211,2.119143692687904,2.2305267519092955
2021-09-09,2.3976481056720904,2.2088124812424934,2.3560319499115647
2021-09-13,2.4130783127523756,2.198876508033452,2.339030141484776
2021-09-14,2.5374678579438195,2.303142608080194,2.369851213987482
2021-09-15,2.6146755307688863,2.3544342478802487,2.4411916912601983
2021-09-16,2.575539601397135,2.277803468742931,2.393043629827993
2021-09-17,2.535253349056056,2.202024338870942,2.3681061298416806
2021-09-20,2.4974735477346437,2.1985109024664595,2.3080064571227057
2021-09-21,2.472405934021616,2.1154423456155564,2.321249395025016
2021-09-22,2.4197400687198187,2.05251795200513,2.2719693831337398
2021-09-23,2.5615573806863563,2.2678055095021064,2.412861071211409
2021-09-24,2.5444624071379547,2.308254046078126,2.4298414464336475
2021-09-27,2.82055503266222,2.562748074870643,2.5975082794783875
2021-09-28,2.8989515720031775,2.631854549428661,2.616751464460992
2021-09-29,2.984618920246636,2.7210315919011174,2.6157636203371872
2021-09-30,3.205723041494324,2.8938996737979052,2.82028907289852
2021-10-01,3.0839598644098167,2.782374379210894,2.6644194576175275
2021-10-04,3.0102517679931244,2.696082625131951,2.6275333968988406
2021-10-05,3.0846709557723004,2.769183900064113,2.677269385955019
2021-10-06,3.010043615865098,2.6825517893895094,2.590807528829402
2021-10-07,3.0481637694379593,2.7300775259922627,2.5534748750133534
2021-10-08,2.986763662231871,2.658712731603915,2.5434815231104175
2021-10-11,2.960003912503815,2.5983968160989144,2.4795960065805405
2021-10-12,2.9894490371974203,2.635880573581301,2.454730358723969
2021-10-13,2.9970698613256674,2.6348088999906847,2.462139606908172
2021-10-14,3.0261311924012793,2.6513064939155444,2.4797048924235034
2021-10-18,3.0194850397962307,2.6217630455715026,2.517985801382383
2021-10-19,2.9773391417452917,2.5604891802998018,2.494317263971438
2021-10-20,2.9234443812509894,2.5387377197498697,2.4155355254477104
2021-10-21,3.0268587938492493,2.6219714964942638,2.5767410181975055
2021-10-22,2.929629929491251,2.497138449074389,2.507536921104504
2021-10-25,2.919177576040033,2.481150782636937,2.452484526359771
2021-10-26,2.9274563120188684,2.4966596262624923,2.4892708882840813
2021-10-27,2.872886828723591,2.448344479893567,2.444805368528295
2021-10-28,2.707053047145127,2.275133658458345,2.3185338768402954
2021-10-29,2.6608973587437377,2.2426935849548615,2.225290653527481
2021-11-01,2.7779889311349417,2.3553276263775875,2.412395694873757
2021-11-02,2.7270338202513424,2.283448039443094,2.333173837349296
2021-11-03,2.743410739960896,2.328166763183276,2.4095853278862895
2021-11-04,2.924113021291196,2.4801363928620197,2.47652145180869
2021-11-08,3.0348513866603803,2.602515498856785,2.546531202114125
2021-11-09,3.029169273970363,2.588158667575735,2.5221379160619333
2021-11-10,2.981465863617607,2.573899530260984,2.4366269081508025
2021-11-11,2.932381077166078,2.5358923091654613,2.3287974329628183
2021-11-12,2.890284397944329,2.494709232919318,2.3029822403841314
2021-11-15,2.886883347945288,2.5105111200564774,2.2326358073787396
2021-11-16,2.79326419300876,2.435271977774173,2.0933221852868704
2021-11-17,2.66452786393585,2.2803106578406824,1.9703451599904098
2021-11-18,2.496269650088361,2.133685478351525,1.8581518329034339
2021-11-22,2.3749441773270723,2.0098562853229702,1.7431096861789088
2021-11-23,2.4547975656168766,2.0524411306459296,1.7602840710620662
2021-11-24,2.3836134581902395,1.9736543178419519,1.7257063869658555
2021-11-25,2.3691511540787817,1.9656435670332115,1.6949257132189608
2021-11-26,2.0213493435597303,1.6843053742802538,1.4430767128203232
2021-11-29,2.002682168672843,1.7033229785002175,1.542880162563983
2021-11-30,1.9481484437815066,1.6167616348115201,1.4718322293774901
2021-12-01,1.959593351846375,1.604557443986916,1.5055179952446671
2021-12-02,1.9757542153702368,1.6542627613063854,1.5270298948055803
2021-12-03,2.0227454656405373,1.7427302096856643,1.5514182020980125
2021-12-06,1.8647118720413294,1.6022784793765383,1.3729653950622283
2021-12-07,1.9379005544606915,1.6796351539047738,1.4763173011955415
2021-12-08,1.9601876315898137,1.722389867485152,1.5114649700438105
2021-12-09,1.9273950639536093,1.7329445188265094,1.526351224427422
2021-12-10,1.9431497434124827,1.7929234257374984,1.5144427596877796
2021-12-13,1.832942642194501,1.6839589548784504,1.4011167769650168
2021-12-14,1.773859099969888,1.6113789776633431,1.3390658710328276
2021-12-15,1.7967830217245586,1.6126922630147722,1.2818711210122435
2021-12-16,1.7074593873399986,1.5462521873984967,1.2290767514638792
2021-12-17,1.649863241133153,1.490242933358274,1.1498215871036555
2021-12-20,1.536383875467013,1.3550010008678377,0.98380197742374
2021-12-21,1.5381250879130979,1.3682546566746905,1.021168352234541
2021-12-22,1.6484177275817702,1.4703496784640517,1.0837068977274729
2021-12-23,1.612330864105036,1.4249184106733934,1.0743897436659282
2021-12-24,1.5470333150764848,1.3879838982248769,1.0221797521222817
2021-12-27,1.5704887512897905,1.4317443232616784,1.0432531997987349
2021-12-28,1.9240427309974426,1.6779704252163885,1.320468520859871
2021-12-29,1.8574415151559946,1.6056395902519032,1.2490301266955437
2021-12-30,1.7920321765227347,1.5670862299400687,1.1831626900501329
2021-12-31,1.8090787453441084,1.5896163402548198,1.1701668032897605
2022-01-03,1.842644467346869,1.6037124000532863,1.2090684624960535
2022-01-04,1.9147974482012742,1.6928350718662222,1.2450279450849138
2022-01-05,1.924029099439107,1.7041516977618614,1.2648050522101986
2022-01-06,1.8460983594478078,1.6634826916839747,1.1979492723225056
2022-01-07,1.7863482186793138,1.6402761363908371,1.2050721557093027
2022-01-10,1.7241290931013002,1.5683653874129238,1.2202065447153987
2022-01-11,1.7601726562056856,1.6233556222280265,1.2089891027061113
2022-01-12,1.8004234577731535,1.6770771694888764,1.2872499923222498
2022-01-13,1.8475341456169194,1.7503913493394918,1.3071763998238706
2022-01-14,1.7223240652308973,1.6340426768082061,1.2165841384580145
2022-01-17,1.6948800871029674,1.5876434434960143,1.1753316335451824
2022-01-18,1.6250299690997554,1.5120164410005688,1.069788064088897
2022-01-19,1.5336857925801382,1.4790840010289805,1.0052954584351972
2022-01-20,1.458495876117438,1.4319510875752177,0.9251352429477577
2022-01-21,1.4968849886720987,1.4839694679372915,0.9468680265242592
2022-01-24,1.4178420179271785,1.3182834376003065,0.834449331187107
2022-01-25,1.3800245537967224,1.2333095318656924,0.779358427108095
2022-01-27,1.271639772022577,1.078889787000882,0.6636536353787649
2022-01-28,1.35904942885787,1.1631141682036015,0.6842913465669381
2022-01-31,1.4675009073592193,1.2640527894730846,0.8678728521431925
2022-02-01,1.5492104068868597,1.3344021712984597,1.0114994136506694
2022-02-02,1.6758108114070216,1.5069064487518602,1.2117988234327157
2022-02-03,1.7053676745840225,1.536332855957253,1.2004780025463562
2022-02-04,1.7794374794710122,1.6377301302810094,1.2735496515770248
2022-02-07,1.460150726176982,1.3584761623609234,0.8954766857501006
2022-02-08,1.2810753196589297,1.1762026305589968,0.7562551511673103
2022-02-09,1.2220577667454162,1.1436220706305618,0.7671559409675265
2022-02-10,1.2553932844198261,1.1912733340074748,0.7735382720707283
2022-02-11,1.1711688898225483,1.0957060832677132,0.6697913382729864
2022-02-14,0.8743002273809151,0.8347575039064099,0.3728653682473946
2022-02-15,1.1089734719468167,1.0777609151765875,0.5634826123486204
2022-02-16,1.0855054466870944,1.0251734278976279,0.5533992130364841
2022-02-17,1.080198874445149,1.0138315331098484,0.5185342633536013
2022-02-18,1.1105243765138197,1.0355740616466576,0.5122139905975189
2022-02-21,1.0308699643829837,0.9505124117197471,0.4225954060551966
2022-02-22,0.9160331856725457,0.8224043650985405,0.3798435759543998
2022-02-23,0.8813170623946176,0.8052461866864551,0.4133199836248316
2022-02-24,0.5844430476024027,0.5223663321501689,0.13707882170790267
2022-02-25,0.7848774156111814,0.7196339549095039,0.34510773960246566
2022-02-28,0.9897126724746931,0.9072299330160639,0.5230208226676053
2022-03-02,0.9068088970610924,0.8773391083019825,0.4397209877437038
2022-03-03,0.8397651678212185,0.8362183139487395,0.28722583508816224
2022-03-04,0.689628988255337,0.6230213607938759,0.14493678773930338
2022-03-07,0.8870547618677141,0.7164776436904913,0.23543566748988182
2022-03-08,0.823046991282178,0.6869841100774644,0.19536081990322862
2022-03-09,0.7738385281555626,0.6622759102135912,0.25674556523923525
2022-03-10,0.7620867309767293,0.661978647618285,0.21658424850172078
2022-03-11,0.8352889398299436,0.7146758737472082,0.2982980095528777
2022-03-14,0.949685006699211,0.8646844851379331,0.4474847398021555
2022-03-15,0.889108878221769,0.8066918745663634,0.36151062924820043
2022-03-16,0.9327929870397149,0.8361481483165553,0.4170601190924346
2022-03-17,0.9828549438556945,0.9634921151844605,0.496747324807579
2022-03-21,0.9853459311089836,0.9915164271023711,0.4946942919921377
2022-03-22,1.079994725312885,1.103997059064223,0.6068769437744052
2022-03-23,1.040656504862312,1.065266124125449,0.5896824047136398
2022-03-24,1.13564272181695,1.1389608377098759,0.6618256024840559
2022-03-25,1.1550346412792913,1.124978435259318,0.7069882187954836
2022-03-28,1.1586538666131747,1.1566516103795876,0.6544191112326492
2022-03-29,1.18708240786757,1.1803296529240177,0.6945017954107787
2022-03-30,1.2160091059172555,1.1866913573376476,0.7225515301612103
2022-03-31,1.3645096518012996,1.3497205163499681,0.8271565926371758
2022-04-01,1.588648357202578,1.5807639638102624,0.9997417212928467
2022-04-04,1.6291059358239566,1.6282972604130252,1.0496765754969386
2022-04-05,1.529981143887628,1.5493085046889026,0.8797069742611433
2022-04-06,1.5657560279165614,1.5960691060737446,0.8933921048019523
2022-04-07,1.4767980788910504,1.5395951546725408,0.7588568611416326
2022-04-08,1.5225560895747638,1.5847128110488082,0.9112820693753918
2022-04-11,1.4818065707958985,1.602285238701412,0.8520110999133809
2022-04-12,1.3714864325150746,1.4721610136568783,0.7420564688896785
2022-04-13,1.364055136380607,1.4345328844188263,0.699021124872628
2022-04-18,1.2711519411996368,1.3531811695265563,0.60283863565024
2022-04-19,1.4691317812955886,1.5207433999279094,0.762816846370521
2022-04-20,1.4239916587231713,1.5116983720107056,0.7442296419027478
2022-04-21,1.4364274766796903,1.5122663706040351,0.8032137931757651
2022-04-22,1.3594172721305255,1.4540528568523823,0.7035737606053565
2022-04-25,1.418919378946547,1.4660250721685901,0.7377018255503277
2022-04-26,1.5316542171921455,1.5906224672370322,0.8559662038841265
2022-04-27,1.4527973447222882,1.4781014176059581,0.7460535961026327
2022-04-28,1.5599182428294505,1.5319705823052245,0.850104456388962
2022-04-29,1.4415831942406956,1.4209965069530577,0.7340843657992828
2022-05-02,1.3665280257820231,1.3563403970396195,0.6494526523398242
2022-05-04,1.2282095488144424,1.2104297669517414,0.4085663957898799
2022-05-05,1.2388466388675317,1.2144574959330041,0.3975952573584025
2022-05-06,1.2410789098434232,1.1563707129082672,0.40712326303264135
2022-05-09,1.1784418030048116,1.0478399674764145,0.36325812878009794
2022-05-10,1.1881124253282134,1.0424081622417514,0.3993831048757564
2022-05-11,1.0342336762197406,0.8953562610622469,0.318201821589504
2022-05-12,0.9356445451746052,0.7943238844347332,0.12994047646849244
2022-05-13,0.9727694566984697,0.8603526365826536,0.07781077578651124
2022-05-16,0.8695968179978435,0.829993322307805,0.05128893763052032
2022-05-17,0.945409369921681,0.9490054263691442,0.25217057574155793
2022-05-18,0.997533776601933,0.9811522856718231,0.31009873016536793
2022-05-19,0.8902432040897857,0.7902054709275087,0.15079125605080765
2022-05-20,0.9710709742453046,0.8938251026559666,0.22322602404158634
2022-05-23,0.8558175673257804,0.7771890082722681,0.12903210683923794
2022-05-24,0.8614322733829459,0.799502021089636,0.1268096479946609
2022-05-25,0.8295132977875774,0.7420934540883086,0.13965339455261283
2022-05-26,0.7766622377321375,0.6966531134585066,0.08485259335995357
2022-05-27,0.8301060403189578,0.7957250295133385,0.14450015136261354
2022-05-30,0.9533663103544084,0.9235994052644722,0.25393983231010936
2022-05-31,0.9378391942462284,0.9297597458110657,0.188868786509965
2022-06-01,0.9370592278957273,0.9050560004682152,0.15177952962997573
2022-06-02,1.0008334530797665,0.9289464539187114,0.15174073887524506
2022-06-03,0.9901570313157718,0.8930318729808118,0.07805943762328729
2022-06-06,0.9668608760793382,0.8626394994585421,0.075754198718106
2022-06-07,0.9014657152144115,0.7651436974765616,0.019014720418326757
2022-06-08,0.8552043765033558,0.7255556087592395,-0.047678480169415435
2022-06-09,0.8688932828853256,0.7569768657542734,0.005312087387874922
2022-06-10,0.788531340706034,0.7089348880904083,-0.1272587470740161
2022-06-13,0.6543512509764257,0.5443662090230941,-0.27849013947224455
2022-06-14,0.7114981853768448,0.5841973550045426,-0.254983333803823
2022-06-15,0.6755738616783399,0.5424482299337503,-0.3093758354054133
2022-06-16,0.5474892556051819,0.4026400368674703,-0.4553116646633251
2022-06-17,0.4886600877675818,0.3088576974144706,-0.48571170230084193
2022-06-20,0.49415667293142346,0.33480985669400276,-0.4852689158324949
2022-06-21,0.6041649310551462,0.43844946764374704,-0.33417754156449275
2022-06-22,0.5897473839053394,0.3785182663055546,-0.3893853830526935
2022-06-23,0.6807936693714582,0.4654871085317359,-0.3313028601874237
2022-06-24,0.7319103439247969,0.5383650898274525,-0.30083524512790016
2022-06-27,0.769198020229947,0.5829341802582844,-0.260778100163511
2022-06-28,0.7074537516291304,0.5730631671970504,-0.22238713836362564
2022-06-29,0.6449410574200082,0.5478492342475692,-0.27998686197544237
2022-06-30,0.5651821763581693,0.46478795502462356,-0.3129696176834746
2022-07-01,0.5807477020602005,0.4614312482639761,-0.30660936346988105
2022-07-04,0.6093976339686319,0.5522151435464455,-0.2510845447835493
2022-07-05,0.6275484474523395,0.5890861167266341,-0.2501262717812806
2022-07-06,0.6584180442240543,0.6810660407716776,-0.16808122030399567
2022-07-07,0.7027588087625349,0.6874733391358799,-0.13136301522819305
2022-07-08,0.7306892165671094,0.745110640426659,-0.14131547733251315
2022-07-11,0.7094088827458755,0.6993842224611261,-0.13703883659143315
2022-07-12,0.6173674434625113,0.6075887910385409,-0.21615166770597863
2022-07-13,0.6540761114743936,0.62517186544853,-0.1939148917516939
2022-07-14,0.694653951285496,0.6375256219004358,-0.1900221942614884
2022-07-15,0.7697670295078536,0.7476950397262349,-0.1504745343725222
2022-07-18,0.763305124853436,0.7426649704657986,-0.11139399563570712
2022-07-19,0.7579347476538946,0.750129156458956,-0.10451334588358319
2022-07-20,0.7679963171992763,0.7893540663689335,-0.06600493116446832
2022-07-21,0.8209768483445556,0.8632785233768531,-0.036040479111447865
2022-07-22,0.8567151642931095,0.9355705989656748,0.06627443461632351
2022-07-25,0.9030505835404804,0.9614379737367086,0.07995384737850507
2022-07-26,0.7565286363307708,0.8107014328278727,-0.042920209563143574
2022-07-27,0.8741107944738439,0.947886539166625,0.0010761052523028335
2022-07-28,0.915145942569067,1.0011978639072014,0.11262062277834593
2022-07-29,0.9897252998217593,1.0471870136301111,0.21871398903635636
2022-08-01,1.0489029849330955,1.0897364981171205,0.2929554150429592
2022-08-02,1.0786380127854076,1.1294636734134949,0.26949860503808737
2022-08-03,0.9976716532535451,1.094820790083454,0.28929775869157104
2022-08-04,0.979943757991598,1.058059204507704,0.2428422909773935
2022-08-05,0.883075645342972,1.0010851729745642,0.1594274067917916
2022-08-08,1.0094000925045934,1.0848927527692318,0.15595466576275474
2022-08-10,1.019562002077331,1.0907687157882728,0.1464028293831144
2022-08-11,1.0312293149550547,1.110672141754939,0.20736602873961496
2022-08-12,1.0485644604729427,1.1383321556219987,0.21304132714449459
2022-08-16,1.0852175073070416,1.1587173774230817,0.2466364395989761
2022-08-17,1.1561218485426643,1.2949880814957768,0.2842907926576745
2022-08-18,1.0880763125038904,1.2431790937163767,0.2591717197023791
2022-08-19,0.9463865197108661,1.1111085480385343,0.1371473647176855
2022-08-22,0.8550392424727957,0.9885495134271857,0.03802651162286198
2022-08-23,0.8847206460005291,1.0002109184085881,0.048663897919941905
2022-08-24,0.8827377275833369,0.9871353712714607,0.07350055374306003
2022-08-25,0.8808041422615195,0.9835063973729746,0.08768145903796716
2022-08-26,0.9205137635158213,1.0331109561887686,0.08358130260384218
2022-08-29,0.8062385158022913,0.9168076799456573,-0.04170280226587313
2022-08-30,0.9100901121487913,1.0123022283307657,0.10182052037787684
2022-09-01,0.8837343436723897,0.9879144472914329,0.03169895051108535
2022-09-02,0.8272353259434551,0.9299663677847048,0.007348778580095304
2022-09-05,0.7828935046986552,0.8671857551514697,-0.02851810390909375
2022-09-06,0.6665452971872006,0.761159922723632,-0.09951236309054926
2022-09-07,0.685253519997547,0.8044004189818869,-0.09099159562054111
2022-09-08,0.6902206107780688,0.7816965166225494,-0.08729731683413053
2022-09-09,0.6461496416146795,0.7554203000935005,-0.10581733463794721
2022-09-12,0.6949212902307705,0.7937353628687677,-0.09070865476381113
2022-09-13,0.7734294717167206,0.8934896866061652,-0.043090045211474866
2022-09-14,0.7012489197943979,0.796859924623255,-0.061129678878969224
2022-09-15,0.6854282730811498,0.79167115803478,-0.10611493670761311
2022-09-16,0.5887312485082182,0.7364112771100634,-0.21041103633104505
2022-09-19,0.5836672563076578,0.7302864819766861,-0.1889296327106845
2022-09-20,0.5616231673076993,0.7191895211628867,-0.17192211677276603
2022-09-21,0.5356584737356391,0.7199364852309637,-0.23837341430552925
2022-09-22,0.5690019746425222,0.7865027840178386,-0.25229743289392553
2022-09-23,0.4384246556695227,0.6518751862243937,-0.287846492320634
2022-09-26,0.27351095353160826,0.5210628082916338,-0.44053680065593687
2022-09-27,0.2741234416816572,0.5255733843510431,-0.4385735328779322
2022-09-28,0.22071909510598584,0.46623505685644956,-0.5774244116824723
2022-09-29,0.22777298382912944,0.48296828741555714,-0.600442557229141
2022-09-30,0.3388937597033601,0.5698527670882012,-0.506560174304113
2022-10-03,0.2334528399792975,0.4775667228715642,-0.5400037465471543
2022-10-04,0.341478845402237,0.5918160496436361,-0.3970628095733285
2022-10-06,0.3654372553451038,0.6028336059861092,-0.3495817028727823
2022-10-07,0.3606137340310798,0.5998806284727718,-0.3281045345912715
2022-10-10,0.29040451296405045,0.5427820655557444,-0.4024079052550177
2022-10-11,0.1867914522690325,0.4456927453168724,-0.5250150763506637
2022-10-12,0.32649418464736596,0.5386528710752941,-0.4248147265402469
2022-10-13,0.16403841366974628,0.3713955408015522,-0.5056449765437221
2022-10-14,0.18920827150572206,0.37294147903116576,-0.48200795759627335
2022-10-17,0.17175174364910234,0.3851796564075125,-0.45677467155967755
2022-10-18,0.24679655571112905,0.458869861702058,-0.41439518681017373
2022-10-19,0.15940468378079284,0.37130766855469954,-0.45912763909139875
2022-10-20,0.16840652873032275,0.39847333905269877,-0.49728890596501124
2022-10-21,0.1300026333165413,0.3831559220648836,-0.5356820262317371
2022-10-24,0.2577186672558527,0.4828890782661843,-0.46900950554695003
2022-10-25,0.32501721552457746,0.527538602182517,-0.4468582015801674
2022-10-27,0.4665219254395528,0.6740507997871192,-0.39474971962663
2022-10-28,0.5115352033551277,0.7185477584380705,-0.35994699648223966
2022-10-31,0.6887529945656058,0.8984998434021529,-0.2922446707997905
2022-11-01,0.7330644103369387,0.9412019867697966,-0.29501069632772225
2022-11-02,0.6998532839694389,0.8969312011409993,-0.29667244637425644
2022-11-03,0.8153045739073942,1.014057610275125,-0.19971413438187022
2022-11-04,0.7910741759590663,0.9787532589424361,-0.12228751228760322
2022-11-07,0.7635607723228001,0.9295221842137109,-0.17776470930871965
2022-11-09,0.675105853256816,0.8566041573010688,-0.17913522003224602
2022-11-10,0.6042566665806333,0.7634001837267743,-0.19996722663003305
2022-11-11,0.603389992352971,0.7291344348061387,-0.12730306097734467
2022-11-14,0.5141622726099583,0.6766415580097556,-0.18075784761931185
2022-11-15,0.4854862126634445,0.6396384388965985,-0.15072442226183239
2022-11-16,0.5086865706941441,0.6437728692029256,-0.14050832084415565
2022-11-17,0.5125046032512771,0.6428443736712063,-0.11614850258630363
2022-11-18,0.40072353094604246,0.5537759348176908,-0.1989603767105726
2022-11-21,0.34969709377071456,0.5119811053973636,-0.2457669582621546
2022-11-22,0.4028727029564096,0.5393615582314648,-0.18604863839751848
2022-11-23,0.45131694829117447,0.5997726650301547,-0.14794586219875605
2022-11-24,0.627237008306102,0.7364744502313535,-0.04000717382096955
2022-11-25,0.7086294999737596,0.79112676741757,0.0782805363843132
2022-11-28,0.6029172398382731,0.7283141056916422,0.06550504484854315
2022-11-29,0.6790801823418635,0.8015671745697515,0.11051625340607263
2022-11-30,0.7378663287828029,0.853563219876735,0.11373255557410919
2022-12-01,0.9579736214146719,1.0273216664587164,0.296962578182262
2022-12-02,0.9371172786970633,1.0202703876185135,0.25243833443963637
2022-12-05,0.9239042355730807,1.0348090403474977,0.27760152293139656
2022-12-06,0.8784372380039615,0.9874220326059965,0.19873515699341168
2022-12-07,0.7857062590615875,0.9117878381710243,0.0960488544282896
2022-12-08,0.8391714808311712,0.960295065694496,0.1786738324466258
2022-12-09,0.9562174512755441,1.0645861457060004,0.23958246026688004
2022-12-12,0.8658902641747204,0.9772153947818768,0.15055365457577133
2022-12-13,0.8212371198634891,0.9251878708889497,0.08711864553569196
2022-12-14,0.8538441883964141,0.9526442091061827,0.08778107782002574
2022-12-15,0.7939736999683086,0.8943692230788283,0.013458483596462805
2022-12-16,0.7275368684297358,0.8437493625641027,0.014879600416516066
2022-12-19,0.7900920312286599,0.8907218338928415,0.07704965834403445
2022-12-20,0.7643206700515268,0.8687610768528804,0.10054916622371572
2022-12-21,0.7399802659136678,0.812865112320182,0.03302262722817391
2022-12-22,0.7713527556934126,0.8126445279168065,0.0985579806390576
2022-12-23,0.7713552192127435,0.7964089990581572,0.12294411538134221
2022-12-26,0.7947756635361307,0.8533818331297203,0.13582825269995016
2022-12-27,0.7073398037554167,0.772026337079497,0.11005869333847408
2022-12-28,0.6668140561345934,0.7329706527976317,0.066904552147502
2022-12-29,0.7304905821201928,0.779468722119948,0.11225656726542198
2022-12-30,0.6602027184059379,0.7207918916553588,0.05674882436680822
2023-01-02,0.6264222935073874,0.7112706425993172,0.03638452476394841
2023-01-03,0.6380037132183388,0.7242019870944094,0.05421000578702731
2023-01-04,0.5474778854735701,0.6337977278927768,-0.0029262895627425803
2023-01-05,0.5034073382104776,0.5630209912523209,-0.06989877317796665
2023-01-06,0.38474278737624623,0.46273908935657204,-0.20417143413620176
2023-01-09,0.41053541114852327,0.45842224160661194,-0.1844274604960196
2023-01-10,0.3406163030732288,0.4058459291356818,-0.28337064475211854
2023-01-11,0.3854987174991414,0.41417097410526477,-0.2316436653670819
2023-01-12,0.41332005637433933,0.4169909767802478,-0.26576892681131015
2023-01-13,0.40865629521971847,0.42890511662511555,-0.296385690822365
2023-01-16,0.3671554948501189,0.3601072008587775,-0.3333724881508488
2023-01-17,0.38770357626464774,0.3636124468188836,-0.3322974364962115
2023-01-18,0.3933362908467193,0.3618462721159173,-0.3105101724051515
2023-01-19,0.3790271330523267,0.33142249510402166,-0.3282287105523583
2023-01-20,0.30447386359718737,0.2705869597350876,-0.37063060070777815
2023-01-23,0.43456734019950377,0.37358066744727975,-0.27970234256025106
2023-01-24,0.4713573632173581,0.4099003781573599,-0.22394028956300174
2023-01-25,0.4371680361567672,0.3943093758972449,-0.2376183342251037
2023-01-27,0.3990475416409915,0.32035899290340747,-0.2844812586985817
2023-01-30,0.4679617355675004,0.41789145161899277,-0.11671210483345415
2023-01-31,0.45101641425907346,0.45921840441122463,-0.15666835701752274
2023-02-01,0.52375298925271,0.5788030889748986,-0.11493805828432437
2023-02-02,0.5287602482445752,0.5967797163292914,-0.11408671655135776
2023-02-03,0.5589870251084142,0.6172868616542463,-0.11453397614227179
2023-02-06,0.45214691415401265,0.5258483243886068,-0.22533714963551776
2023-02-07,0.36588692106404663,0.4159684012946935,-0.30874071700577227
2023-02-08,0.458062455082111,0.5129614526049102,-0.18548034901476546
2023-02-09,0.4984010155171764,0.6481625802210103,-0.1634284251391497
2023-02-10,0.6280555560945569,0.7303634952080275,-0.07346575070582984
2023-02-13,0.6361619061645754,0.7139686316844829,-0.12048052262294698
2023-02-14,0.5817733493912818,0.6742417009064591,-0.13532791227232852
2023-02-15,0.5298557409198015,0.6602210745900501,-0.15538052516431844
2023-02-16,0.619374548523266,0.7530035953539803,-0.07050146170675636
2023-02-17,0.7620429124134028,0.8617299730176263,0.08403749765369883
2023-02-20,0.5601519678667538,0.673867196771497,-0.1366125283388939
2023-02-21,0.5615030462190974,0.6948578146805315,-0.13202888749438219
2023-02-22,0.47937147557670756,0.6429150959165654,-0.21948321280099614
2023-02-23,0.45764649165222626,0.6327942255816953,-0.22451200267245716
2023-02-24,0.4559406343602028,0.628221499460519,-0.21568805434267743
2023-02-27,0.46101476594031127,0.6215690818398438,-0.20056763411734413
2023-02-28,0.470000083826047,0.6091794409116388,-0.22152310233691833
2023-03-01,0.853630577441296,0.9292174214878488,0.13167068091084747
2023-03-02,0.6583685169382515,0.7209102562738798,-0.0801112487048134
2023-03-03,0.6620423876447015,0.6896212872183974,-0.03037043950762648
2023-03-06,0.7512076056542648,0.7880452807848167,0.08597170615852258
2023-03-08,0.7836502320198759,0.8117497764773642,0.14429550930062543
2023-03-09,0.8540757959115816,0.8963203354511885,0.18429316563563675
2023-03-10,0.9034923870679036,0.9997002827101179,0.27534473540489784
2023-03-13,0.7747284986689228,0.8456301736984293,0.11404126304327623
2023-03-14,0.6402824061919595,0.6735004718146053,-0.06583909855273928
2023-03-15,0.5677536949713581,0.5797177124742859,-0.19601227342921226
2023-03-16,0.5672380093182079,0.5847643249436869,-0.20504449929613403
2023-03-17,0.5767668232676161,0.6100740733179953,-0.25771901517211804
2023-03-20,0.5963298073354019,0.6361943563000333,-0.2192670152382131
2023-03-21,0.5193808817398806,0.5195563221980936,-0.30018920281174666
2023-03-22,0.42075697412706575,0.36670106886920495,-0.41000684883802735
2023-03-23,0.47968825333521004,0.42378540080595106,-0.37365443399323867
2023-03-24,0.41032008301086254,0.32718816666108735,-0.5062680771747823
2023-03-27,0.44755491222409516,0.3637858469556584,-0.46235395307907134
2023-03-28,0.4278273733325638,0.3283711975044508,-0.4669419349414602
2023-03-29,0.5073711429885298,0.46667851419048095,-0.38675415096347004
2023-03-31,0.523326635568057,0.5375317950349262,-0.3007864086397695
2023-04-03,0.4616593876732535,0.4787733727736946,-0.3267982191837834
2023-04-05,0.5187552689502329,0.5302201370666616,-0.33266096147439356
2023-04-06,0.5124799046547825,0.5038042247984712,-0.30330030082550075
2023-04-10,0.4585924543919943,0.4606954791280447,-0.37501361994897153
2023-04-11,0.2815920596844099,0.3168651514446902,-0.48996800664207707
2023-04-12,0.25378970294071174,0.2907386437357936,-0.41823511597785984
2023-04-13,0.23670100075861397,0.28054876567054005,-0.3552510685165069
2023-04-17,0.2657577888368433,0.3086825456418277,-0.3373281592218135
2023-04-18,0.25467645438185604,0.31218325071575437,-0.4129481187140227
2023-04-19,0.2693226337720135,0.3042637355027966,-0.3868770609441054
2023-04-20,0.3737974684771727,0.4249477034439593,-0.3284339176263979
2023-04-21,0.3770350060643197,0.4384616620595783,-0.30701793983228554
2023-04-24,0.44618857359860414,0.4915857209725255,-0.14083251517873344
2023-04-25,0.5500228186094233,0.548549613676301,-0.04331314726676494
2023-04-26,0.49909905979295527,0.4968237216306835,-0.09966092387844637
2023-04-27,0.4226840023671394,0.4330190698420185,-0.16548241791917165
2023-04-28,0.5465553766560938,0.5107624307283761,-0.016698402615113125
2023-05-02,0.698935882902239,0.6894460030751351,0.10607281066492037
2023-05-03,0.497311413764765,0.5221904902531862,-0.020238195253521978
2023-05-04,0.6619132361025076,0.6816117977151837,0.11285665088736088
2023-05-05,0.518038721320417,0.5892418611129423,-0.04706587549478214
2023-05-08,0.6364261228563713,0.6849450196681978,0.08935950637579346
2023-05-09,0.6537802897803363,0.7086695924508878,0.10396150572509762
2023-05-10,0.7897148900289968,0.8522674686532257,0.291228056630182
2023-05-11,0.7733926754078562,0.883795621943896,0.2818529454807599
2023-05-12,0.8582939247424647,1.0477354104676502,0.40987762396474053
2023-05-15,0.9294894400310785,1.1575897387616467,0.4925402004759888
2023-05-16,0.9077032715625315,1.1689499890832142,0.4752910507449274
2023-05-17,0.9283248201685655,1.2176007205974306,0.46608587888254194
2023-05-18,0.9709367193675182,1.3059497377307614,0.6158949851124929
2023-05-19,0.9322802579238985,1.2603432474968097,0.6578714155437957
2023-05-22,0.9587461264424633,1.2624898681072252,0.6744288367008785
2023-05-23,0.8041641438608714,1.1049973389274115,0.5024829331530092
2023-05-24,0.8416641237349994,1.1219095919275304,0.4854021690564096
2023-05-25,1.0497293649666593,1.3904179277262643,0.7151126007553482
2023-05-26,0.9737975494609808,1.2697480211207781,0.5801314234261497
2023-05-29,1.0024966991442137,1.3084773580072397,0.6470502019636954
2023-05-30,1.0143597037215435,1.3458227602386046,0.7061463627158957
2023-05-31,1.1334504876054377,1.491852290659066,0.712867424856585
2023-06-01,1.119432737908987,1.450676995600402,0.6233011977641696
2023-06-02,1.1356164559438318,1.4371151886149922,0.5560652695167836
2023-06-05,1.0812081278725738,1.319297466194946,0.4365683939940266
2023-06-06,1.0718790086388028,1.3000946893649121,0.47608757065628154
2023-06-07,1.139494382725398,1.3762901747852434,0.5603828817433564
2023-06-08,1.0616856351828978,1.3204188168118507,0.4702330678157876
2023-06-09,1.0891145961344117,1.328296736494782,0.46057673511121416
2023-06-12,1.0936807826492476,1.3675197445226104,0.4841069083792209
2023-06-13,1.255440275900111,1.585569595929505,0.6086490155278916
2023-06-14,1.3056347706331008,1.6387075032349698,0.6553563549362151
2023-06-15,1.2505769460919436,1.57794015742195,0.5671516047336794
2023-06-16,1.349662970861824,1.6486105053820304,0.7673924023017329
2023-06-19,1.5044571519267183,1.827050276588337,0.9737344177742832
2023-06-20,1.5109825749491521,1.8614610353750767,1.0232409352507998
2023-06-21,1.5262380218049452,1.8344516717027537,1.062330093170568
2023-06-22,1.6709909978506332,2.016139772656976,1.2191742524569074
2023-06-23,1.7261833352974223,2.1383056213679628,1.2078726394679213
2023-06-26,1.7542206379051866,2.15214895845819,1.1886031546977716
2023-06-27,1.6796897129687347,2.0602791455605196,1.098404757203009
2023-06-28,1.8343726443628494,2.236566196935964,1.2996142890882185
2023-06-30,1.8788181477895225,2.242724669303456,1.3159437574772879
2023-07-03,1.734480792390398,2.0907264171342805,1.2985552095431805
2023-07-04,1.6562465218251154,2.002303581589563,1.2579184809898725
2023-07-05,1.6526280070736816,1.984913934306453,1.2522818513945055
2023-07-06,1.7541685570622363,2.0464594477059994,1.3236140705584856
2023-07-07,1.6918700505912274,2.009022335283309,1.2571319800236154
2023-07-10,1.618539554750177,1.9299404153757989,1.2834134526687597
2023-07-11,1.6825359340008066,1.9212266041860357,1.2754351055017443
2023-07-12,1.6496758587947853,1.886176250985271,1.264049404172727
2023-07-13,1.5170613756629512,1.6965111455045367,1.1849601120339992
2023-07-14,1.527026747253865,1.7141686683680235,1.1755612044697505
2023-07-17,1.4718337651594442,1.6235256633442137,1.192365445731884
2023-07-18,1.5071268532452098,1.6933579165505523,1.2112799077220138
2023-07-19,1.6111937685426814,1.812888714759892,1.3363194727342276
2023-07-20,1.6577137452893427,1.8468654722157862,1.4491348173627405
2023-07-21,1.5796569950429205,1.826490807902185,1.3554840961049457
2023-07-24,1.5352650715396015,1.7388954002051316,1.2651967688441224
2023-07-25,1.4980421745933108,1.69610207032955,1.1539455809343977
2023-07-26,1.499050004454654,1.6903342519459303,1.163542452392983
2023-07-27,1.4622323325765607,1.6289749887559435,1.0188233462866587
2023-07-28,1.4317156971100786,1.5907323107543088,0.9691285952510313
2023-07-31,1.4756571444997315,1.605533176825764,0.9576145371867094
2023-08-01,1.4455621623799149,1.5606423998311274,0.9958222245958979
2023-08-02,1.3822172923196387,1.5265748136759165,0.9803110990337551
2023-08-03,1.252839840764836,1.3788470357484066,0.833372747041613
2023-08-04,1.285817965291657,1.3942017792878714,0.750722375699113
2023-08-07,1.2522364117047473,1.3548568409547153,0.6725441415119666
2023-08-08,1.1028573757264242,1.2466440098605378,0.5695472036334854
2023-08-09,1.1722548749067538,1.3373514341822699,0.594497324102535
2023-08-10,1.2287805193812578,1.425067932758036,0.5320357242170569
2023-08-11,1.1623636105039548,1.37910308346913,0.4825535091313722
2023-08-14,1.230005366167408,1.4359712747920204,0.4775320701616397
2023-08-16,1.188408040474347,1.4283475831617334,0.42746372451345543
2023-08-17,1.1094802487320692,1.384646489427409,0.3768951351489076
2023-08-18,1.0241016311604745,1.2880782303082905,0.2896926263394037
2023-08-21,1.0804932465985249,1.307774877833187,0.3081318282134876
2023-08-22,1.0643682032806128,1.2964152376879732,0.24648279539490053
2023-08-23,1.0300443297107589,1.219117595844759,0.20941819183468072
2023-08-24,1.0310097001106346,1.2426236250257428,0.1772012342053161
2023-08-25,1.0185512731416613,1.2487744739456101,0.22037799523793497
2023-08-28,1.2060576740414908,1.4795451038662855,0.3763865371177859
2023-08-29,1.1369608351925549,1.4507847108132235,0.34914885357545006
2023-08-30,1.1599606232563675,1.4792079286623314,0.3373808069263767
2023-08-31,1.1281750601318792,1.4300679608969025,0.3359757772677122
2023-09-01,1.1292445094178531,1.4278612655472018,0.40062572370844046
2023-09-04,1.2319942883630115,1.5238996036431365,0.5733755179854875
2023-09-05,1.1080842739932255,1.4051659118156636,0.3720487235308809
2023-09-06,1.1695993702084506,1.4420209340163197,0.5054429665609863
2023-09-07,1.2176567215174807,1.5135120807544946,0.5616462397026807
2023-09-08,1.2283359694320295,1.520387705621469,0.5390630830869777
2023-09-11,1.3007499004834393,1.5812943001712576,0.6255078207621646
2023-09-12,1.1996434023033482,1.4460144123264302,0.6405969610103996
2023-09-13,1.1638803306715753,1.436686911864967,0.586314327394211
2023-09-14,1.223086068380393,1.4992658389123155,0.5835853494583122
2023-09-15,1.2045075310931546,1.4726042400270143,0.5714328727757401
2023-09-18,1.16343490573078,1.3917563251933445,0.4753665279166911
2023-09-20,1.1190081809012196,1.4163639470363902,0.39980439565488185
2023-09-21,1.0748417285744725,1.3720647416140808,0.39049016556625954
2023-09-22,1.21884042744175,1.4859596076260335,0.5475504129277549
2023-09-25,1.1985286028156885,1.5428833751524407,0.4989523040810562
2023-09-26,1.1281729336089137,1.4776442438655977,0.39209695916086884
2023-09-27,1.203757704181097,1.485949021516145,0.4699559876776884
2023-09-28,1.1298173689000084,1.355217000945245,0.4229817185694891
2023-09-29,1.4612978958529763,1.6507749246260741,0.6496966452571871
2023-10-03,1.643446818959563,1.7918479152467996,0.7796142744808803
2023-10-04,1.61253886851042,1.7518282139699428,0.7375377543742264
2023-10-05,1.6514289414089693,1.809719182316487,0.8801462564683642
2023-10-06,1.6626539495895332,1.8340851647381669,0.9567187181191417
2023-10-09,1.4620189691567316,1.6703841312349264,0.7331722396950218
2023-10-10,1.6501360075363778,1.8413960421018196,0.9459859857876024
2023-10-11,1.55822500936675,1.7580877382755775,0.7989951931885635
2023-10-12,1.5401648282536724,1.7178901419879724,0.7566675000181404
2023-10-13,1.5662061372732434,1.7284036601714934,0.7445279250510624
2023-10-16,1.5960554718636863,1.7863628946640773,0.7785160833334498
2023-10-17,1.7221753199900771,1.8817596245869939,0.9824072958821369
2023-10-18,1.5698624153192227,1.7455013550013174,0.8251769699344039
2023-10-19,1.6200942927929893,1.8277925212833217,0.8682288637336891
2023-10-20,1.5246778466146345,1.7602682715273734,0.7244247622526085
2023-10-23,1.356452774216079,1.6085045508346698,0.5072098444467977
2023-10-25,1.160307287757432,1.412143881728947,0.31930257748676677
2023-10-26,1.0553427856430877,1.3689868441868196,0.16090288153329002
2023-10-27,1.125099175559708,1.4675256328191375,0.23205608840807956
2023-10-30,1.1990536412093984,1.5098561606605858,0.2742818529211049
2023-10-31,1.122162451466511,1.5020038107421383,0.1538888295743745
2023-11-01,1.1273233199927617,1.529927793926326,0.14834417967527008
2023-11-02,1.0898362043101293,1.4723954760076923,0.1785866262728567
2023-11-03,1.1405842473451184,1.5166263070811206,0.20139443417763309
2023-11-06,1.0519571544351438,1.43437322887676,0.1692108426291096
2023-11-07,1.0453223602738397,1.5054076798641667,0.09199872697757425
2023-11-08,1.1901506728004614,1.6758234759985184,0.1462853346879262
2023-11-09,1.2051691222992762,1.676690867683205,0.13802079634690081
2023-11-10,1.2779782420255417,1.7865085520758894,0.11757005963704012
2023-11-13,1.3164827003220834,1.855985093035317,0.07916699957002822
2023-11-15,1.4810408831026534,1.9729198434080375,0.2244645425076862
2023-11-16,1.6180827806461315,2.084482613977584,0.3428004354097206
2023-11-17,1.638180100318017,2.1699961041506146,0.14762121849368168
2023-11-20,1.645214106588078,2.2046395289643024,0.13942126829703774
2023-11-21,1.6113278926654226,2.1786849612927273,0.1444109967725976
2023-11-22,1.588840580580609,2.18784160743598,0.15568381627789493
2023-11-23,1.5814781063400896,2.1848792272963578,0.18740573460354507
2023-11-24,1.670278970424489,2.2527601187748347,0.20398154447280034
2023-11-28,1.7545690899776276,2.326097171910589,0.33719834926935105
2023-11-29,1.7813555722183734,2.3180954693257356,0.39488847752141665
2023-11-30,1.9276400389802557,2.4765072314089878,0.4005619582519222
2023-12-01,1.8599455737081634,2.4229045932040663,0.34911569289919214
2023-12-04,2.0131410978273085,2.535393969874935,0.5347705878759527
2023-12-05,2.104084157519751,2.625657172831553,0.5880282610125263
2023-12-06,2.140818029955809,2.630431373612579,0.5977330321209522
2023-12-07,2.0185417571993387,2.52648240895454,0.5054663885339465
2023-12-08,2.0123735898364288,2.5175400396657954,0.5092348153116577
2023-12-11,2.115116278657294,2.612785799335114,0.5862864287612497
2023-12-12,2.040453674665287,2.5657249499429255,0.5393004258143375
2023-12-13,2.1613000904010957,2.6911573119382046,0.5807965212837254
2023-12-14,2.2200851649698894,2.746649528356913,0.7448503834276367
2023-12-15,2.3806212245822542,2.8595342221566367,0.8420239840295657
2023-12-18,2.3862195448474117,2.8514906231060038,0.8864956423514848
2023-12-19,2.4293767849930874,2.9115725250448015,0.902237851039509
2023-12-20,2.1741068427835115,2.6873648663964094,0.6948116420411679
2023-12-21,2.1927113744281397,2.7076305306945536,0.7155793977582724
2023-12-22,2.374860736865739,2.8713570466564815,0.8972566472706386
2023-12-26,2.612385633704459,3.0734191253638325,1.0223333940820687
2023-12-27,2.604880190212537,3.0694233970765743,1.0375068158944392
2023-12-28,2.721081809447108,3.1786802007950095,1.1127284542918718
2023-12-29,2.8286546765639056,3.3458718895105783,1.1987230790535972
2024-01-01,2.884962482501169,3.3851294194319115,1.2445249247055723
2024-01-02,2.9992956391366845,3.52458683295949,1.4102996653428606
2024-01-03,2.8779165402334885,3.4350183388000617,1.224966605546428
2024-01-04,2.9239531772588028,3.4873783087918606,1.2252592983362134
2024-01-05,2.947357112018554,3.5138471176402013,1.2554268914317668
2024-01-08,2.836276796751187,3.414365156077076,1.118173175697967
2024-01-09,2.961103036209501,3.5457030094966866,1.183121425904767
2024-01-10,2.971240458859501,3.5903336810632225,1.1668614137198876
2024-01-11,2.893621673889331,3.544956406980707,1.1606862255301358
2024-01-12,3.098502401216029,3.772966898198858,1.3846010294736937
2024-01-15,3.153469241903533,3.8363697138371973,1.5036165075364125
2024-01-16,3.20336185535004,3.9024336059595943,1.5530941210182727
2024-01-17,2.9160883462848775,3.72408087551817,1.1819938848217735
2024-01-18,2.9953361659311954,3.7821464186636007,1.2404297955174477
2024-01-19,3.089265946183148,3.9219786425839143,1.3234694190881355
2024-01-23,2.8329701036888744,3.723616718959261,1.1462115343128711
2024-01-24,2.929657176294954,3.806833161700158,1.1882084311607126
2024-01-25,2.8781274444703007,3.791115452635034,1.1747833249070079
2024-01-29,2.870257051496563,3.784323551482482,1.2512640708967844
2024-01-30,2.584800429608102,3.3804319679173145,1.0893629311879158
2024-01-31,2.6630754616515437,3.477614726861511,1.2087571718059331
2024-02-01,2.725001485309962,3.56322200484747,1.240456139424511
2024-02-02,2.7292605277002293,3.575511311349154,1.260096805225815
2024-02-05,2.703323431280445,3.4226382462204823,1.222619136232796
2024-02-06,2.856280561675861,3.52071750158193,1.4231055735355385
2024-02-07,3.12471506826907,3.7672173439653167,1.602563930040344
2024-02-08,3.3692273329385207,3.9950368918369543,1.4737146591813715
2024-02-09,3.232428618294719,3.803173046223367,1.4952830778153732
2024-02-12,3.1979221275920557,3.782889866430522,1.4414152476749675
2024-02-13,3.2273141283643776,3.807510153877951,1.50070801347982
2024-02-14,3.1272638445328362,3.7682018448450814,1.4194411313661361
2024-02-15,3.2621897428313655,3.876813096936358,1.5029881966031948
2024-02-16,3.3850959434503918,4.003780792049657,1.5844932920359445
2024-02-19,3.410427252815138,3.9997949147979166,1.5410617926788637
2024-02-20,3.4380990406629945,3.9167037589938456,1.561984288296443
2024-02-21,3.2703023846059627,3.732802268838769,1.5158322505252755
2024-02-22,3.372745400742023,3.8687730955197,1.6351950674258697
2024-02-23,3.3893677660232178,3.8337048425163984,1.5495708213181807
2024-02-26,3.381828550367848,3.7758835727367943,1.4609712246110709
2024-02-27,3.4765946141046453,3.8396579550831396,1.4836451393803782
2024-02-28,3.4535079453262685,3.830076174285987,1.4161720376468978
2024-02-29,3.457531026318742,3.8396717968132763,1.4879710352098443
2024-03-01,3.5392950911782046,3.9064829532340077,1.6392680631405767
2024-03-04,3.7287397383069645,4.021584169071583,1.8405598381400783
2024-03-05,3.7935029103014495,4.03427331275275,1.8432027309812609
2024-03-06,3.9579637132978926,4.157771546783159,1.920419446051
2024-03-07,4.093773878592703,4.2902014005922595,1.972977715849521
2024-03-11,4.038874838370488,4.311405414632231,1.949877346535084
2024-03-12,3.9878210781461516,4.235617291748573,1.872388156549963
2024-03-13,3.6114008757488545,3.9773018631226016,1.7791661124956077
2024-03-14,3.6536241868267023,4.023497932728503,1.7065428219530063
2024-03-15,3.5237283005153257,3.8940892759894066,1.5847906040498305
2024-03-18,3.5100274357388925,3.870070788509973,1.5754825853282963
2024-03-19,3.335056267900935,3.7159043719622784,1.5578915526420518
2024-03-20,3.3886671087904894,3.768166181188575,1.6768724217226783
2024-03-21,3.5710658263633506,3.9660192544135415,1.9225851361714972
2024-03-22,3.634852813704196,3.967858697179829,2.031245801034242
2024-03-26,3.5881262721428326,3.9359590118456165,2.0313447676928797
2024-03-27,3.586641755045809,3.907819373612619,2.075808061752217
2024-03-28,3.654546609993117,3.9530124198034278,2.0968510867529626
2024-04-01,3.746761645110691,4.005947225748645,2.2269926662478197
2024-04-02,3.8097556733046543,4.1033336315981375,2.156140169107501
2024-04-03,3.815410329214952,4.113030151065419,2.1214647959936324
2024-04-04,3.852540678043618,4.15456546112209,2.2041317480779306
2024-04-05,3.881036263828481,4.185003163068042,2.290616698881548
2024-04-08,3.913945104514861,4.192285158035419,2.3313617558493562
2024-04-09,3.965165842282481,4.278268475494642,2.3417177645227083
2024-04-10,3.965858120882931,4.2715194540449355,2.3176373036640685
2024-04-12,3.817305107685156,4.15017183989032,2.058653806873181
2024-04-15,3.7205400178805896,4.063473160260517,1.910447815592889
2024-04-16,3.6051665937004636,3.970340245757944,1.7636667915159747
2024-04-18,3.6224544551681817,4.026377669777054,1.6649264604000034
2024-04-19,3.666928676298554,4.0806724450622305,1.7168965723215646
2024-04-22,3.7082402116851974,4.112890932627543,1.743643161617382
2024-04-23,3.7139351613415688,4.107549827093839,1.7082317996071634
2024-04-24,3.7683593291721436,4.177183916359756,1.7148615688366893
2024-04-25,3.8578708246505347,4.273976497996178,1.8602952626637779
2024-04-26,3.806920649209826,4.245733045114126,1.815568065315484
2024-04-29,3.8634723728184763,4.286163349526719,1.9324695278974349
2024-04-30,3.8495273027831765,4.295737357473863,1.9115225864734016
2024-05-02,3.943867020432883,4.430040374002781,1.9309662417748972
2024-05-03,3.827241948089956,4.280358522516126,1.7834024502764847
2024-05-06,3.866708085134126,4.282523248984187,1.7536238800637451
2024-05-07,3.840580608086923,4.21737811591791,1.6622471227366613
2024-05-08,3.820832205931685,4.222098504364734,1.6072939312770553
2024-05-09,3.579408926589934,4.010414712655026,1.355475013238792
2024-05-10,3.6299198775002197,4.020528969832297,1.3542963445468263
2024-05-13,3.6695914239046576,4.045964250731469,1.4085534866819718
2024-05-14,3.6846541031098883,4.075561792617456,1.372237636299641
2024-05-15,3.7521296911674544,4.126496289602657,1.474546518724683
2024-05-16,3.814741745193203,4.17409892452447,1.4602518796657487
2024-05-17,3.860261081344919,4.217553868480704,1.4868843636913824
2024-05-21,3.9424754314903083,4.292848425112222,1.4879622622968083
2024-05-22,4.042080474534186,4.300876106403322,1.5281414607171186
2024-05-23,4.145359288943186,4.368743191719528,1.6618993564719633
2024-05-24,4.134062594013966,4.352651848423429,1.6130618643962729
2024-05-27,4.1684233028174384,4.357937939844015,1.666376535971388
2024-05-28,4.149259431420442,4.295770989002221,1.7069234388458028
2024-05-29,4.217421525179838,4.387726636430627,1.6504518843126184
2024-05-30,4.116381314270374,4.309114283787838,1.509334728816976
2024-05-31,4.043270814807321,4.225078530432607,1.4696951228194546
2024-06-03,4.23341804455455,4.382842061902035,1.6914574787337018
2024-06-04,3.3846041570056875,3.5986271007376547,1.016104017839036
2024-06-05,3.5111972545291508,3.7157128627928473,1.2313661542428511
2024-06-06,3.4956794850353163,3.70697926531571,1.2252889367894013
2024-06-07,3.5962820908078874,3.7930948112897678,1.3299875442256617
2024-06-10,3.592901711386599,3.7797373082163177,1.3046607577466787
2024-06-11,3.5624156544733547,3.7498058717445306,1.349841319088711
2024-06-12,3.5895897246546675,3.8144852299639282,1.3894570358889147
2024-06-13,3.569846048035255,3.793825624315581,1.3951952096935591
2024-06-14,3.6070298194456005,3.870133013316861,1.3923424230650716
2024-06-18,3.6681282126830586,3.9432847665538717,1.4205758990618478
2024-06-19,3.5488623920312774,3.8434803930134622,1.3542439726966313
2024-06-20,3.585972576273647,3.872045369719805,1.411023014758591
2024-06-21,3.526251855922913,3.7990468604780054,1.4194101271337571
2024-06-24,3.6173996243154036,3.892691102469184,1.4156170627326623
2024-06-25,3.5435280610654263,3.7791460729445836,1.4275306903856835
2024-06-26,3.527755102334962,3.7630647902607404,1.4584209313702208
2024-06-27,3.5685529201218293,3.787012733888355,1.5434091679585609
2024-06-28,3.5190144025914027,3.7819042287765265,1.4762460878564267
2024-07-01,3.5764143996338333,3.829045085083224,1.5485467744399084
2024-07-02,3.5598062316088597,3.813690569742097,1.5171952603000087
2024-07-03,3.575860553070518,3.8253428958059863,1.5517788980826392
2024-07-04,3.6113473048057245,3.869661660985818,1.5938489790566923
2024-07-05,3.661484424360668,3.921411126597386,1.6472279964717442
2024-07-08,3.649680069585344,3.9066369789709383,1.635299344570696
2024-07-09,3.6774606720864447,3.9279936860678255,1.619656472658615
2024-07-10,3.544232471610289,3.831264540229335,1.5212475335803952
2024-07-11,3.4243311777809122,3.767506033671807,1.433496915606053
2024-07-12,3.5287876896992105,3.8247796115779087,1.4386166187814666
2024-07-15,3.546268890800722,3.8577312504159087,1.4387063352306342
2024-07-16,3.554513539887283,3.8437763116066046,1.4432815376831465
2024-07-18,3.4481458217193484,3.5886574726268834,1.46203059409608
2024-07-19,3.4118376216248816,3.5383091220189784,1.4408901794639601
2024-07-22,3.5429190513324813,3.6540144118532676,1.4240166269736165
2024-07-23,3.443455418671013,3.5740562724721046,1.380733053129858
2024-07-24,3.4476738904884145,3.5903139814541234,1.3820129082921118
2024-07-25,3.538688529250294,3.6672293114254995,1.3676444976047397
2024-07-26,3.5888451879028307,3.7064267563045084,1.4344856422884813
2024-07-29,3.6287880018409115,3.773314765831471,1.3780585946798565
2024-07-30,3.637167637322169,3.814751113221003,1.3697868153706156
2024-07-31,3.6670177631049525,3.870956942454059,1.3662156584806264
2024-08-01,3.625373666826682,3.8227575379253613,1.3290142861005023
2024-08-02,3.534946969562092,3.664984409346834,1.3289859715836359
2024-08-05,3.2779914485275725,3.4152890628331156,1.12288728554277
2024-08-06,3.2072036323500486,3.328044633032578,1.0992569699123063
2024-08-07,3.299767198975319,3.448320427881951,1.154285249010722
2024-08-08,3.3382859480232403,3.508615127577411,1.142572624286355
2024-08-09,3.432493794616596,3.6279449687901284,1.2238738126075168
2024-08-12,3.374842985120181,3.6066151839673415,1.1764621560094108
2024-08-13,3.394560606473067,3.640817888496234,1.1166078870409955
2024-08-14,3.5146432961104797,3.7331042878744842,1.2020531186178505
2024-08-16,3.650457423440055,3.839548269197888,1.3768601294424674
2024-08-19,3.6128320596590586,3.8497007038929913,1.3351061145969076
2024-08-20,3.6051023288615043,3.8608365733642587,1.3425547667341478
2024-08-21,3.6277027120720846,3.8652743734591426,1.3747283283506382
2024-08-22,3.5868325535851877,3.858899262683751,1.3636438924436287
2024-08-23,3.5777108002820093,3.802143958780973,1.4029505505602577
2024-08-26,3.6215241757586556,3.8182373423918667,1.504963291677205
2024-08-27,3.5641179533090375,3.7492835829366458,1.5046894759952625
2024-08-28,3.6041556129933383,3.8198033985775677,1.5033027843407725
2024-08-29,3.6071617340190856,3.7975185717703672,1.573671453167479
2024-08-30,3.7005046879167813,3.853422711306409,1.6210933069019513
2024-09-02,3.597087012176146,3.7785341268329824,1.6016232886352708
2024-09-03,3.5358666167950723,3.694990205561972,1.6008435854034793
2024-09-04,3.539965760615013,3.706043261808144,1.5570987500069933
2024-09-05,3.5010777927188896,3.681047509144427,1.5635904471492854
2024-09-06,3.5437756198460515,3.7121512349587773,1.5177307834927753
2024-09-09,3.5278681635749383,3.699788655600372,1.527384213434069
2024-09-10,3.5479168828866334,3.696650098931645,1.5444062472026614
2024-09-11,3.531873595130368,3.6844242705675256,1.5039681426611924
2024-09-12,3.687067213872099,3.7953447863861474,1.669839288925725
2024-09-13,3.605005964132665,3.7398836044927273,1.5924355653397895
2024-09-16,3.5973468835642395,3.7736415166327566,1.5649850928722138
2024-09-17,3.58989921089274,3.775193056897091,1.5576172838488345
2024-09-18,3.521479272489386,3.720391579323343,1.5313307593691237
2024-09-19,3.455424057467509,3.655962235060645,1.4992077601535765
2024-09-20,3.524489865288356,3.7168790697237912,1.5670477515629062
2024-09-23,3.567752317868831,3.7685514555331237,1.5451351018063304
2024-09-24,3.6697654959750095,3.862884029613266,1.546725405187054
2024-09-25,3.6687601891009693,3.854273653556355,1.536609663487359
2024-09-26,3.7336769135534427,3.9280579185623803,1.5830874547446059
2024-09-27,3.689891211379386,3.882220155069028,1.5395059763941463
2024-09-30,3.522015097182604,3.7070807541936666,1.4475627313731776
2024-10-01,3.583816700124971,3.7461375840818034,1.5358545467526548
2024-10-03,3.4859470873124327,3.6680820876757183,1.420873159409677
2024-10-04,3.386490673949729,3.5724748537998097,1.3742026888757075
2024-10-07,3.329279081941466,3.528921835887805,1.3063019013269932
2024-10-08,3.4289549623964324,3.669674127902295,1.372239241297604
2024-10-09,3.436733188842525,3.7359599657935094,1.3436945887028484
2024-10-10,3.4791791231732865,3.7396668664136583,1.424801651663002
2024-10-11,3.4391672172986523,3.761078651933346,1.3721493969085459
2024-10-14,3.4920290473630518,3.7787770111526258,1.46202142769324
2024-10-15,3.510150109563954,3.7928741182746815,1.4770235034840584
2024-10-16,3.395775485596518,3.6172502507280546,1.4101881630283268
2024-10-17,3.3048215619654835,3.5452730750940344,1.301483952983251
2024-10-18,3.368940204629251,3.59273725418751,1.3873878762938634
2024-10-21,3.3027908637824397,3.504551773433924,1.3005542803686283
2024-10-22,3.1277069067046224,3.3618151298701107,1.1582761913881379
2024-10-23,3.0725149628878285,3.3555912997148267,1.1536430414973662
2024-10-24,3.0323740960847725,3.331855035433663,1.1588469821435223
2024-10-25,2.9788246921240633,3.255691982878843,1.0974447989880631
2024-10-28,3.0194003842836485,3.2605449229426893,1.1151451203466138
2024-10-29,3.0739689098866227,3.3473840513420976,1.2069128449910842
2024-10-30,3.0568527234950698,3.297941495953759,1.1856175709244539
2024-10-31,3.0889797415422504,3.2994153789231033,1.1749572366891037
2024-11-01,3.2389983574235695,3.4093249292149927,1.309536930648393
2024-11-04,3.20417573768705,3.375184733283813,1.2733595822561052
2024-11-05,3.2953455096730315,3.3859776171271116,1.4478304146791354
2024-11-06,3.2988676671957786,3.353116301994289,1.4551434765623268
2024-11-07,3.1447078139459177,3.1218289196854343,1.3280185020543918
2024-11-08,3.175259041955576,3.0489042046405737,1.3362967545295512
2024-11-11,3.1997929793988935,3.0995354520197083,1.370158367074029
2024-11-12,3.0753785528546445,3.0418693875137075,1.2328680277550723
2024-11-13,2.9398751437322685,2.9614863319990414,1.0904009936398833
2024-11-14,2.8454721935827667,2.88193263764844,1.0154558523227564
2024-11-18,2.732760624951651,2.708877000285814,0.9924343559905916
2024-11-19,2.7514405842355436,2.727953576840195,0.9986605953060368
2024-11-21,2.7559315474551753,2.726505026904288,0.9630592042431304
2024-11-22,2.875184936665283,2.827201012364069,1.1101970575076976
2024-11-25,2.9172681635006215,2.852537834366814,1.1934416595897186
2024-11-26,2.84696591623781,2.7978192901907954,1.1032631883430175
2024-11-27,2.8634271093553547,2.856871637586487,1.0945821934664481
2024-11-28,2.691680938918484,2.732013285673868,0.9937731495875525
2024-11-29,2.783719265904839,2.7678528138685956,1.070588015158761
2024-12-02,2.8013778857929683,2.779579093464798,1.0806932537977691
2024-12-03,2.814544085992568,2.796302883188357,1.1223848719928404
2024-12-04,2.813262277011378,2.7819213857486305,1.1289716998384025
2024-12-05,2.896235884072321,2.8567184857973387,1.199329458519467
2024-12-06,2.862784008738776,2.8383519144950524,1.1567303333365175
2024-12-09,2.794583189868162,2.7881133753574843,1.0680227799041655
2024-12-10,2.67827991027011,2.66978215382656,1.0524649785839857
2024-12-11,2.663581400414873,2.693661890413854,1.0148650681636688
2024-12-12,2.546746974629298,2.6049400119541106,0.8487496809147834
2024-12-13,2.5760048776603637,2.59023750200106,0.8542988715310207
2024-12-16,2.4934560287806278,2.5499345889510727,0.7964819137630098
2024-12-17,2.392971927731513,2.493113751560704,0.7085842511836123
2024-12-18,2.378469895831909,2.5255359960896397,0.6443366984901578
2024-12-19,2.322376515976601,2.4660016977074233,0.5601763031314966
2024-12-20,2.2027760975322783,2.3241675354495515,0.4798108706163553
2024-12-23,2.1798852997168074,2.30754559516071,0.5223739837664529
2024-12-24,2.1419652865448295,2.290150952212015,0.4293795356768396
2024-12-26,2.094153202436078,2.2687941937219573,0.3455820684914127
2024-12-27,2.114892419031413,2.2937002352195908,0.3772063717519729
2024-12-30,2.0517934008798355,2.1967989940196717,0.3147992355128238
2024-12-31,2.1948602221793205,2.3520482507167433,0.4176517888424485
2025-01-01,2.176359665286131,2.325696702511795,0.4119125826736651
2025-01-02,2.198143524357126,2.393917363241116,0.5104572256239558
2025-01-03,2.1116261482104237,2.32812219430296,0.42525919391633527
2025-01-06,1.9681847626571736,2.1219370699964015,0.2385624115679579
2025-01-07,1.9187011387863264,2.056514227061571,0.22569326928887942
2025-01-08,1.8843070130552626,1.970862935926031,0.23542336647274184
2025-01-09,1.8971140944221374,1.9749593204407474,0.18329492426172872
2025-01-10,1.9291694816108458,1.9774250520698415,0.17947806582989959
2025-01-13,1.8285201041510843,1.7598500731547595,0.12320734205134275
2025-01-14,1.7904852533831754,1.7315936572905828,0.10457033990388266
2025-01-15,1.7968203647042296,1.791134760478046,0.09889990754914153
2025-01-16,1.8460818720668075,1.7871767566696684,0.1932004815458846
2025-01-17,1.8098948351421849,1.7513717672974052,0.1498573659979988
2025-01-20,1.7916825001860135,1.6915025480940278,0.16857850528560145
2025-01-21,1.7392493582488338,1.5333869191211136,0.0625023220179453
2025-01-22,1.7061346626229315,1.4519605534011615,0.022285211759257573
2025-01-23,1.6738509503961583,1.470855935362431,-0.027663273845767625
2025-01-24,1.6755093435272161,1.3985966636623572,-0.041205970795433505
2025-01-27,1.70673069872874,1.3737161973122294,0.02580698146274499
2025-01-28,1.6880484887046585,1.3711055136010275,0.10159893982843157
2025-01-29,1.6563487881711731,1.3803708754903528,0.1121934158432658
2025-01-30,1.8190412809310625,1.4737321461128245,0.26636567246056053
2025-01-31,1.788003302540108,1.5186726518455327,0.2734013679563575
2025-02-01,1.8291864747326245,1.6306293299700207,0.29932301225660507
2025-02-03,1.7336131320654882,1.5485154753361574,0.13475825783397247
2025-02-04,1.873677259424535,1.589330692529343,0.3212649896324249
2025-02-05,1.8223583705362227,1.5651083539664687,0.24100858449210985
2025-02-06,1.761881688141201,1.3551585490854123,0.22209431802293392
2025-02-07,1.7545797954653863,1.3861951892763595,0.15736438412388457
2025-02-10,1.7344144062595612,1.3279414298191898,0.12981908526824157
2025-02-11,1.6176479578243972,1.257580780944141,-0.017158016972002206
2025-02-12,1.4960278031847274,1.0289110904057654,-0.025743567006497405
2025-02-13,1.43326818062437,0.9315571832430951,0.03935452596898408
2025-02-14,1.433388292630922,0.9051909161984176,-0.013736099851106175
2025-02-17,1.4456023884777311,0.8875794117547079,0.050548481556796004
2025-02-18,1.3844685933294933,0.803771823216141,0.003883389307061132
2025-02-19,1.3299249065302774,0.7598887469917976,-0.03198743614254263
2025-02-20,1.274518796393558,0.7624639475631904,-0.06144824345493416
2025-02-21,1.1727195955171072,0.6608350872620439,-0.1408658639404857
2025-02-24,1.1114699964112158,0.6266823069162248,-0.2432858556547558
2025-02-25,1.0804427289215066,0.5826800447224925,-0.26940788120763975
2025-02-27,1.1547394466762848,0.5984590906740951,-0.22460959464984717
2025-02-28,0.9641528899610088,0.47741224090320655,-0.40817787947318956
2025-03-03,0.9705732692160233,0.5478528943759421,-0.4083928904183378
2025-03-04,0.9745750874027383,0.5930679880823515,-0.39126506441919645
2025-03-05,0.9724245910444236,0.6193555822832484,-0.332646912520851
2025-03-06,1.0589422790872152,0.6520819622347785,-0.18776755839293555
2025-03-07,1.0563154283725384,0.6444834722725895,-0.1955694643196066
2025-03-10,0.9924148521647503,0.5273786875705346,-0.34191384212683834
2025-03-11,0.9850059428081078,0.5866564862635818,-0.3514037171625255
2025-03-12,0.9739916838857431,0.6056666562071463,-0.34440305362796364
2025-03-13,0.919694662650008,0.5818873836366603,-0.4056262299849051
2025-03-17,0.8991862502496956,0.5927500177356722,-0.37594302710114064
2025-03-18,0.9405044099898218,0.5968101346295539,-0.22036572231686935
2025-03-19,1.0421645133420987,0.690270890116152,-0.19840815659637925
2025-03-20,1.3261633517392557,0.8677366667525552,-0.002505116809601751
2025-03-21,1.251787492390745,0.7589317638761766,-0.0016669573604853884
2025-03-24,1.3467606026703647,0.794509295745816,0.1318477315821169
2025-03-25,1.3391799306565497,0.8253050200430689,0.12449519398379326
2025-03-26,1.4535605399639593,0.9617527614516113,0.1469364980124565
2025-03-27,1.4581785313357725,0.989516780688664,0.17169152115921035
2025-03-28,1.3576450543324505,0.8876505810734726,0.09346819673596017
2025-04-01,1.2485112755388568,0.9294994707530844,-0.04106927410919944
2025-04-02,1.2987457582448545,0.9973708128638683,0.039496118370874425
2025-04-03,1.295318946424072,1.0020332870077182,-0.023827705436317882
2025-04-04,1.1398925422670019,0.854342071485634,-0.19370029081109122
2025-04-07,0.9272145856606526,0.4661791493903555,-0.4541519778146524
2025-04-08,0.9679853664761426,0.49632404357212545,-0.33284985881557005
2025-04-09,0.9230216894818458,0.4157700639594239,-0.3683711713629956
2025-04-11,0.976659776871232,0.485227219936304,-0.25950044618578255
2025-04-15,1.078113070687871,0.5938382687872047,-0.10944256663306558
2025-04-16,1.0676216773596565,0.6325626622882027,-0.12374077301315106
2025-04-17,1.133282024751535,0.7031665464847064,0.0019546766702057228
2025-04-21,1.1405384036349724,0.7503581595129944,0.04572154354765982
2025-04-22,1.1972542414598797,0.7462452850179317,0.1260689555300069
2025-04-23,1.3178200794370982,0.8342274265838493,0.2442995356547779
2025-04-24,1.294075624444298,0.8194886441176064,0.25921802592627136
2025-04-25,1.211407382215682,0.683817450269247,0.2477906662848599
2025-04-28,1.1996801349763144,0.6866819817304333,0.2816572441013344
2025-04-29,1.1778596181229088,0.7329199481993665,0.22701171409707913
2025-04-30,1.196377949173391,0.6763857191195153,0.21708844623756182
2025-05-02,1.1262763150546322,0.6212517466082433,0.2102547931377359
2025-05-05,1.1599075701794583,0.6661834735846938,0.19171991970218052
2025-05-06,1.2117941734199735,0.6490253540800167,0.21414420155448652
2025-05-07,1.184042133624494,0.6425194513235319,0.15735376823273364
2025-05-08,1.113331559100248,0.5775346051422233,0.13007103845756818
2025-05-09,1.0108500124181365,0.43795495215352503,0.0437720472722893
2025-05-12,1.2414287296852626,0.6616887067006182,0.33937021797015676
2025-05-13,1.1480833153783438,0.6146581549303284,0.25775016160317665
2025-05-14,1.1789352637381962,0.6629936954495611,0.3215690163548314
2025-05-15,1.2629293843127423,0.7447156615100706,0.4229396063078025
2025-05-16,1.3826079698031934,0.8350890001987259,0.5142119027939216
2025-05-19,1.3301620307150335,0.7891015478920446,0.466285960872903
2025-05-20,1.248045811600044,0.7352660170073726,0.38327233796690435
2025-05-21,1.2720432372967723,0.7211574786234602,0.3839093273547216
2025-05-22,1.2084384354931454,0.6628785874616557,0.33548214553819145
2025-05-23,1.153117532919716,0.6426535096862802,0.3401191233090938
2025-05-26,1.1524502157479957,0.6421868827015218,0.360371759928014
2025-05-27,1.0356480960194405,0.5734637943430358,0.297041292647843
2025-05-28,0.9775316290196499,0.5506869486440825,0.25832768900200737
2025-05-29,0.9183023228766749,0.5298091536824934,0.17515186528076224
2025-05-30,0.8572044634888893,0.49036085360810316,0.1565210513943739
2025-06-02,0.8959264973065904,0.5147552050831028,0.15455584363010366
2025-06-03,0.895347490643839,0.5322950440600308,0.12143204839443006
2025-06-04,0.9274387696668982,0.5040295406788095,0.19378176146714735
2025-06-05,1.0174809715842932,0.5957537954867648,0.2899480141388515
2025-06-06,1.0492284087823585,0.648950553563101,0.34306823840104944
2025-06-09,0.8854194209923766,0.5511227487874898,0.16238779240543863
2025-06-10,1.343887842183917,0.8238478625527583,0.6027964971950167
2025-06-11,1.0789567299668488,0.6088045313087769,0.38300732689651923
2025-06-12,0.9295691964779391,0.49904261878890316,0.24259342573253284
2025-06-13,0.746276622414251,0.38665177673765627,0.04098575485940529
2025-06-16,0.8397100144410046,0.44762600628917665,0.11940507790517298
2025-06-17,0.8099692633280571,0.43183410836823305,0.08978182994190377
2025-06-18,0.7535346884340941,0.4033801606742267,0.0588296149936931
2025-06-19,0.7164067238149877,0.37580153890917506,0.02897333454354327
2025-06-20,0.7541034343923476,0.38164052321578684,0.10311040958277815
2025-06-23,0.667927729669553,0.38226179562565876,0.03249048994984834
2025-06-24,0.7189438175970569,0.39859996126694147,0.06714100533106143
2025-06-25,0.7859915766774397,0.4325076208670904,0.11016409513249606
2025-06-26,0.8957714300666587,0.491564234955268,0.21917820181317418
2025-06-27,0.8568708935200869,0.4162094019850629,0.23321257588117353
2025-06-30,0.8492799481188452,0.492270839651608,0.1412247782546489
2025-07-01,0.8496341162242347,0.47700647036886434,0.10263225351981688
2025-07-02,0.80203787561564,0.4851882723174757,0.02279974849672268
2025-07-03,0.7832708101137036,0.43243706200433957,0.019254805241438265
2025-07-04,0.7239648077812947,0.20268200078610574,-0.004959569393538392
2025-07-07,0.7320100212544404,0.20038824572432062,0.0006685918501333886
2025-07-08,0.7052048349160365,0.18218849143888088,-0.03143006810201517
2025-07-09,0.6637539310551197,0.12898941509258136,-0.049642600489053605
2025-07-10,0.5885182214633081,0.08782866910187942,-0.09127896008910555
2025-07-11,0.5264475933168494,0.031520560613447386,-0.14988217549755983
2025-07-14,0.46893350343479157,-0.004207719526162858,-0.20394477651382723
2025-07-15,0.5841243363871971,0.06099047883118589,-0.13769883244384987
2025-07-16,0.5863713674484083,0.0445182710758462,-0.1303587675493266
2025-07-17,0.49272297762568734,0.025665979006639913,-0.21657071077199058
2025-07-18,0.4128625033010562,-0.024194972316211646,-0.28398867526839355
2025-07-21,0.4391071388375044,0.004039403432147062,-0.2555615144996595
2025-07-22,0.4672357893145981,0.10815448220551095,-0.3211411132257978
2025-07-23,0.6057436130037088,0.20187042382315365,-0.19422537409594784
2025-07-24,0.49854767981311765,0.08518203037958279,-0.23378488052860638
2025-07-25,0.4682356724334134,0.04498748681853401,-0.2904886778398524
2025-07-28,0.42827083357636814,0.0045281354476242085,-0.31683771815287615
2025-07-29,0.4137188909494938,-0.006107478673834321,-0.27246393185224466
2025-07-30,0.3054647957197335,-0.06601047861621832,-0.39516514460569724
2025-07-31,0.2471624416563129,-0.1434943569430418,-0.42132270245332865
2025-08-01,0.165413733536746,-0.1518920857944295,-0.48766594776259997
2025-08-04,0.17562941325734435,-0.1663898955675063,-0.4677995100689496
2025-08-05,0.1821304326946483,-0.12809819064664374,-0.5074496106087539
2025-08-06,0.28622868557633074,-0.005604917180055458,-0.44480108605699503
2025-08-07,0.4674304575197788,0.10747391893851786,-0.2438764513352656
2025-08-08,0.43344487017731465,0.13076750949152222,-0.2951212840230739
2025-08-11,0.33583603601876,0.04627604938579665,-0.32317037089817924
2025-08-12,0.29676700245915666,-0.023400064194012898,-0.2972808989769576
2025-08-13,0.17410675747428794,-0.2185612562917048,-0.33601805853498096
2025-08-14,0.16276232927519796,-0.2557953196681923,-0.3259214948661256
2025-08-18,0.2684706980993933,-0.16966499432485982,-0.1847989933927902
2025-08-19,0.2239924055349819,-0.2030343758589996,-0.1545006142636902
2025-08-20,0.12993890391706903,-0.28482002156434416,-0.2603879888676331
2025-08-21,0.10313594392782567,-0.33614161522891595,-0.2600673787121949
2025-08-22,0.038476725712212466,-0.387444949735942,-0.3641926112770569
2025-08-25,0.0443372241556894,-0.38927148028657654,-0.35617824143002774
2025-08-26,-0.0713714489362516,-0.5202771077579,-0.4459539968462589
2025-08-28,-0.18696578096171904,-0.5677141368018588,-0.5136305209937743
2025-08-29,-0.21142992106488973,-0.5493567960874816,-0.5949703959465138
2025-09-01,-0.11943735636496372,-0.44578707246653126,-0.5342564837292403
2025-09-02,-0.2374304679541535,-0.5808249957555881,-0.5588029909657323
2025-09-03,-0.16872579419209946,-0.5185028928490301,-0.5468900743414011
2025-09-04,-0.18813861547690003,-0.517480160665037,-0.5665280506111472
2025-09-05,-0.13075638403976758,-0.49393673045896924,-0.5774192112790859
2025-09-08,-0.15029821513553915,-0.5353148699576936,-0.5678486633121154
2025-09-09,-0.11882256956746602,-0.5746017315438061,-0.5140386733469228
2025-09-10,-0.03970477544354502,-0.5413174229550812,-0.46571479475020267
2025-09-11,0.03203278587797275,-0.5044918132870257,-0.3687067333741717
2025-09-12,0.038173449237321924,-0.5065874794593208,-0.3613858334808705
2025-09-15,-0.04256274210720073,-0.5394060097002882,-0.40721140959984553
2025-09-16,0.05724886178490415,-0.49658227389696286,-0.3178756728733219
2025-09-17,-0.041033546138769535,-0.5271197344854002,-0.43878964005581395
2025-09-18,0.010388530900312125,-0.5358546560963352,-0.4004068908265647
2025-09-19,-0.038041831645639165,-0.5935787989232193,-0.4377730730064951
2025-09-22,-0.10828318683013209,-0.6544888855747061,-0.48593123293560053
2025-09-23,-0.09383006238947308,-0.6719225765157609,-0.48356144629784775
2025-09-24,-0.10778892733063153,-0.6688980047630685,-0.5293220428339294
2025-09-25,-0.3351551237355951,-0.8224882977910624,-0.6975377743349361
2025-09-26,-0.5611081016913692,-0.9670956257212123,-0.8140375256820865
2025-09-29,-0.5782758877724341,-0.9628839540792109,-0.8206317247864623
2025-09-30,-0.6061682998625775,-0.9885083236141403,-0.8472295129382732
2025-10-01,-0.6360503190842013,-1.000698153892731,-0.8390487881744408
2025-10-03,-0.5457523225657515,-0.9560242715879032,-0.8099985466063575
2025-10-06,-0.37589728944338635,-0.8550976587541665,-0.6472929049883879
2025-10-07,-0.3623748064011181,-0.8895482804912546,-0.6336037224434129
2025-10-08,-0.2812777213609935,-0.8570812026230076,-0.4951574841471233
2025-10-09,-0.11829143059096738,-0.7519566796280551,-0.380040083778547
2025-10-10,-0.04641250982173158,-0.7327830607888213,-0.279368653195765
2025-10-13,-0.2617786117946542,-0.9828223370179336,-0.36738387237270226
2025-10-14,-0.32579485063053903,-1.0790600191665345,-0.38305387741943236
2025-10-15,-0.22716111346246004,-0.9609948276107046,-0.3318292193560546
2025-10-16,-0.1587635596420059,-0.9613993435878635,-0.23874887159419964
2025-10-17,-0.1292157335258305,-0.9285170087357705,-0.2521790171694796
2025-10-20,-0.08928037677956051,-0.9029366987135696,-0.189188521666295
2025-10-21,0.0006009515233939635,-0.8020656622048592,-0.15450257990341568
2025-10-23,0.09407478224792919,-0.7589867340337028,-0.07801109106862922
2025-10-24,0.039301201077100584,-0.7818545095502925,-0.14053104937351552
2025-10-27,0.09967891602990324,-0.7193186170927043,-0.06507233646428846
2025-10-28,0.2163575757700333,-0.6712361415345274,0.024227751135320046
2025-10-29,0.3067009887157516,-0.636878309320773,0.07196716516009057
2025-10-30,0.28027784017967267,-0.6527193182620733,0.030138271905542233
2025-10-31,0.3690817740340511,-0.5867726927926641,0.05345273170810582
2025-11-03,0.3121282908705807,-0.5776700594805642,0.014336449236088105
2025-11-04,0.2142582778826442,-0.6650753594527803,-0.07814596914019714
2025-11-06,0.1994264096625193,-0.6381927725826427,-0.06460581053338402
2025-11-07,0.21613314451344814,-0.6201521782302937,-0.025934133377915673
2025-11-10,0.15556531827686654,-0.7486829643077484,-0.03285120460271616
2025-11-11,0.33638223582319804,-0.6384676048491849,0.10589747038138099
2025-11-12,0.36006687167562845,-0.5864150208233021,0.08969341231466217
2025-11-13,0.2221045449867944,-0.6653351052350424,0.0015274685190559251
2025-11-14,0.42184232877661104,-0.46227571999867695,0.10468352232321632
2025-11-17,0.43004669255012196,-0.3940839788673849,0.15375308730833273
2025-11-18,0.3584186981836653,-0.4845238948934612,0.12400985496672692
2025-11-19,0.5033863412590468,-0.4413642553329436,0.25488647013878724
2025-11-20,0.6534806071432453,-0.3729038697491603,0.409872554450886
2025-11-21,0.6651336780286234,-0.37204537634069856,0.3802495827889249
2025-11-24,0.646539408099226,-0.36483410673084316,0.3735606515849453
2025-11-25,0.5333029307005042,-0.4442386032564624,0.3278497652936335
2025-11-26,0.5974577277047196,-0.41848518494126835,0.48483613813399384
2025-11-27,0.3883283303434595,-0.5714969690541286,0.30067507867103016
2025-11-28,0.2438203109597259,-0.6764542180183942,0.18951748871028803
2025-12-01,0.270945052926758,-0.6484420679626823,0.1902901218123735
2025-12-02,0.17229313288271123,-0.7426906251282839,0.11734375880934216
2025-12-03,0.2665039654905755,-0.7182912070686156,0.22726344982932606
2025-12-04,0.18162546509903427,-0.7429102296256785,0.16743814834726511
2025-12-05,0.13198843475386549,-0.7643115948644724,0.1662666983147004
2025-12-08,-0.009176073054445375,-0.8893664595861631,0.03189383125019067
2025-12-09,-0.029195405583293577,-0.8852732257870731,-0.010464018812769338
2025-12-10,-0.19103600421220018,-1.0054687686367925,-0.11923319818997577
2025-12-11,-0.134896270171867,-0.9910372793480657,-0.06320902131662949
2025-12-12,-0.09277349046580599,-0.9506136662954299,0.004545981810857284
2025-12-15,-0.06743794194924939,-0.9144448791720278,0.001284277033991961
2025-12-16,-0.12109372089862712,-0.981276200754191,-0.06299665867094215
2025-12-17,-0.1167857574238661,-0.9895346624462832,-0.04492217269851487
2025-12-18,-0.2887237164160979,-1.048871610827207,-0.12078455924800162
2025-12-19,-0.18072665021191978,-0.9887530721218555,-0.03816075770284425
2025-12-22,0.056859460299269166,-0.830663638145927,0.141288771857301
2025-12-23,0.07306107106421252,-0.8681045346666054,0.19035113275219723
2025-12-24,0.12034622066650073,-0.8024533094245297,0.2659544065881317
2025-12-26,0.2673626320117437,-0.6908435274184453,0.3649792160508637
2025-12-29,0.14662618749228884,-0.7929450905416452,0.27267702725990384
2025-12-30,0.17830484120070397,-0.8000572183316103,0.2808758708046597
2025-12-31,0.18989458789311314,-0.7768262838907911,0.334806654977892
2026-01-01,0.10340312554697488,-1.1628698498637773,0.3177624702818453
2026-01-02,0.26477347248057514,-1.0359174968255154,0.4372923577859864
2026-01-05,0.2086436080250863,-1.0796006095300377,0.41188071548142013
2026-01-06,0.16763486710537265,-1.1674663025229828,0.35347389998780493
2026-01-07,0.03011103070045737,-1.288948799102364,0.18378008623451406
2026-01-08,-0.04075799837598705,-1.313183776427642,0.162049632057955
2026-01-09,0.012143249705466949,-1.2113811399308292,0.238804401305843
2026-01-12,0.05063557010348386,-1.153324570686808,0.24116676885095284
2026-01-13,0.0029135471589169445,-1.1529962203746795,0.22858306868273734
2026-01-14,-0.045879876985155464,-1.1323747034262985,0.265951655480773
2026-01-15,-0.03513412538045262,-1.1061319875643973,0.3011934008913013
2026-01-16,0.09851870498737567,-0.9772964975149984,0.4427716545121618
2026-01-19,0.10942444331041733,-0.9580027405597261,0.37136803990328965
2026-01-20,-0.07676537684612544,-1.1080153468560516,0.23478789764261235
2026-01-21,-0.114362118234707,-1.108963958144775,0.17210356871421983
2026-01-22,-0.04788248175477656,-1.0603908062439833,0.2583034157912692
2026-01-23,-0.10522571828969791,-1.073662423318796,0.12213361921753879
2026-01-27,-0.027078935381894948,-0.9274322386184755,0.28672206700796965
2026-01-28,0.056713674009155515,-0.7639007123437734,0.29506563939926045
2026-01-29,0.004202185665638921,-0.8421215749308985,0.30239595711941
2026-01-30,0.05963914745084819,-0.74813141975484,0.31132396558802145
2026-02-02,0.18431771223898782,-0.6982739469970122,0.33127843456723644
2026-02-03,0.40509582134014455,-0.6083066051068992,0.49363720289702906
2026-02-04,0.3642777344807538,-0.6349108697711162,0.43423495461166467
2026-02-05,0.26385654436569556,-0.6514669848603032,0.357746134589811
2026-02-06,0.18449972981815738,-0.7865191822731404,0.2805841128005622
2026-02-09,0.22730568752430474,-0.86147536344289,0.3477655312976628
2026-02-10,0.3051747651744261,-0.8027777901277791,0.41494865942848586
2026-02-11,0.2426010951025886,-0.7202868436756995,0.28468777325018635
2026-02-12,0.20271835749703798,-0.7150359819305453,0.2510781406459649
2026-02-13,0.1523205786097543,-0.5931769937154251,0.1712169449582712
2026-02-16,0.19813276608317595,-0.6366412073054135,0.2580287878823818
2026-02-17,0.30687065072130143,-0.5143194991728843,0.3381043512533556
2026-02-18,0.4237195775071461,-0.4570203410271337,0.4868606912630883
2026-02-19,0.28419606562259403,-0.5394827677271024,0.37136567578420965
2026-02-20,0.3394491292650069,-0.5185651816635246,0.4157803953391911
2026-02-23,0.4585394185608007,-0.42044733249742766,0.5015125723652947
2026-02-24,0.3619087186657651,-0.47514413312143505,0.39183140529947286
2026-02-25,0.4665925863047323,-0.3974359499052273,0.4165432833619623
2026-02-26,0.5332573566977982,-0.3853680651997007,0.42589435548254734
2026-02-27,0.38119698779059463,-0.49415131149774577,0.3246837241546598
2026-03-02,0.38941467202620755,-0.4688787160133514,0.26126474327224164
2026-03-04,0.34129742976337585,-0.5270752705006448,0.2192059695998684
2026-03-05,0.43008553632801905,-0.41252010141577555,0.31809694164481495
2026-03-06,0.3993421723947546,-0.3664292510965746,0.21098908073327896
2026-03-09,0.4480425263880104,-0.3820510160333987,0.22278699413542413
2026-03-10,0.4570982859076799,-0.41625881954067223,0.30502166990053103
2026-03-11,0.35501823881756706,-0.5389399949557998,0.1817079440753594
2026-03-12,0.17971475005440032,-0.7063945695395031,0.008014374665050377
2026-03-13,-0.006693709602751215,-0.805410917337247,-0.2361378440123056
2026-03-16,0.03042066113969365,-0.7597156727243018,-0.14760192247544346
2026-03-17,0.11186918764649095,-0.6089677722199393,-0.05454472773591434
2026-03-18,0.1311718598975649,-0.6633306239431327,-0.00047066713904470975
2026-03-19,-0.05996114857365418,-0.8103676731115158,-0.24614612828502674
2026-03-20,-0.043576806610821806,-0.7918790260767062,-0.18234880732687597
2026-03-23,-0.2244725749394858,-1.0025432226578348,-0.4166018587499472
2026-03-24,-0.12826775041391314,-0.9378069001797279,-0.3901328019810623
2026-03-25,-0.1553969278078005,-0.9535076229541418,-0.2808871610123861
2026-03-27,-0.3605890877027524,-1.0807314602224223,-0.5285735155333493
2026-03-30,-0.5031906944667124,-1.1568933247811977,-0.7328490962106691
2026-04-01,-0.45565769734854294,-1.008340207579459,-0.7136663424138859
2026-04-02,-0.4530372650067772,-1.0389755316665519,-0.7058271622554135
2026-04-06,-0.3485213700609808,-0.9498484588080279,-0.5643925272753337
2026-04-07,-0.3179902873802397,-0.9735469455439184,-0.5470365616139564
2026-04-08,-0.1311730579008963,-0.8106764779824878,-0.23568469984617532
2026-04-09,-0.06272542184822613,-0.8656951643234203,-0.19522937603471208
2026-04-10,-0.038169423755662915,-0.8461889763497737,-0.1634568988058808
2026-04-13,-0.1054059729732462,-0.8903048601607333,-0.19968911397911093
2026-04-15,0.10337440611942393,-0.7206090394602519,0.02242141343134366
2026-04-16,0.29732485553488813,-0.352553254004537,0.2501328238232869
2026-04-17,0.25317768353396164,-0.3776455149533962,0.17503127480197994
2026-04-20,0.26629738931011476,-0.2889267695673295,0.22340936348733362
2026-04-21,0.20242648895973953,-0.3656184252252543,0.14723447030861786
2026-04-22,0.040951230272613305,-0.4915840855345395,-0.07656302480552774
2026-04-23,-0.0033704531816584546,-0.6186642732570593,-0.17457575137082817
2026-04-24,-0.19196962780469873,-0.7413731528899473,-0.39480006279695623
2026-04-27,-0.18915509755243345,-0.8623929102133162,-0.4207485451828121
2026-04-28,-0.21469625213342217,-0.8582552022925287,-0.4640795853552053
2026-04-29,-0.2212407121768059,-0.8665071120570085,-0.45717253606401775
2026-04-30,-0.23051390603006625,-0.9039153528203642,-0.48729443736221756
2026-05-01,-0.1669567631272321,-0.8035476403333772,-0.4236543057272997
2026-05-04,-0.21393851384442136,-0.8587928516791822,-0.4778752818900735
2026-05-05,-0.23449848746410049,-0.9488436944189304,-0.5072237396953124
2026-05-06,-0.21641886844369893,-0.8073469018598718,-0.4107639164950573
2026-05-07,-0.17133946025893196,-0.7775890167192345,-0.415979283833631
2026-05-08,-0.3037089899654399,-0.9287264284701531,-0.4979612096197022
2026-05-11,-0.3904618043783835,-0.956865808383382,-0.5817971122964571
2026-05-12,-0.5121623762436591,-1.0776997518297624,-0.7232486645476139
2026-05-13,-0.4204664830581691,-1.0085893432600166,-0.6704767523689922
2026-05-14,-0.3075364939150365,-0.8986673458111611,-0.500665480003122
2026-05-15,-0.5486971058656693,-1.1402674027698323,-0.8335684813304511
2026-05-18,-0.46478448279771445,-1.0988061503249156,-0.727830915784432
2026-05-19,-0.5399207104030631,-1.1455329456449574,-0.7667674147820672
2026-05-20,-0.6935832546182433,-1.2977450522167167,-0.8852776325967421
2026-05-21,-0.7042360151806275,-1.2845784023598477,-0.8734913012701709
2026-05-22,-0.7153810923195871,-1.2585605685673675,-0.8286098479610943
2026-05-25,-0.5578576047459594,-1.148951353838488,-0.641134963510351
2026-05-26,-0.7264481238952465,-1.2474536648284744,-0.7209994012995867
2026-05-27,-0.6412337003043613,-1.1784443205908217,-0.6600245792496143
2026-05-28,-0.6937982332708281,-1.232418933575191,-0.740153783402885
2026-05-29,-0.8625998398477347,-1.3619307448189844,-0.9006345483785675
2026-06-01,-0.8925672541127057,-1.4300338434247102,-0.9007518064591457
2026-06-02,-0.8370581308612622,-1.3932203659083426,-0.8432345958039106
2026-06-03,-0.9103130976639406,-1.4358315924060365,-0.8950495280003087
2026-06-04,-0.8703719098748967,-1.4109871440411859,-0.8654449243080639
2026-06-05,-0.9145161138629067,-1.451774041472301,-0.8712759639954264
2026-06-08,-0.889264698275422,-1.4497974122129604,-0.8962392441627592
2026-06-09,-0.940564625024957,-1.425315204304552,-0.8802251106214039
2026-06-10,-0.9893788736248584,-1.526061668613297,-0.9317727576090867
2026-06-11,-1.063207400899684,-1.6108644799231373,-1.0329363267017284
2026-06-12,-0.9849605455398204,-1.5795121869667488,-0.8971262754021759
2026-06-15,-0.9144718052992553,-1.4349947540521737,-0.8190356034262375
2026-06-16,-0.8482811712817608,-1.3980118789580744,-0.7858458843344611
2026-06-17,-0.6479223901010235,-1.156958386662551,-0.6784545316869816
2026-06-18,-0.5911406156091871,-1.082864663211612,-0.5996999539823883
2026-06-19,-0.7020286500626268,-1.1529257024985065,-0.7220623758809113
2026-06-22,-0.6573658190865669,-1.1222733408142263,-0.663939246295917
2026-06-23,-0.6998679492288407,-1.2148693160919017,-0.7380521344209587
2026-06-24,-0.6917095699639417,-1.179753465374343,-0.6665615852509553
2026-06-25,-0.8952998261279178,-1.3417151850429443,-0.7587807773352543
2026-06-26,-0.8838315148748734,-1.4296485729521555,-0.7159752719759787
2026-06-29,-0.8746804456098378,-1.3900069760816307,-0.7737496159465901
2026-06-30,-0.9645698670668724,-1.4206041052514307,-0.8635405896279479
2026-07-01,-1.0206119210467133,-1.4166685555629468,-0.9148214604244989
2026-07-02,-1.0498533104513479,-1.3846633985724575,-0.8856321055482493
2026-07-03,-1.0153210773407708,-1.4303083607642388,-0.8182651256766899
2026-07-06,-0.9852563902646123,-1.3843184342613775,-0.7735153401979123
2026-07-07,-0.999207202121583,-1.5601270805140428,-0.7568644276330229
2026-07-08,-1.1122318609260369,-1.6293208769238923,-0.8953076788916031
2026-07-09,-1.0623011139347776,-1.4230591056012862,-0.8859752252232908
2026-07-10,-1.0300789392056775,-1.38850869744425,-0.8051516670778204
2026-07-13,-1.0407819628665527,-1.3865296889183185,-0.8224391302623736
2026-07-14,-1.0470099759603717,-1.3893529221548468,-0.8578783225469198
2026-07-15,-1.0127334706540196,-1.388569753690384,-0.8135801902897173
2026-07-16,-0.9621473349798377,-1.343140877991404,-0.7547318057667876
2026-07-17,-0.8818453100558749,-1.2916050993710335,-0.6485032010859293
2026-07-20,-0.9510076198186684,-1.3004329764844222,-0.7133989044538488
2026-07-21,-0.9521829381871402,-1.3052760872885816,-0.7343059857994065
2026-07-22,-0.9438565698350324,-1.3253339911790922,-0.7633206879651844
2026-07-23,-0.8606474650650295,-1.2811693847048806,-0.7602207932566561
2026-07-24,-0.9439367753830726,-1.3227243636070034,-0.830585751018279
2026-07-27,-0.8929518911545246,-1.2659284751301958,-0.745932316178185
2026-07-28,-0.9932101823584812,-1.332653128252149,-0.7986585854442121
2026-07-29,-0.8661491462887951,-1.1805892771417428,-0.6648974750029414
2026-07-30,-0.7941605535519823,-1.112716462812568,-0.5766794399661608
